timestamp, power.draw [W], clocks.current.sm [MHz], clocks.current.memory [MHz], temperature.gpu, utilization.gpu [%], clocks_event_reasons.active, pstate
2026/09/24 20:22:45.794, 6.89 W, 210 MHz, 405 MHz, 55, 0 %, 0x0000000000000001, P8
2026/09/24 20:22:46.812, 4.03 W, 210 MHz, 405 MHz, 55, 2 %, 0x0000000000000001, P8
2026/09/24 20:22:47.817, 5.71 W, 210 MHz, 405 MHz, 55, 0 %, 0x0000000000000001, P8
2026/09/24 20:22:48.828, 5.76 W, 210 MHz, 405 MHz, 55, 0 %, 0x0000000000000001, P8
2026/09/24 20:22:49.834, 14.39 W, 1530 MHz, 7001 MHz, 56, 0 %, 0x0000000000000024, P3
2026/09/24 20:22:50.849, 14.14 W, 1530 MHz, 7001 MHz, 56, 0 %, 0x0000000000000024, P3
2026/09/24 20:22:51.856, 18.44 W, 1605 MHz, 7001 MHz, 57, 14 %, 0x0000000000000001, P3
2026/09/24 20:22:52.864, 28.43 W, 1995 MHz, 7801 MHz, 60, 64 %, 0x0000000000000000, P1
2026/09/24 20:22:53.878, 19.02 W, 1980 MHz, 7001 MHz, 58, 19 %, 0x0000000000000001, P3
2026/09/24 20:22:54.882, 14.61 W, 1530 MHz, 5501 MHz, 57, 10 %, 0x0000000000000001, P4
2026/09/24 20:22:55.891, 12.29 W, 870 MHz, 5501 MHz, 57, 22 %, 0x0000000000000001, P4
2026/09/24 20:22:56.898, 10.58 W, 705 MHz, 810 MHz, 56, 22 %, 0x0000000000000001, P5
2026/09/24 20:22:57.901, 10.55 W, 600 MHz, 810 MHz, 56, 38 %, 0x0000000000000001, P5
2026/09/24 20:22:58.910, 10.53 W, 825 MHz, 810 MHz, 56, 29 %, 0x0000000000000001, P5
2026/09/24 20:22:59.912, 10.53 W, 825 MHz, 810 MHz, 56, 25 %, 0x0000000000000001, P5
2026/09/24 20:23:00.914, 10.50 W, 630 MHz, 810 MHz, 56, 45 %, 0x0000000000000001, P5
2026/09/24 20:23:01.918, 10.53 W, 765 MHz, 810 MHz, 56, 37 %, 0x0000000000000001, P5
2026/09/24 20:23:02.925, 10.64 W, 840 MHz, 810 MHz, 56, 44 %, 0x0000000000000001, P5
2026/09/24 20:23:03.932, 10.61 W, 840 MHz, 810 MHz, 56, 37 %, 0x0000000000000001, P5
2026/09/24 20:23:04.944, 10.66 W, 915 MHz, 810 MHz, 56, 31 %, 0x0000000000000001, P5
2026/09/24 20:23:05.958, 10.63 W, 915 MHz, 810 MHz, 56, 19 %, 0x0000000000000001, P5
2026/09/24 20:23:06.958, 10.35 W, 570 MHz, 810 MHz, 56, 25 %, 0x0000000000000001, P5
2026/09/24 20:23:07.959, 10.32 W, 510 MHz, 810 MHz, 56, 28 %, 0x0000000000000001, P5
2026/09/24 20:23:08.964, 10.22 W, 465 MHz, 810 MHz, 56, 36 %, 0x0000000000000001, P5
2026/09/24 20:23:09.972, 10.24 W, 465 MHz, 810 MHz, 56, 39 %, 0x0000000000000001, P5
2026/09/24 20:23:10.977, 10.33 W, 540 MHz, 810 MHz, 56, 34 %, 0x0000000000000001, P5
2026/09/24 20:23:11.978, 10.44 W, 630 MHz, 810 MHz, 56, 43 %, 0x0000000000000001, P5
2026/09/24 20:23:12.991, 10.40 W, 630 MHz, 810 MHz, 56, 37 %, 0x0000000000000001, P5
2026/09/24 20:23:13.993, 10.40 W, 600 MHz, 810 MHz, 56, 40 %, 0x0000000000000001, P5
2026/09/24 20:23:14.999, 10.56 W, 900 MHz, 810 MHz, 56, 47 %, 0x0000000000000001, P5
2026/09/24 20:23:16.006, 10.60 W, 930 MHz, 810 MHz, 56, 13 %, 0x0000000000000001, P5
2026/09/24 20:23:17.020, 10.64 W, 660 MHz, 810 MHz, 57, 20 %, 0x0000000000000001, P5
2026/09/24 20:23:18.034, 10.43 W, 600 MHz, 810 MHz, 57, 36 %, 0x0000000000000001, P5
2026/09/24 20:23:19.044, 10.29 W, 510 MHz, 810 MHz, 57, 32 %, 0x0000000000000001, P5
2026/09/24 20:23:20.055, 10.34 W, 525 MHz, 810 MHz, 57, 31 %, 0x0000000000000001, P5
2026/09/24 20:23:21.058, 10.35 W, 525 MHz, 810 MHz, 57, 41 %, 0x0000000000000001, P5
2026/09/24 20:23:22.059, 10.34 W, 570 MHz, 810 MHz, 57, 34 %, 0x0000000000000001, P5
2026/09/24 20:23:23.067, 10.53 W, 540 MHz, 810 MHz, 57, 39 %, 0x0000000000000001, P5
2026/09/24 20:23:24.067, 10.38 W, 540 MHz, 810 MHz, 57, 32 %, 0x0000000000000001, P5
2026/09/24 20:23:25.068, 10.34 W, 540 MHz, 810 MHz, 57, 40 %, 0x0000000000000001, P5
2026/09/24 20:23:26.080, 10.27 W, 525 MHz, 810 MHz, 57, 35 %, 0x0000000000000001, P5
2026/09/24 20:23:27.086, 10.46 W, 675 MHz, 810 MHz, 57, 16 %, 0x0000000000000001, P5
2026/09/24 20:23:28.098, 10.47 W, 675 MHz, 810 MHz, 57, 27 %, 0x0000000000000001, P5
2026/09/24 20:23:29.104, 10.41 W, 570 MHz, 810 MHz, 57, 36 %, 0x0000000000000001, P5
2026/09/24 20:23:30.108, 10.26 W, 570 MHz, 810 MHz, 57, 19 %, 0x0000000000000001, P5
2026/09/24 20:23:31.110, 10.35 W, 540 MHz, 810 MHz, 57, 32 %, 0x0000000000000001, P5
2026/09/24 20:23:32.113, 10.33 W, 525 MHz, 810 MHz, 57, 45 %, 0x0000000000000001, P5
2026/09/24 20:23:33.116, 10.64 W, 765 MHz, 810 MHz, 57, 45 %, 0x0000000000000001, P5
2026/09/24 20:23:34.119, 10.69 W, 885 MHz, 810 MHz, 57, 44 %, 0x0000000000000001, P5
2026/09/24 20:23:35.127, 10.77 W, 960 MHz, 810 MHz, 57, 28 %, 0x0000000000000001, P5
2026/09/24 20:23:36.132, 10.76 W, 960 MHz, 810 MHz, 57, 38 %, 0x0000000000000001, P5
2026/09/24 20:23:37.134, 10.89 W, 1020 MHz, 810 MHz, 57, 34 %, 0x0000000000000001, P5
2026/09/24 20:23:38.144, 10.85 W, 915 MHz, 810 MHz, 57, 35 %, 0x0000000000000001, P5
2026/09/24 20:23:39.155, 10.59 W, 810 MHz, 810 MHz, 57, 28 %, 0x0000000000000001, P5
2026/09/24 20:23:40.157, 10.17 W, 705 MHz, 810 MHz, 57, 13 %, 0x0000000000000001, P5
2026/09/24 20:23:41.164, 10.36 W, 585 MHz, 810 MHz, 57, 29 %, 0x0000000000000001, P5
2026/09/24 20:23:42.168, 10.24 W, 510 MHz, 810 MHz, 57, 33 %, 0x0000000000000001, P5
2026/09/24 20:23:43.173, 10.48 W, 705 MHz, 810 MHz, 57, 29 %, 0x0000000000000001, P5
2026/09/24 20:23:44.174, 10.41 W, 705 MHz, 810 MHz, 57, 27 %, 0x0000000000000001, P5
2026/09/24 20:23:45.189, 10.31 W, 540 MHz, 810 MHz, 57, 43 %, 0x0000000000000001, P5
2026/09/24 20:23:46.192, 10.43 W, 690 MHz, 810 MHz, 57, 25 %, 0x0000000000000001, P5
2026/09/24 20:23:47.203, 10.46 W, 690 MHz, 810 MHz, 57, 38 %, 0x0000000000000001, P5
2026/09/24 20:23:48.209, 10.37 W, 600 MHz, 810 MHz, 57, 35 %, 0x0000000000000001, P5
2026/09/24 20:23:49.218, 10.28 W, 555 MHz, 810 MHz, 57, 23 %, 0x0000000000000001, P5
2026/09/24 20:23:50.231, 10.24 W, 480 MHz, 810 MHz, 57, 22 %, 0x0000000000000001, P5
2026/09/24 20:23:51.240, 10.29 W, 435 MHz, 810 MHz, 57, 50 %, 0x0000000000000001, P5
2026/09/24 20:23:52.253, 10.40 W, 585 MHz, 810 MHz, 57, 40 %, 0x0000000000000001, P5
2026/09/24 20:23:53.262, 10.41 W, 690 MHz, 810 MHz, 57, 27 %, 0x0000000000000001, P5
2026/09/24 20:23:54.274, 10.29 W, 525 MHz, 810 MHz, 57, 30 %, 0x0000000000000001, P5
2026/09/24 20:23:55.278, 10.43 W, 465 MHz, 810 MHz, 57, 34 %, 0x0000000000000001, P5
2026/09/24 20:23:56.289, 10.26 W, 525 MHz, 810 MHz, 57, 36 %, 0x0000000000000001, P5
2026/09/24 20:23:57.305, 10.30 W, 525 MHz, 810 MHz, 57, 29 %, 0x0000000000000001, P5
2026/09/24 20:23:58.316, 10.32 W, 495 MHz, 810 MHz, 57, 41 %, 0x0000000000000001, P5
2026/09/24 20:23:59.325, 10.37 W, 540 MHz, 810 MHz, 57, 37 %, 0x0000000000000001, P5
2026/09/24 20:24:00.338, 10.56 W, 750 MHz, 810 MHz, 57, 37 %, 0x0000000000000001, P5
2026/09/24 20:24:01.343, 10.48 W, 750 MHz, 810 MHz, 57, 20 %, 0x0000000000000001, P5
2026/09/24 20:24:02.354, 10.26 W, 495 MHz, 810 MHz, 57, 37 %, 0x0000000000000001, P5
2026/09/24 20:24:03.363, 10.37 W, 615 MHz, 810 MHz, 57, 29 %, 0x0000000000000001, P5
2026/09/24 20:24:04.374, 10.33 W, 615 MHz, 810 MHz, 57, 18 %, 0x0000000000000001, P5
2026/09/24 20:24:05.383, 10.27 W, 465 MHz, 810 MHz, 57, 43 %, 0x0000000000000001, P5
2026/09/24 20:24:06.389, 10.19 W, 435 MHz, 810 MHz, 57, 32 %, 0x0000000000000001, P5
2026/09/24 20:24:07.390, 8.69 W, 435 MHz, 810 MHz, 57, 45 %, 0x0000000000000001, P5
2026/09/24 20:24:08.397, 10.40 W, 660 MHz, 810 MHz, 57, 27 %, 0x0000000000000001, P5
2026/09/24 20:24:09.407, 10.43 W, 660 MHz, 810 MHz, 57, 41 %, 0x0000000000000001, P5
2026/09/24 20:24:10.408, 10.38 W, 660 MHz, 810 MHz, 57, 25 %, 0x0000000000000001, P5
2026/09/24 20:24:11.416, 10.36 W, 570 MHz, 810 MHz, 57, 34 %, 0x0000000000000001, P5
2026/09/24 20:24:12.423, 10.25 W, 480 MHz, 810 MHz, 57, 27 %, 0x0000000000000001, P5
2026/09/24 20:24:13.436, 10.26 W, 510 MHz, 810 MHz, 57, 26 %, 0x0000000000000001, P5
2026/09/24 20:24:14.438, 10.33 W, 510 MHz, 810 MHz, 57, 27 %, 0x0000000000000001, P5
2026/09/24 20:24:15.440, 7.86 W, 405 MHz, 405 MHz, 57, 42 %, 0x0000000000000001, P8
2026/09/24 20:24:16.453, 10.24 W, 435 MHz, 810 MHz, 57, 39 %, 0x0000000000000001, P5
2026/09/24 20:24:17.466, 10.30 W, 510 MHz, 810 MHz, 57, 30 %, 0x0000000000000001, P5
2026/09/24 20:24:18.469, 10.27 W, 465 MHz, 810 MHz, 57, 30 %, 0x0000000000000001, P5
2026/09/24 20:24:19.471, 10.30 W, 450 MHz, 810 MHz, 57, 48 %, 0x0000000000000001, P5
2026/09/24 20:24:20.481, 10.30 W, 510 MHz, 810 MHz, 57, 38 %, 0x0000000000000001, P5
2026/09/24 20:24:21.488, 10.27 W, 480 MHz, 810 MHz, 57, 42 %, 0x0000000000000001, P5
2026/09/24 20:24:22.491, 10.45 W, 585 MHz, 810 MHz, 57, 21 %, 0x0000000000000001, P5
2026/09/24 20:24:23.502, 10.37 W, 600 MHz, 810 MHz, 57, 32 %, 0x0000000000000001, P5
2026/09/24 20:24:24.512, 10.42 W, 600 MHz, 810 MHz, 57, 44 %, 0x0000000000000001, P5
2026/09/24 20:24:25.523, 10.33 W, 615 MHz, 810 MHz, 57, 27 %, 0x0000000000000001, P5
2026/09/24 20:24:26.523, 10.14 W, 450 MHz, 810 MHz, 57, 23 %, 0x0000000000000001, P5
2026/09/24 20:24:27.540, 7.91 W, 405 MHz, 405 MHz, 57, 38 %, 0x0000000000000001, P8
2026/09/24 20:24:28.551, 10.27 W, 525 MHz, 810 MHz, 57, 32 %, 0x0000000000000001, P5
2026/09/24 20:24:29.560, 10.31 W, 540 MHz, 810 MHz, 57, 40 %, 0x0000000000000001, P5
2026/09/24 20:24:30.562, 10.36 W, 540 MHz, 810 MHz, 57, 42 %, 0x0000000000000001, P5
2026/09/24 20:24:31.570, 10.27 W, 510 MHz, 810 MHz, 57, 31 %, 0x0000000000000001, P5
2026/09/24 20:24:32.573, 10.05 W, 405 MHz, 405 MHz, 57, 16 %, 0x0000000000000001, P8
2026/09/24 20:24:33.579, 10.10 W, 570 MHz, 810 MHz, 57, 19 %, 0x0000000000000001, P5
2026/09/24 20:24:34.592, 10.40 W, 570 MHz, 810 MHz, 57, 26 %, 0x0000000000000001, P5
2026/09/24 20:24:35.593, 10.41 W, 570 MHz, 810 MHz, 57, 45 %, 0x0000000000000001, P5
2026/09/24 20:24:36.599, 10.32 W, 570 MHz, 810 MHz, 57, 36 %, 0x0000000000000001, P5
2026/09/24 20:24:37.607, 10.48 W, 570 MHz, 810 MHz, 57, 44 %, 0x0000000000000001, P5
2026/09/24 20:24:38.619, 10.38 W, 570 MHz, 810 MHz, 57, 29 %, 0x0000000000000001, P5
2026/09/24 20:24:39.628, 10.42 W, 510 MHz, 810 MHz, 57, 29 %, 0x0000000000000001, P5
2026/09/24 20:24:40.630, 10.34 W, 465 MHz, 810 MHz, 57, 36 %, 0x0000000000000001, P5
2026/09/24 20:24:41.636, 10.41 W, 450 MHz, 810 MHz, 57, 48 %, 0x0000000000000001, P5
2026/09/24 20:24:42.640, 10.46 W, 585 MHz, 810 MHz, 57, 33 %, 0x0000000000000001, P5
2026/09/24 20:24:43.643, 10.34 W, 585 MHz, 810 MHz, 57, 24 %, 0x0000000000000001, P5
2026/09/24 20:24:44.644, 10.27 W, 435 MHz, 810 MHz, 57, 44 %, 0x0000000000000001, P5
2026/09/24 20:24:45.645, 10.28 W, 465 MHz, 810 MHz, 57, 34 %, 0x0000000000000001, P5
2026/09/24 20:24:46.653, 10.29 W, 495 MHz, 810 MHz, 57, 31 %, 0x0000000000000001, P5
2026/09/24 20:24:47.663, 10.32 W, 495 MHz, 810 MHz, 57, 17 %, 0x0000000000000001, P5
2026/09/24 20:24:48.664, 10.26 W, 420 MHz, 810 MHz, 57, 38 %, 0x0000000000000001, P5
2026/09/24 20:24:49.666, 10.37 W, 585 MHz, 810 MHz, 57, 38 %, 0x0000000000000001, P5
2026/09/24 20:24:50.667, 10.45 W, 630 MHz, 810 MHz, 57, 40 %, 0x0000000000000001, P5
2026/09/24 20:24:51.667, 10.66 W, 855 MHz, 810 MHz, 57, 34 %, 0x0000000000000001, P5
2026/09/24 20:24:52.674, 10.66 W, 855 MHz, 810 MHz, 57, 39 %, 0x0000000000000001, P5
2026/09/24 20:24:53.681, 10.56 W, 720 MHz, 810 MHz, 57, 37 %, 0x0000000000000001, P5
2026/09/24 20:24:54.688, 10.42 W, 690 MHz, 810 MHz, 57, 35 %, 0x0000000000000001, P5
2026/09/24 20:24:55.693, 10.53 W, 780 MHz, 810 MHz, 57, 43 %, 0x0000000000000001, P5
2026/09/24 20:24:56.700, 10.53 W, 840 MHz, 810 MHz, 57, 19 %, 0x0000000000000001, P5
2026/09/24 20:24:57.715, 10.45 W, 600 MHz, 810 MHz, 57, 14 %, 0x0000000000000001, P5
2026/09/24 20:24:58.719, 10.23 W, 495 MHz, 810 MHz, 57, 19 %, 0x0000000000000001, P5
2026/09/24 20:24:59.729, 10.38 W, 510 MHz, 810 MHz, 57, 34 %, 0x0000000000000001, P5
2026/09/24 20:25:00.741, 10.37 W, 510 MHz, 810 MHz, 57, 30 %, 0x0000000000000001, P5
2026/09/24 20:25:01.745, 7.90 W, 375 MHz, 405 MHz, 57, 31 %, 0x0000000000000001, P8
2026/09/24 20:25:02.759, 7.93 W, 390 MHz, 405 MHz, 57, 42 %, 0x0000000000000001, P8
2026/09/24 20:25:03.773, 10.19 W, 420 MHz, 810 MHz, 57, 37 %, 0x0000000000000001, P5
2026/09/24 20:25:04.781, 10.28 W, 435 MHz, 810 MHz, 57, 39 %, 0x0000000000000001, P5
2026/09/24 20:25:05.784, 10.37 W, 570 MHz, 810 MHz, 57, 42 %, 0x0000000000000001, P5
2026/09/24 20:25:06.799, 10.51 W, 615 MHz, 810 MHz, 57, 42 %, 0x0000000000000001, P5
2026/09/24 20:25:07.808, 10.44 W, 615 MHz, 810 MHz, 57, 28 %, 0x0000000000000001, P5
2026/09/24 20:25:08.811, 10.27 W, 480 MHz, 810 MHz, 57, 26 %, 0x0000000000000001, P5
2026/09/24 20:25:09.812, 7.84 W, 405 MHz, 405 MHz, 57, 25 %, 0x0000000000000001, P8
2026/09/24 20:25:10.819, 7.81 W, 360 MHz, 405 MHz, 57, 25 %, 0x0000000000000001, P8
2026/09/24 20:25:11.831, 7.85 W, 375 MHz, 405 MHz, 57, 25 %, 0x0000000000000001, P8
2026/09/24 20:25:12.845, 7.84 W, 405 MHz, 405 MHz, 57, 38 %, 0x0000000000000001, P8
2026/09/24 20:25:13.856, 7.86 W, 405 MHz, 405 MHz, 57, 39 %, 0x0000000000000001, P8
2026/09/24 20:25:14.861, 7.84 W, 405 MHz, 405 MHz, 57, 30 %, 0x0000000000000001, P8
2026/09/24 20:25:15.875, 10.27 W, 450 MHz, 810 MHz, 57, 39 %, 0x0000000000000001, P5
2026/09/24 20:25:16.890, 10.33 W, 495 MHz, 810 MHz, 57, 35 %, 0x0000000000000001, P5
2026/09/24 20:25:17.899, 10.31 W, 495 MHz, 810 MHz, 57, 34 %, 0x0000000000000001, P5
2026/09/24 20:25:18.912, 10.29 W, 525 MHz, 810 MHz, 57, 31 %, 0x0000000000000001, P5
2026/09/24 20:25:19.921, 10.36 W, 435 MHz, 810 MHz, 57, 30 %, 0x0000000000000001, P5
2026/09/24 20:25:20.924, 7.82 W, 375 MHz, 405 MHz, 57, 20 %, 0x0000000000000001, P8
2026/09/24 20:25:21.927, 7.80 W, 330 MHz, 405 MHz, 57, 28 %, 0x0000000000000001, P8
2026/09/24 20:25:22.937, 7.88 W, 420 MHz, 810 MHz, 57, 46 %, 0x0000000000000001, P5
2026/09/24 20:25:23.950, 10.35 W, 600 MHz, 810 MHz, 57, 26 %, 0x0000000000000001, P5
2026/09/24 20:25:24.963, 10.32 W, 600 MHz, 810 MHz, 57, 25 %, 0x0000000000000001, P5
2026/09/24 20:25:25.975, 10.24 W, 435 MHz, 810 MHz, 57, 28 %, 0x0000000000000001, P5
2026/09/24 20:25:26.990, 10.28 W, 495 MHz, 810 MHz, 57, 24 %, 0x0000000000000001, P5
2026/09/24 20:25:27.997, 10.21 W, 465 MHz, 810 MHz, 57, 29 %, 0x0000000000000001, P5
2026/09/24 20:25:29.006, 10.26 W, 480 MHz, 810 MHz, 57, 34 %, 0x0000000000000001, P5
2026/09/24 20:25:30.021, 10.27 W, 480 MHz, 810 MHz, 57, 28 %, 0x0000000000000001, P5
2026/09/24 20:25:31.021, 10.38 W, 645 MHz, 810 MHz, 57, 23 %, 0x0000000000000001, P5
2026/09/24 20:25:32.029, 10.53 W, 645 MHz, 810 MHz, 57, 27 %, 0x0000000000000001, P5
2026/09/24 20:25:33.037, 10.24 W, 465 MHz, 810 MHz, 57, 28 %, 0x0000000000000001, P5
2026/09/24 20:25:34.040, 9.14 W, 405 MHz, 405 MHz, 57, 47 %, 0x0000000000000001, P8
2026/09/24 20:25:35.055, 10.24 W, 480 MHz, 810 MHz, 57, 34 %, 0x0000000000000001, P5
2026/09/24 20:25:36.056, 10.32 W, 480 MHz, 810 MHz, 57, 34 %, 0x0000000000000001, P5
2026/09/24 20:25:37.068, 10.22 W, 450 MHz, 810 MHz, 57, 43 %, 0x0000000000000001, P5
2026/09/24 20:25:38.083, 10.23 W, 465 MHz, 810 MHz, 57, 28 %, 0x0000000000000001, P5
2026/09/24 20:25:39.090, 8.06 W, 405 MHz, 405 MHz, 57, 35 %, 0x0000000000000001, P8
2026/09/24 20:25:40.104, 10.26 W, 510 MHz, 810 MHz, 57, 20 %, 0x0000000000000001, P5
2026/09/24 20:25:41.106, 10.26 W, 510 MHz, 810 MHz, 57, 26 %, 0x0000000000000001, P5
2026/09/24 20:25:42.122, 10.17 W, 420 MHz, 810 MHz, 57, 37 %, 0x0000000000000001, P5
2026/09/24 20:25:43.135, 10.17 W, 420 MHz, 810 MHz, 57, 30 %, 0x0000000000000001, P5
2026/09/24 20:25:44.137, 7.93 W, 390 MHz, 405 MHz, 57, 33 %, 0x0000000000000001, P8
2026/09/24 20:25:45.147, 10.30 W, 540 MHz, 810 MHz, 57, 29 %, 0x0000000000000001, P5
2026/09/24 20:25:46.155, 10.36 W, 615 MHz, 810 MHz, 57, 26 %, 0x0000000000000001, P5
2026/09/24 20:25:47.160, 10.53 W, 615 MHz, 810 MHz, 57, 46 %, 0x0000000000000001, P5
2026/09/24 20:25:48.169, 10.46 W, 675 MHz, 810 MHz, 57, 29 %, 0x0000000000000001, P5
2026/09/24 20:25:49.172, 10.63 W, 750 MHz, 810 MHz, 57, 39 %, 0x0000000000000001, P5
2026/09/24 20:25:50.175, 10.52 W, 765 MHz, 810 MHz, 57, 40 %, 0x0000000000000001, P5
2026/09/24 20:25:51.179, 10.55 W, 765 MHz, 810 MHz, 57, 39 %, 0x0000000000000001, P5
2026/09/24 20:25:52.184, 10.41 W, 645 MHz, 810 MHz, 57, 19 %, 0x0000000000000001, P5
2026/09/24 20:25:53.198, 10.32 W, 540 MHz, 810 MHz, 57, 26 %, 0x0000000000000001, P5
2026/09/24 20:25:54.203, 10.32 W, 480 MHz, 810 MHz, 57, 25 %, 0x0000000000000001, P5
2026/09/24 20:25:55.213, 9.45 W, 405 MHz, 405 MHz, 57, 34 %, 0x0000000000000001, P8
2026/09/24 20:25:56.219, 10.25 W, 435 MHz, 810 MHz, 57, 35 %, 0x0000000000000001, P5
2026/09/24 20:25:57.220, 10.34 W, 480 MHz, 810 MHz, 57, 43 %, 0x0000000000000001, P5
2026/09/24 20:25:58.225, 10.25 W, 480 MHz, 810 MHz, 57, 37 %, 0x0000000000000001, P5
2026/09/24 20:25:59.233, 10.34 W, 540 MHz, 810 MHz, 57, 43 %, 0x0000000000000001, P5
2026/09/24 20:26:00.242, 10.38 W, 540 MHz, 810 MHz, 57, 44 %, 0x0000000000000001, P5
2026/09/24 20:26:01.252, 10.27 W, 480 MHz, 810 MHz, 57, 25 %, 0x0000000000000001, P5
2026/09/24 20:26:02.265, 10.42 W, 435 MHz, 810 MHz, 57, 27 %, 0x0000000000000001, P5
2026/09/24 20:26:03.277, 10.21 W, 450 MHz, 810 MHz, 57, 39 %, 0x0000000000000001, P5
2026/09/24 20:26:04.283, 10.23 W, 450 MHz, 810 MHz, 57, 47 %, 0x0000000000000001, P5
2026/09/24 20:26:05.284, 7.89 W, 405 MHz, 405 MHz, 56, 22 %, 0x0000000000000001, P8
2026/09/24 20:26:06.292, 7.85 W, 375 MHz, 405 MHz, 56, 23 %, 0x0000000000000001, P8
2026/09/24 20:26:07.305, 7.75 W, 330 MHz, 405 MHz, 57, 37 %, 0x0000000000000001, P8
2026/09/24 20:26:08.317, 7.77 W, 345 MHz, 405 MHz, 57, 35 %, 0x0000000000000001, P8
2026/09/24 20:26:09.321, 7.87 W, 360 MHz, 405 MHz, 57, 41 %, 0x0000000000000001, P8
2026/09/24 20:26:10.332, 10.26 W, 495 MHz, 810 MHz, 57, 33 %, 0x0000000000000001, P5
2026/09/24 20:26:11.334, 10.26 W, 495 MHz, 810 MHz, 57, 30 %, 0x0000000000000001, P5
2026/09/24 20:26:12.339, 10.27 W, 450 MHz, 810 MHz, 57, 38 %, 0x0000000000000001, P5
2026/09/24 20:26:13.347, 10.37 W, 675 MHz, 810 MHz, 57, 40 %, 0x0000000000000001, P5
2026/09/24 20:26:14.352, 10.51 W, 690 MHz, 810 MHz, 57, 38 %, 0x0000000000000001, P5
2026/09/24 20:26:15.359, 10.55 W, 750 MHz, 810 MHz, 57, 30 %, 0x0000000000000001, P5
2026/09/24 20:26:16.367, 10.32 W, 510 MHz, 810 MHz, 57, 25 %, 0x0000000000000001, P5
2026/09/24 20:26:17.370, 10.36 W, 465 MHz, 810 MHz, 57, 39 %, 0x0000000000000001, P5
2026/09/24 20:26:18.377, 10.23 W, 525 MHz, 810 MHz, 57, 23 %, 0x0000000000000001, P5
2026/09/24 20:26:19.385, 10.39 W, 615 MHz, 810 MHz, 57, 27 %, 0x0000000000000001, P5
2026/09/24 20:26:20.390, 10.43 W, 645 MHz, 810 MHz, 57, 29 %, 0x0000000000000001, P5
2026/09/24 20:26:21.397, 10.42 W, 645 MHz, 810 MHz, 57, 39 %, 0x0000000000000001, P5
2026/09/24 20:26:22.402, 10.47 W, 690 MHz, 810 MHz, 57, 37 %, 0x0000000000000001, P5
2026/09/24 20:26:23.404, 10.48 W, 690 MHz, 810 MHz, 56, 44 %, 0x0000000000000001, P5
2026/09/24 20:26:24.419, 10.46 W, 765 MHz, 810 MHz, 56, 30 %, 0x0000000000000001, P5
2026/09/24 20:26:25.431, 10.41 W, 765 MHz, 810 MHz, 56, 31 %, 0x0000000000000001, P5
2026/09/24 20:26:26.441, 10.31 W, 600 MHz, 810 MHz, 56, 19 %, 0x0000000000000001, P5
2026/09/24 20:26:27.447, 10.21 W, 525 MHz, 810 MHz, 56, 17 %, 0x0000000000000001, P5
2026/09/24 20:26:28.457, 10.18 W, 420 MHz, 810 MHz, 56, 30 %, 0x0000000000000001, P5
2026/09/24 20:26:29.463, 7.85 W, 390 MHz, 405 MHz, 56, 36 %, 0x0000000000000001, P8
2026/09/24 20:26:30.479, 10.15 W, 420 MHz, 810 MHz, 56, 34 %, 0x0000000000000001, P5
2026/09/24 20:26:31.487, 10.16 W, 420 MHz, 810 MHz, 56, 27 %, 0x0000000000000001, P5
2026/09/24 20:26:32.502, 7.84 W, 375 MHz, 405 MHz, 56, 32 %, 0x0000000000000001, P8
2026/09/24 20:26:33.517, 9.69 W, 420 MHz, 810 MHz, 56, 35 %, 0x0000000000000001, P5
2026/09/24 20:26:34.523, 10.33 W, 675 MHz, 810 MHz, 56, 28 %, 0x0000000000000001, P5
2026/09/24 20:26:35.532, 10.50 W, 765 MHz, 810 MHz, 56, 35 %, 0x0000000000000001, P5
2026/09/24 20:26:36.538, 10.60 W, 765 MHz, 810 MHz, 56, 24 %, 0x0000000000000001, P5
2026/09/24 20:26:37.550, 10.29 W, 555 MHz, 810 MHz, 56, 25 %, 0x0000000000000001, P5
2026/09/24 20:26:38.557, 10.24 W, 465 MHz, 810 MHz, 56, 25 %, 0x0000000000000001, P5
2026/09/24 20:26:39.572, 10.10 W, 405 MHz, 405 MHz, 56, 19 %, 0x0000000000000001, P8
2026/09/24 20:26:40.577, 7.84 W, 405 MHz, 405 MHz, 56, 38 %, 0x0000000000000001, P8
2026/09/24 20:26:41.579, 10.33 W, 510 MHz, 810 MHz, 57, 38 %, 0x0000000000000001, P5
2026/09/24 20:26:42.580, 10.32 W, 510 MHz, 810 MHz, 57, 45 %, 0x0000000000000001, P5
2026/09/24 20:26:43.583, 10.41 W, 615 MHz, 810 MHz, 57, 29 %, 0x0000000000000001, P5
2026/09/24 20:26:44.591, 10.36 W, 615 MHz, 810 MHz, 57, 27 %, 0x0000000000000001, P5
2026/09/24 20:26:45.600, 10.21 W, 480 MHz, 810 MHz, 57, 42 %, 0x0000000000000001, P5
2026/09/24 20:26:46.614, 10.22 W, 450 MHz, 810 MHz, 56, 37 %, 0x0000000000000001, P5
2026/09/24 20:26:47.626, 7.86 W, 390 MHz, 405 MHz, 56, 33 %, 0x0000000000000001, P8
2026/09/24 20:26:48.634, 10.11 W, 420 MHz, 810 MHz, 57, 27 %, 0x0000000000000001, P5
2026/09/24 20:26:49.635, 10.13 W, 420 MHz, 810 MHz, 57, 30 %, 0x0000000000000001, P5
2026/09/24 20:26:50.635, 7.78 W, 345 MHz, 405 MHz, 57, 35 %, 0x0000000000000001, P8
2026/09/24 20:26:51.638, 7.83 W, 375 MHz, 405 MHz, 57, 35 %, 0x0000000000000001, P8
2026/09/24 20:26:52.640, 10.22 W, 435 MHz, 810 MHz, 57, 47 %, 0x0000000000000001, P5
2026/09/24 20:26:53.651, 10.21 W, 495 MHz, 810 MHz, 57, 28 %, 0x0000000000000001, P5
2026/09/24 20:26:54.659, 10.27 W, 495 MHz, 810 MHz, 57, 41 %, 0x0000000000000001, P5
2026/09/24 20:26:55.665, 10.42 W, 630 MHz, 810 MHz, 57, 41 %, 0x0000000000000001, P5
2026/09/24 20:26:56.674, 10.48 W, 705 MHz, 810 MHz, 57, 40 %, 0x0000000000000001, P5
2026/09/24 20:26:57.680, 10.52 W, 825 MHz, 810 MHz, 57, 31 %, 0x0000000000000001, P5
2026/09/24 20:26:58.685, 10.36 W, 825 MHz, 810 MHz, 57, 12 %, 0x0000000000000001, P5
2026/09/24 20:26:59.686, 10.32 W, 570 MHz, 810 MHz, 57, 28 %, 0x0000000000000001, P5
2026/09/24 20:27:00.701, 10.20 W, 480 MHz, 810 MHz, 57, 21 %, 0x0000000000000001, P5
2026/09/24 20:27:01.708, 10.15 W, 420 MHz, 810 MHz, 57, 31 %, 0x0000000000000001, P5
2026/09/24 20:27:02.713, 7.82 W, 390 MHz, 405 MHz, 57, 22 %, 0x0000000000000001, P8
2026/09/24 20:27:03.720, 7.94 W, 405 MHz, 405 MHz, 57, 48 %, 0x0000000000000001, P8
2026/09/24 20:27:04.724, 10.22 W, 510 MHz, 810 MHz, 57, 31 %, 0x0000000000000001, P5
2026/09/24 20:27:05.738, 10.23 W, 450 MHz, 810 MHz, 57, 35 %, 0x0000000000000001, P5
2026/09/24 20:27:06.743, 10.26 W, 510 MHz, 810 MHz, 57, 44 %, 0x0000000000000001, P5
2026/09/24 20:27:07.753, 10.26 W, 525 MHz, 810 MHz, 57, 43 %, 0x0000000000000001, P5
2026/09/24 20:27:08.760, 10.32 W, 570 MHz, 810 MHz, 57, 29 %, 0x0000000000000001, P5
2026/09/24 20:27:09.775, 10.27 W, 525 MHz, 810 MHz, 56, 26 %, 0x0000000000000001, P5
2026/09/24 20:27:10.776, 10.26 W, 480 MHz, 810 MHz, 56, 29 %, 0x0000000000000001, P5
2026/09/24 20:27:11.788, 10.20 W, 510 MHz, 810 MHz, 56, 22 %, 0x0000000000000001, P5
2026/09/24 20:27:12.788, 10.22 W, 510 MHz, 810 MHz, 56, 22 %, 0x0000000000000001, P5
2026/09/24 20:27:13.801, 7.84 W, 405 MHz, 405 MHz, 56, 36 %, 0x0000000000000001, P8
2026/09/24 20:27:14.813, 10.20 W, 420 MHz, 810 MHz, 56, 36 %, 0x0000000000000001, P5
2026/09/24 20:27:15.827, 10.13 W, 420 MHz, 810 MHz, 56, 27 %, 0x0000000000000001, P5
2026/09/24 20:27:16.838, 7.79 W, 390 MHz, 405 MHz, 56, 38 %, 0x0000000000000001, P8
2026/09/24 20:27:17.850, 10.26 W, 570 MHz, 810 MHz, 56, 29 %, 0x0000000000000001, P5
2026/09/24 20:27:18.859, 10.28 W, 570 MHz, 810 MHz, 56, 31 %, 0x0000000000000001, P5
2026/09/24 20:27:19.867, 10.25 W, 510 MHz, 810 MHz, 56, 36 %, 0x0000000000000001, P5
2026/09/24 20:27:20.877, 10.28 W, 570 MHz, 810 MHz, 56, 34 %, 0x0000000000000001, P5
2026/09/24 20:27:21.884, 10.31 W, 600 MHz, 810 MHz, 56, 35 %, 0x0000000000000001, P5
2026/09/24 20:27:22.895, 10.34 W, 600 MHz, 810 MHz, 56, 32 %, 0x0000000000000001, P5
2026/09/24 20:27:23.899, 10.30 W, 570 MHz, 810 MHz, 56, 34 %, 0x0000000000000001, P5
2026/09/24 20:27:24.902, 10.36 W, 555 MHz, 810 MHz, 56, 38 %, 0x0000000000000001, P5
2026/09/24 20:27:25.903, 10.37 W, 645 MHz, 810 MHz, 56, 37 %, 0x0000000000000001, P5
2026/09/24 20:27:26.903, 10.37 W, 645 MHz, 810 MHz, 56, 38 %, 0x0000000000000001, P5
2026/09/24 20:27:27.910, 10.36 W, 645 MHz, 810 MHz, 56, 35 %, 0x0000000000000001, P5
2026/09/24 20:27:28.914, 10.34 W, 645 MHz, 810 MHz, 56, 31 %, 0x0000000000000001, P5
2026/09/24 20:27:29.921, 10.36 W, 660 MHz, 810 MHz, 56, 27 %, 0x0000000000000001, P5
2026/09/24 20:27:30.922, 10.38 W, 660 MHz, 810 MHz, 56, 38 %, 0x0000000000000001, P5
2026/09/24 20:27:31.924, 10.28 W, 600 MHz, 810 MHz, 56, 23 %, 0x0000000000000001, P5
2026/09/24 20:27:32.933, 10.19 W, 480 MHz, 810 MHz, 56, 26 %, 0x0000000000000001, P5
2026/09/24 20:27:33.942, 7.89 W, 405 MHz, 405 MHz, 56, 28 %, 0x0000000000000001, P8
2026/09/24 20:27:34.943, 7.76 W, 345 MHz, 405 MHz, 56, 40 %, 0x0000000000000001, P8
2026/09/24 20:27:35.957, 10.18 W, 420 MHz, 810 MHz, 56, 39 %, 0x0000000000000001, P5
2026/09/24 20:27:36.965, 10.14 W, 420 MHz, 810 MHz, 56, 35 %, 0x0000000000000001, P5
2026/09/24 20:27:37.972, 10.24 W, 540 MHz, 810 MHz, 56, 32 %, 0x0000000000000001, P5
2026/09/24 20:27:38.983, 10.31 W, 585 MHz, 810 MHz, 56, 39 %, 0x0000000000000001, P5
2026/09/24 20:27:39.988, 10.40 W, 645 MHz, 810 MHz, 56, 36 %, 0x0000000000000001, P5
2026/09/24 20:27:40.996, 10.40 W, 645 MHz, 810 MHz, 56, 41 %, 0x0000000000000001, P5
2026/09/24 20:27:42.001, 10.46 W, 645 MHz, 810 MHz, 56, 47 %, 0x0000000000000001, P5
2026/09/24 20:27:43.008, 10.41 W, 705 MHz, 810 MHz, 56, 38 %, 0x0000000000000001, P5
2026/09/24 20:27:44.010, 10.40 W, 705 MHz, 810 MHz, 56, 32 %, 0x0000000000000001, P5
2026/09/24 20:27:45.012, 10.44 W, 675 MHz, 810 MHz, 56, 38 %, 0x0000000000000001, P5
2026/09/24 20:27:46.021, 10.37 W, 675 MHz, 810 MHz, 56, 35 %, 0x0000000000000001, P5
2026/09/24 20:27:47.031, 10.36 W, 555 MHz, 810 MHz, 56, 36 %, 0x0000000000000001, P5
2026/09/24 20:27:48.038, 10.16 W, 570 MHz, 810 MHz, 56, 19 %, 0x0000000000000001, P5
2026/09/24 20:27:49.044, 10.45 W, 675 MHz, 810 MHz, 56, 42 %, 0x0000000000000001, P5
2026/09/24 20:27:50.053, 10.64 W, 810 MHz, 810 MHz, 56, 41 %, 0x0000000000000001, P5
2026/09/24 20:27:51.054, 10.71 W, 885 MHz, 810 MHz, 56, 33 %, 0x0000000000000001, P5
2026/09/24 20:27:52.054, 10.69 W, 885 MHz, 810 MHz, 56, 28 %, 0x0000000000000001, P5
2026/09/24 20:27:53.063, 10.71 W, 855 MHz, 810 MHz, 56, 28 %, 0x0000000000000001, P5
2026/09/24 20:27:54.064, 10.42 W, 705 MHz, 810 MHz, 56, 29 %, 0x0000000000000001, P5
2026/09/24 20:27:55.069, 10.46 W, 630 MHz, 810 MHz, 56, 33 %, 0x0000000000000001, P5
2026/09/24 20:27:56.080, 10.41 W, 555 MHz, 810 MHz, 56, 32 %, 0x0000000000000001, P5
2026/09/24 20:27:57.088, 10.33 W, 510 MHz, 810 MHz, 56, 31 %, 0x0000000000000001, P5
2026/09/24 20:27:58.100, 10.31 W, 510 MHz, 810 MHz, 56, 33 %, 0x0000000000000001, P5
2026/09/24 20:27:59.104, 10.36 W, 510 MHz, 810 MHz, 56, 35 %, 0x0000000000000001, P5
2026/09/24 20:28:00.106, 16.68 W, 1455 MHz, 5501 MHz, 57, 25 %, 0x0000000000000001, P4
2026/09/24 20:28:01.126, 17.74 W, 1455 MHz, 7001 MHz, 57, 25 %, 0x0000000000000001, P3
2026/09/24 20:28:02.127, 23.11 W, 1995 MHz, 7801 MHz, 59, 14 %, 0x0000000000000000, P1
2026/09/24 20:28:03.137, 22.31 W, 1995 MHz, 5501 MHz, 59, 20 %, 0x0000000000000000, P4
2026/09/24 20:28:04.143, 16.44 W, 1170 MHz, 7001 MHz, 58, 35 %, 0x0000000000000001, P3
2026/09/24 20:28:05.152, 14.53 W, 1065 MHz, 5501 MHz, 57, 28 %, 0x0000000000000001, P4
2026/09/24 20:28:06.160, 24.58 W, 885 MHz, 5501 MHz, 58, 70 %, 0x0000000000000001, P4
2026/09/24 20:28:07.163, 17.33 W, 1995 MHz, 7001 MHz, 59, 0 %, 0x0000000000000000, P3
2026/09/24 20:28:08.167, 17.07 W, 1995 MHz, 7001 MHz, 58, 0 %, 0x0000000000000024, P3
2026/09/24 20:28:09.172, 12.56 W, 495 MHz, 7001 MHz, 58, 0 %, 0x0000000000000024, P4
2026/09/24 20:28:10.179, 11.22 W, 315 MHz, 5501 MHz, 57, 0 %, 0x0000000000000001, P4
2026/09/24 20:28:11.186, 11.09 W, 210 MHz, 5501 MHz, 57, 0 %, 0x0000000000000001, P5
2026/09/24 20:28:12.187, 14.60 W, 1530 MHz, 7001 MHz, 57, 24 %, 0x0000000000000024, P3
2026/09/24 20:28:13.191, 14.15 W, 1530 MHz, 7001 MHz, 57, 0 %, 0x0000000000000024, P3
2026/09/24 20:28:14.195, 18.21 W, 1830 MHz, 5501 MHz, 60, 49 %, 0x0000000000000001, P4
2026/09/24 20:28:15.202, 26.73 W, 1995 MHz, 7001 MHz, 60, 12 %, 0x0000000000000000, P3
2026/09/24 20:28:16.205, 17.96 W, 1995 MHz, 5501 MHz, 59, 10 %, 0x0000000000000000, P4
2026/09/24 20:28:17.214, 14.54 W, 1530 MHz, 5501 MHz, 58, 13 %, 0x0000000000000001, P4
2026/09/24 20:28:18.223, 15.69 W, 1530 MHz, 7001 MHz, 58, 8 %, 0x0000000000000001, P3
2026/09/24 20:28:19.223, 10.59 W, 660 MHz, 810 MHz, 57, 22 %, 0x0000000000000001, P5
2026/09/24 20:28:20.231, 10.50 W, 615 MHz, 810 MHz, 57, 34 %, 0x0000000000000001, P5
2026/09/24 20:28:21.232, 10.43 W, 585 MHz, 810 MHz, 57, 37 %, 0x0000000000000001, P5
2026/09/24 20:28:22.234, 10.37 W, 555 MHz, 810 MHz, 57, 35 %, 0x0000000000000001, P5
2026/09/24 20:28:23.235, 10.33 W, 630 MHz, 810 MHz, 57, 53 %, 0x0000000000000001, P5
2026/09/24 20:28:24.243, 10.53 W, 720 MHz, 810 MHz, 57, 42 %, 0x0000000000000001, P5
2026/09/24 20:28:25.257, 10.53 W, 765 MHz, 810 MHz, 57, 32 %, 0x0000000000000001, P5
2026/09/24 20:28:26.266, 10.60 W, 810 MHz, 810 MHz, 57, 32 %, 0x0000000000000001, P5
2026/09/24 20:28:27.275, 10.68 W, 900 MHz, 810 MHz, 57, 33 %, 0x0000000000000001, P5
2026/09/24 20:28:28.283, 10.64 W, 900 MHz, 810 MHz, 57, 34 %, 0x0000000000000001, P5
2026/09/24 20:28:29.298, 10.45 W, 720 MHz, 810 MHz, 57, 18 %, 0x0000000000000001, P5
2026/09/24 20:28:30.308, 10.45 W, 660 MHz, 810 MHz, 57, 40 %, 0x0000000000000001, P5
2026/09/24 20:28:31.313, 10.44 W, 600 MHz, 810 MHz, 57, 29 %, 0x0000000000000001, P5
2026/09/24 20:28:32.315, 10.37 W, 540 MHz, 810 MHz, 57, 31 %, 0x0000000000000001, P5
2026/09/24 20:28:33.339, 10.39 W, 645 MHz, 810 MHz, 57, 46 %, 0x0000000000000001, P5
2026/09/24 20:28:34.342, 10.50 W, 675 MHz, 810 MHz, 57, 39 %, 0x0000000000000001, P5
2026/09/24 20:28:35.344, 10.47 W, 705 MHz, 810 MHz, 57, 44 %, 0x0000000000000001, P5
2026/09/24 20:28:36.349, 10.60 W, 900 MHz, 810 MHz, 57, 25 %, 0x0000000000000001, P5
2026/09/24 20:28:37.356, 10.70 W, 900 MHz, 810 MHz, 57, 39 %, 0x0000000000000001, P5
2026/09/24 20:28:38.370, 10.53 W, 765 MHz, 810 MHz, 57, 17 %, 0x0000000000000001, P5
2026/09/24 20:28:39.386, 10.49 W, 645 MHz, 810 MHz, 57, 31 %, 0x0000000000000001, P5
2026/09/24 20:28:40.399, 10.41 W, 570 MHz, 810 MHz, 57, 39 %, 0x0000000000000001, P5
2026/09/24 20:28:41.405, 10.28 W, 585 MHz, 810 MHz, 57, 22 %, 0x0000000000000001, P5
2026/09/24 20:28:42.414, 10.33 W, 585 MHz, 810 MHz, 57, 29 %, 0x0000000000000001, P5
2026/09/24 20:28:43.426, 10.28 W, 480 MHz, 810 MHz, 57, 34 %, 0x0000000000000001, P5
2026/09/24 20:28:44.440, 10.36 W, 525 MHz, 810 MHz, 57, 47 %, 0x0000000000000001, P5
2026/09/24 20:28:45.453, 10.35 W, 525 MHz, 810 MHz, 57, 35 %, 0x0000000000000001, P5
2026/09/24 20:28:46.462, 10.30 W, 480 MHz, 810 MHz, 57, 27 %, 0x0000000000000001, P5
2026/09/24 20:28:47.470, 10.34 W, 585 MHz, 810 MHz, 57, 48 %, 0x0000000000000001, P5
2026/09/24 20:28:48.480, 10.48 W, 630 MHz, 810 MHz, 57, 40 %, 0x0000000000000001, P5
2026/09/24 20:28:49.481, 10.46 W, 705 MHz, 810 MHz, 57, 16 %, 0x0000000000000001, P5
2026/09/24 20:28:50.488, 10.41 W, 705 MHz, 810 MHz, 57, 30 %, 0x0000000000000001, P5
2026/09/24 20:28:51.496, 10.30 W, 540 MHz, 810 MHz, 57, 20 %, 0x0000000000000001, P5
2026/09/24 20:28:52.511, 10.25 W, 495 MHz, 810 MHz, 57, 49 %, 0x0000000000000001, P5
2026/09/24 20:28:53.524, 10.31 W, 510 MHz, 810 MHz, 57, 39 %, 0x0000000000000001, P5
2026/09/24 20:28:54.527, 10.41 W, 660 MHz, 810 MHz, 57, 27 %, 0x0000000000000001, P5
2026/09/24 20:28:55.540, 10.40 W, 675 MHz, 810 MHz, 57, 37 %, 0x0000000000000001, P5
2026/09/24 20:28:56.542, 10.56 W, 825 MHz, 810 MHz, 57, 37 %, 0x0000000000000001, P5
2026/09/24 20:28:57.557, 10.62 W, 900 MHz, 810 MHz, 57, 26 %, 0x0000000000000001, P5
2026/09/24 20:28:58.561, 10.64 W, 900 MHz, 810 MHz, 57, 38 %, 0x0000000000000001, P5
2026/09/24 20:28:59.566, 10.90 W, 1020 MHz, 810 MHz, 57, 46 %, 0x0000000000000001, P5
2026/09/24 20:29:00.576, 12.46 W, 1080 MHz, 5501 MHz, 57, 24 %, 0x0000000000000001, P4
2026/09/24 20:29:01.589, 13.63 W, 1080 MHz, 7001 MHz, 57, 23 %, 0x0000000000000001, P3
2026/09/24 20:29:02.591, 10.58 W, 840 MHz, 810 MHz, 57, 27 %, 0x0000000000000001, P5
2026/09/24 20:29:03.597, 10.59 W, 840 MHz, 810 MHz, 57, 32 %, 0x0000000000000001, P5
2026/09/24 20:29:04.610, 10.40 W, 630 MHz, 810 MHz, 57, 30 %, 0x0000000000000001, P5
2026/09/24 20:29:05.614, 10.43 W, 585 MHz, 810 MHz, 57, 30 %, 0x0000000000000001, P5
2026/09/24 20:29:06.624, 10.28 W, 570 MHz, 810 MHz, 57, 44 %, 0x0000000000000001, P5
2026/09/24 20:29:07.632, 10.37 W, 615 MHz, 810 MHz, 57, 27 %, 0x0000000000000001, P5
2026/09/24 20:29:08.641, 10.35 W, 615 MHz, 810 MHz, 57, 36 %, 0x0000000000000001, P5
2026/09/24 20:29:09.644, 10.45 W, 675 MHz, 810 MHz, 57, 39 %, 0x0000000000000001, P5
2026/09/24 20:29:10.646, 10.49 W, 750 MHz, 810 MHz, 56, 40 %, 0x0000000000000001, P5
2026/09/24 20:29:11.651, 10.45 W, 750 MHz, 810 MHz, 56, 23 %, 0x0000000000000001, P5
2026/09/24 20:29:12.654, 10.36 W, 570 MHz, 810 MHz, 56, 37 %, 0x0000000000000001, P5
2026/09/24 20:29:13.658, 10.28 W, 540 MHz, 810 MHz, 56, 34 %, 0x0000000000000001, P5
2026/09/24 20:29:14.667, 10.30 W, 555 MHz, 810 MHz, 56, 32 %, 0x0000000000000001, P5
2026/09/24 20:29:15.673, 10.38 W, 555 MHz, 810 MHz, 56, 51 %, 0x0000000000000001, P5
2026/09/24 20:29:16.677, 10.51 W, 690 MHz, 810 MHz, 56, 41 %, 0x0000000000000001, P5
2026/09/24 20:29:17.688, 10.55 W, 690 MHz, 810 MHz, 56, 41 %, 0x0000000000000001, P5
2026/09/24 20:29:18.696, 10.43 W, 630 MHz, 810 MHz, 56, 37 %, 0x0000000000000001, P5
2026/09/24 20:29:19.701, 10.36 W, 630 MHz, 810 MHz, 56, 36 %, 0x0000000000000001, P5
2026/09/24 20:29:20.704, 10.37 W, 630 MHz, 810 MHz, 56, 50 %, 0x0000000000000001, P5
2026/09/24 20:29:21.704, 10.52 W, 705 MHz, 810 MHz, 56, 43 %, 0x0000000000000001, P5
2026/09/24 20:29:22.708, 10.49 W, 810 MHz, 810 MHz, 56, 23 %, 0x0000000000000001, P5
2026/09/24 20:29:23.724, 10.49 W, 795 MHz, 810 MHz, 56, 26 %, 0x0000000000000001, P5
2026/09/24 20:29:24.730, 10.41 W, 720 MHz, 810 MHz, 56, 23 %, 0x0000000000000001, P5
2026/09/24 20:29:25.746, 10.37 W, 660 MHz, 810 MHz, 56, 26 %, 0x0000000000000001, P5
2026/09/24 20:29:26.758, 10.29 W, 585 MHz, 810 MHz, 56, 40 %, 0x0000000000000001, P5
2026/09/24 20:29:27.759, 10.29 W, 585 MHz, 810 MHz, 56, 28 %, 0x0000000000000001, P5
2026/09/24 20:29:28.769, 10.24 W, 585 MHz, 810 MHz, 56, 20 %, 0x0000000000000001, P5
2026/09/24 20:29:29.776, 10.17 W, 480 MHz, 810 MHz, 56, 29 %, 0x0000000000000001, P5
2026/09/24 20:29:30.777, 10.27 W, 480 MHz, 810 MHz, 56, 41 %, 0x0000000000000001, P5
2026/09/24 20:29:31.781, 10.41 W, 600 MHz, 810 MHz, 56, 43 %, 0x0000000000000001, P5
2026/09/24 20:29:32.786, 10.46 W, 660 MHz, 810 MHz, 56, 48 %, 0x0000000000000001, P5
2026/09/24 20:29:33.797, 10.62 W, 780 MHz, 810 MHz, 56, 33 %, 0x0000000000000001, P5
2026/09/24 20:29:34.797, 10.52 W, 780 MHz, 810 MHz, 56, 25 %, 0x0000000000000001, P5
2026/09/24 20:29:35.798, 10.42 W, 735 MHz, 810 MHz, 56, 29 %, 0x0000000000000001, P5
2026/09/24 20:29:36.813, 10.44 W, 735 MHz, 810 MHz, 56, 28 %, 0x0000000000000001, P5
2026/09/24 20:29:37.820, 10.48 W, 705 MHz, 810 MHz, 56, 25 %, 0x0000000000000001, P5
2026/09/24 20:29:38.828, 10.36 W, 600 MHz, 810 MHz, 56, 30 %, 0x0000000000000001, P5
2026/09/24 20:29:39.838, 10.31 W, 525 MHz, 810 MHz, 56, 41 %, 0x0000000000000001, P5
2026/09/24 20:29:40.847, 10.31 W, 570 MHz, 810 MHz, 56, 34 %, 0x0000000000000001, P5
2026/09/24 20:29:41.860, 10.40 W, 660 MHz, 810 MHz, 56, 34 %, 0x0000000000000001, P5
2026/09/24 20:29:42.871, 10.41 W, 660 MHz, 810 MHz, 56, 36 %, 0x0000000000000001, P5
2026/09/24 20:29:43.880, 10.34 W, 615 MHz, 810 MHz, 56, 31 %, 0x0000000000000001, P5
2026/09/24 20:29:44.882, 10.40 W, 630 MHz, 810 MHz, 56, 28 %, 0x0000000000000001, P5
2026/09/24 20:29:45.895, 10.40 W, 630 MHz, 810 MHz, 56, 34 %, 0x0000000000000001, P5
2026/09/24 20:29:46.905, 10.31 W, 555 MHz, 810 MHz, 56, 32 %, 0x0000000000000001, P5
2026/09/24 20:29:47.923, 10.30 W, 510 MHz, 810 MHz, 56, 30 %, 0x0000000000000001, P5
2026/09/24 20:29:48.940, 10.16 W, 450 MHz, 810 MHz, 56, 19 %, 0x0000000000000001, P5
2026/09/24 20:29:49.951, 8.32 W, 555 MHz, 810 MHz, 56, 34 %, 0x0000000000000001, P5
2026/09/24 20:29:50.956, 10.47 W, 630 MHz, 810 MHz, 56, 37 %, 0x0000000000000001, P5
2026/09/24 20:29:51.969, 10.67 W, 840 MHz, 810 MHz, 56, 28 %, 0x0000000000000001, P5
2026/09/24 20:29:52.982, 10.44 W, 840 MHz, 810 MHz, 56, 22 %, 0x0000000000000001, P5
2026/09/24 20:29:53.984, 10.78 W, 900 MHz, 810 MHz, 56, 37 %, 0x0000000000000001, P5
2026/09/24 20:29:54.989, 10.83 W, 900 MHz, 810 MHz, 56, 41 %, 0x0000000000000001, P5
2026/09/24 20:29:55.993, 11.31 W, 1095 MHz, 5501 MHz, 56, 31 %, 0x0000000000000001, P4
2026/09/24 20:29:56.996, 13.80 W, 1095 MHz, 7001 MHz, 56, 24 %, 0x0000000000000001, P3
2026/09/24 20:29:58.002, 10.36 W, 630 MHz, 810 MHz, 56, 34 %, 0x0000000000000001, P5
2026/09/24 20:29:59.017, 10.28 W, 525 MHz, 810 MHz, 56, 26 %, 0x0000000000000001, P5
2026/09/24 20:30:00.029, 10.21 W, 450 MHz, 810 MHz, 56, 32 %, 0x0000000000000001, P5
2026/09/24 20:30:01.036, 10.19 W, 420 MHz, 810 MHz, 56, 27 %, 0x0000000000000001, P5
2026/09/24 20:30:02.046, 10.17 W, 450 MHz, 810 MHz, 56, 38 %, 0x0000000000000001, P5
2026/09/24 20:30:03.056, 10.27 W, 510 MHz, 810 MHz, 56, 40 %, 0x0000000000000001, P5
2026/09/24 20:30:04.059, 10.30 W, 585 MHz, 810 MHz, 56, 44 %, 0x0000000000000001, P5
2026/09/24 20:30:05.066, 10.34 W, 585 MHz, 810 MHz, 56, 35 %, 0x0000000000000001, P5
2026/09/24 20:30:06.068, 10.38 W, 615 MHz, 810 MHz, 56, 40 %, 0x0000000000000001, P5
2026/09/24 20:30:07.079, 10.39 W, 735 MHz, 810 MHz, 56, 24 %, 0x0000000000000001, P5
2026/09/24 20:30:08.095, 10.42 W, 675 MHz, 810 MHz, 56, 38 %, 0x0000000000000001, P5
2026/09/24 20:30:09.099, 10.36 W, 630 MHz, 810 MHz, 56, 22 %, 0x0000000000000001, P5
2026/09/24 20:30:10.111, 10.29 W, 660 MHz, 810 MHz, 56, 29 %, 0x0000000000000001, P5
2026/09/24 20:30:11.115, 10.27 W, 540 MHz, 810 MHz, 56, 25 %, 0x0000000000000001, P5
2026/09/24 20:30:12.124, 10.19 W, 495 MHz, 810 MHz, 56, 39 %, 0x0000000000000001, P5
2026/09/24 20:30:13.126, 10.13 W, 435 MHz, 810 MHz, 56, 23 %, 0x0000000000000001, P5
2026/09/24 20:30:14.132, 10.16 W, 450 MHz, 810 MHz, 56, 24 %, 0x0000000000000001, P5
2026/09/24 20:30:15.134, 10.20 W, 450 MHz, 810 MHz, 56, 35 %, 0x0000000000000001, P5
2026/09/24 20:30:16.137, 10.24 W, 420 MHz, 810 MHz, 56, 42 %, 0x0000000000000001, P5
2026/09/24 20:30:17.149, 8.44 W, 495 MHz, 810 MHz, 56, 30 %, 0x0000000000000001, P5
2026/09/24 20:30:18.161, 10.16 W, 495 MHz, 810 MHz, 56, 20 %, 0x0000000000000001, P5
2026/09/24 20:30:19.175, 7.87 W, 390 MHz, 405 MHz, 56, 34 %, 0x0000000000000001, P8
2026/09/24 20:30:20.178, 7.89 W, 390 MHz, 405 MHz, 56, 33 %, 0x0000000000000001, P8
2026/09/24 20:30:21.191, 7.82 W, 360 MHz, 405 MHz, 56, 37 %, 0x0000000000000001, P8
2026/09/24 20:30:22.194, 10.27 W, 465 MHz, 810 MHz, 56, 49 %, 0x0000000000000001, P5
2026/09/24 20:30:23.202, 10.34 W, 600 MHz, 810 MHz, 56, 19 %, 0x0000000000000001, P5
2026/09/24 20:30:24.206, 10.34 W, 600 MHz, 810 MHz, 56, 29 %, 0x0000000000000001, P5
2026/09/24 20:30:25.219, 10.36 W, 495 MHz, 810 MHz, 56, 33 %, 0x0000000000000001, P5
2026/09/24 20:30:26.223, 10.20 W, 450 MHz, 810 MHz, 56, 37 %, 0x0000000000000001, P5
2026/09/24 20:30:27.232, 10.18 W, 450 MHz, 810 MHz, 56, 39 %, 0x0000000000000001, P5
2026/09/24 20:30:28.243, 10.26 W, 540 MHz, 810 MHz, 56, 30 %, 0x0000000000000001, P5
2026/09/24 20:30:29.257, 10.12 W, 465 MHz, 810 MHz, 56, 16 %, 0x0000000000000001, P5
2026/09/24 20:30:30.270, 7.94 W, 390 MHz, 405 MHz, 56, 40 %, 0x0000000000000001, P8
2026/09/24 20:30:31.271, 10.23 W, 510 MHz, 810 MHz, 56, 39 %, 0x0000000000000001, P5
2026/09/24 20:30:32.272, 10.22 W, 510 MHz, 810 MHz, 56, 24 %, 0x0000000000000001, P5
2026/09/24 20:30:33.277, 10.25 W, 450 MHz, 810 MHz, 56, 34 %, 0x0000000000000001, P5
2026/09/24 20:30:34.281, 10.18 W, 450 MHz, 810 MHz, 56, 34 %, 0x0000000000000001, P5
2026/09/24 20:30:35.284, 10.21 W, 450 MHz, 810 MHz, 56, 35 %, 0x0000000000000001, P5
2026/09/24 20:30:36.299, 7.86 W, 390 MHz, 405 MHz, 56, 43 %, 0x0000000000000001, P8
2026/09/24 20:30:37.305, 10.46 W, 615 MHz, 810 MHz, 56, 41 %, 0x0000000000000001, P5
2026/09/24 20:30:38.311, 10.47 W, 690 MHz, 810 MHz, 56, 38 %, 0x0000000000000001, P5
2026/09/24 20:30:39.319, 10.45 W, 690 MHz, 810 MHz, 56, 34 %, 0x0000000000000001, P5
2026/09/24 20:30:40.325, 10.28 W, 585 MHz, 810 MHz, 56, 18 %, 0x0000000000000001, P5
2026/09/24 20:30:41.335, 10.17 W, 465 MHz, 810 MHz, 56, 16 %, 0x0000000000000001, P5
2026/09/24 20:30:42.350, 9.62 W, 405 MHz, 405 MHz, 56, 15 %, 0x0000000000000001, P8
2026/09/24 20:30:43.356, 7.84 W, 375 MHz, 405 MHz, 56, 44 %, 0x0000000000000001, P8
2026/09/24 20:30:44.363, 10.29 W, 525 MHz, 810 MHz, 56, 22 %, 0x0000000000000001, P5
2026/09/24 20:30:45.369, 10.33 W, 525 MHz, 810 MHz, 56, 30 %, 0x0000000000000001, P5
2026/09/24 20:30:46.374, 10.25 W, 510 MHz, 810 MHz, 56, 34 %, 0x0000000000000001, P5
2026/09/24 20:30:47.378, 10.24 W, 510 MHz, 810 MHz, 56, 28 %, 0x0000000000000001, P5
2026/09/24 20:30:48.393, 10.24 W, 450 MHz, 810 MHz, 56, 36 %, 0x0000000000000001, P5
2026/09/24 20:30:49.396, 10.21 W, 465 MHz, 810 MHz, 56, 36 %, 0x0000000000000001, P5
2026/09/24 20:30:50.401, 10.49 W, 720 MHz, 810 MHz, 56, 37 %, 0x0000000000000001, P5
2026/09/24 20:30:51.401, 10.42 W, 720 MHz, 810 MHz, 56, 19 %, 0x0000000000000001, P5
2026/09/24 20:30:52.413, 10.21 W, 570 MHz, 810 MHz, 56, 17 %, 0x0000000000000001, P5
2026/09/24 20:30:53.426, 10.34 W, 570 MHz, 810 MHz, 56, 29 %, 0x0000000000000001, P5
2026/09/24 20:30:54.431, 10.30 W, 570 MHz, 810 MHz, 56, 21 %, 0x0000000000000001, P5
2026/09/24 20:30:55.441, 10.23 W, 495 MHz, 810 MHz, 56, 25 %, 0x0000000000000001, P5
2026/09/24 20:30:56.445, 10.25 W, 495 MHz, 810 MHz, 56, 31 %, 0x0000000000000001, P5
2026/09/24 20:30:57.452, 10.32 W, 570 MHz, 810 MHz, 56, 30 %, 0x0000000000000001, P5
2026/09/24 20:30:58.456, 10.39 W, 570 MHz, 810 MHz, 56, 35 %, 0x0000000000000001, P5
2026/09/24 20:30:59.460, 10.26 W, 510 MHz, 810 MHz, 56, 38 %, 0x0000000000000001, P5
2026/09/24 20:31:00.464, 10.37 W, 585 MHz, 810 MHz, 56, 38 %, 0x0000000000000001, P5
2026/09/24 20:31:01.466, 10.47 W, 720 MHz, 810 MHz, 56, 35 %, 0x0000000000000001, P5
2026/09/24 20:31:02.476, 10.43 W, 720 MHz, 810 MHz, 56, 26 %, 0x0000000000000001, P5
2026/09/24 20:31:03.488, 10.44 W, 585 MHz, 810 MHz, 56, 34 %, 0x0000000000000001, P5
2026/09/24 20:31:04.494, 10.28 W, 510 MHz, 810 MHz, 56, 34 %, 0x0000000000000001, P5
2026/09/24 20:31:05.510, 10.29 W, 465 MHz, 810 MHz, 56, 41 %, 0x0000000000000001, P5
2026/09/24 20:31:06.525, 10.32 W, 600 MHz, 810 MHz, 56, 29 %, 0x0000000000000001, P5
2026/09/24 20:31:07.533, 10.23 W, 540 MHz, 810 MHz, 56, 28 %, 0x0000000000000001, P5
2026/09/24 20:31:08.536, 10.20 W, 480 MHz, 810 MHz, 56, 36 %, 0x0000000000000001, P5
2026/09/24 20:31:09.540, 10.23 W, 465 MHz, 810 MHz, 56, 36 %, 0x0000000000000001, P5
2026/09/24 20:31:10.556, 10.21 W, 450 MHz, 810 MHz, 56, 38 %, 0x0000000000000001, P5
2026/09/24 20:31:11.557, 10.25 W, 420 MHz, 810 MHz, 56, 52 %, 0x0000000000000001, P5
2026/09/24 20:31:12.564, 10.35 W, 600 MHz, 810 MHz, 56, 42 %, 0x0000000000000001, P5
2026/09/24 20:31:13.578, 10.36 W, 525 MHz, 810 MHz, 56, 26 %, 0x0000000000000001, P5
2026/09/24 20:31:14.592, 10.20 W, 420 MHz, 810 MHz, 56, 22 %, 0x0000000000000001, P5
2026/09/24 20:31:15.604, 7.88 W, 405 MHz, 405 MHz, 56, 45 %, 0x0000000000000001, P8
2026/09/24 20:31:16.617, 10.20 W, 450 MHz, 810 MHz, 56, 21 %, 0x0000000000000001, P5
2026/09/24 20:31:17.618, 10.23 W, 390 MHz, 405 MHz, 56, 25 %, 0x0000000000000001, P8
2026/09/24 20:31:18.633, 10.20 W, 435 MHz, 810 MHz, 56, 35 %, 0x0000000000000001, P5
2026/09/24 20:31:19.640, 10.26 W, 435 MHz, 810 MHz, 57, 35 %, 0x0000000000000001, P5
2026/09/24 20:31:20.651, 10.39 W, 480 MHz, 810 MHz, 57, 51 %, 0x0000000000000001, P5
2026/09/24 20:31:21.665, 10.30 W, 540 MHz, 810 MHz, 57, 27 %, 0x0000000000000001, P5
2026/09/24 20:31:22.669, 10.38 W, 540 MHz, 810 MHz, 57, 43 %, 0x0000000000000001, P5
2026/09/24 20:31:23.669, 10.65 W, 660 MHz, 810 MHz, 57, 40 %, 0x0000000000000001, P5
2026/09/24 20:31:24.682, 10.32 W, 660 MHz, 810 MHz, 56, 12 %, 0x0000000000000001, P5
2026/09/24 20:31:25.693, 10.32 W, 465 MHz, 810 MHz, 56, 31 %, 0x0000000000000001, P5
2026/09/24 20:31:26.700, 10.24 W, 435 MHz, 810 MHz, 56, 36 %, 0x0000000000000001, P5
2026/09/24 20:31:27.707, 10.15 W, 480 MHz, 810 MHz, 56, 17 %, 0x0000000000000001, P5
2026/09/24 20:31:28.713, 10.27 W, 480 MHz, 810 MHz, 57, 36 %, 0x0000000000000001, P5
2026/09/24 20:31:29.715, 10.20 W, 435 MHz, 810 MHz, 57, 28 %, 0x0000000000000001, P5
2026/09/24 20:31:30.723, 7.97 W, 450 MHz, 810 MHz, 57, 49 %, 0x0000000000000001, P5
2026/09/24 20:31:31.731, 10.40 W, 675 MHz, 810 MHz, 57, 30 %, 0x0000000000000001, P5
2026/09/24 20:31:32.750, 10.41 W, 675 MHz, 810 MHz, 57, 32 %, 0x0000000000000001, P5
2026/09/24 20:31:33.756, 10.50 W, 735 MHz, 810 MHz, 57, 43 %, 0x0000000000000001, P5
2026/09/24 20:31:34.758, 10.45 W, 765 MHz, 810 MHz, 56, 32 %, 0x0000000000000001, P5
2026/09/24 20:31:35.762, 10.54 W, 855 MHz, 810 MHz, 56, 48 %, 0x0000000000000001, P5
2026/09/24 20:31:36.762, 10.57 W, 870 MHz, 810 MHz, 56, 39 %, 0x0000000000000001, P5
2026/09/24 20:31:37.769, 10.57 W, 870 MHz, 810 MHz, 56, 32 %, 0x0000000000000001, P5
2026/09/24 20:31:38.779, 10.47 W, 735 MHz, 810 MHz, 56, 28 %, 0x0000000000000001, P5
2026/09/24 20:31:39.783, 10.37 W, 675 MHz, 810 MHz, 56, 24 %, 0x0000000000000001, P5
2026/09/24 20:31:40.787, 10.26 W, 570 MHz, 810 MHz, 56, 34 %, 0x0000000000000001, P5
2026/09/24 20:31:41.789, 10.27 W, 540 MHz, 810 MHz, 56, 37 %, 0x0000000000000001, P5
2026/09/24 20:31:42.798, 10.31 W, 525 MHz, 810 MHz, 56, 38 %, 0x0000000000000001, P5
2026/09/24 20:31:43.802, 10.41 W, 645 MHz, 810 MHz, 56, 44 %, 0x0000000000000001, P5
2026/09/24 20:31:44.806, 10.45 W, 705 MHz, 810 MHz, 56, 35 %, 0x0000000000000001, P5
2026/09/24 20:31:45.810, 10.40 W, 690 MHz, 810 MHz, 56, 37 %, 0x0000000000000001, P5
2026/09/24 20:31:46.825, 10.40 W, 630 MHz, 810 MHz, 56, 15 %, 0x0000000000000001, P5
2026/09/24 20:31:47.829, 10.31 W, 525 MHz, 810 MHz, 56, 39 %, 0x0000000000000001, P5
2026/09/24 20:31:48.830, 10.20 W, 465 MHz, 810 MHz, 56, 31 %, 0x0000000000000001, P5
2026/09/24 20:31:49.834, 10.17 W, 435 MHz, 810 MHz, 56, 39 %, 0x0000000000000001, P5
2026/09/24 20:31:50.840, 10.16 W, 450 MHz, 810 MHz, 56, 31 %, 0x0000000000000001, P5
2026/09/24 20:31:51.847, 10.20 W, 480 MHz, 810 MHz, 56, 27 %, 0x0000000000000001, P5
2026/09/24 20:31:52.862, 10.19 W, 390 MHz, 405 MHz, 56, 29 %, 0x0000000000000001, P8
2026/09/24 20:31:53.878, 8.63 W, 435 MHz, 810 MHz, 56, 34 %, 0x0000000000000001, P5
2026/09/24 20:31:54.887, 10.19 W, 435 MHz, 810 MHz, 56, 24 %, 0x0000000000000001, P5
2026/09/24 20:31:55.894, 10.25 W, 525 MHz, 810 MHz, 56, 50 %, 0x0000000000000001, P5
2026/09/24 20:31:56.896, 10.30 W, 540 MHz, 810 MHz, 56, 40 %, 0x0000000000000001, P5
2026/09/24 20:31:57.897, 10.35 W, 570 MHz, 810 MHz, 56, 35 %, 0x0000000000000001, P5
2026/09/24 20:31:58.900, 10.32 W, 495 MHz, 810 MHz, 56, 32 %, 0x0000000000000001, P5
2026/09/24 20:31:59.914, 10.31 W, 585 MHz, 810 MHz, 56, 25 %, 0x0000000000000001, P5
2026/09/24 20:32:00.918, 10.30 W, 480 MHz, 810 MHz, 56, 26 %, 0x0000000000000001, P5
2026/09/24 20:32:01.921, 10.37 W, 600 MHz, 810 MHz, 56, 40 %, 0x0000000000000001, P5
2026/09/24 20:32:02.928, 10.31 W, 600 MHz, 810 MHz, 56, 26 %, 0x0000000000000001, P5
2026/09/24 20:32:03.933, 10.29 W, 495 MHz, 810 MHz, 56, 31 %, 0x0000000000000001, P5
2026/09/24 20:32:04.949, 10.20 W, 450 MHz, 810 MHz, 56, 26 %, 0x0000000000000001, P5
2026/09/24 20:32:05.956, 10.17 W, 450 MHz, 810 MHz, 56, 33 %, 0x0000000000000001, P5
2026/09/24 20:32:06.966, 10.22 W, 525 MHz, 810 MHz, 56, 33 %, 0x0000000000000001, P5
2026/09/24 20:32:07.975, 10.21 W, 525 MHz, 810 MHz, 56, 34 %, 0x0000000000000001, P5
2026/09/24 20:32:08.990, 10.17 W, 435 MHz, 810 MHz, 56, 29 %, 0x0000000000000001, P5
2026/09/24 20:32:10.003, 7.85 W, 405 MHz, 405 MHz, 56, 45 %, 0x0000000000000001, P8
2026/09/24 20:32:11.018, 10.28 W, 510 MHz, 810 MHz, 56, 24 %, 0x0000000000000001, P5
2026/09/24 20:32:12.025, 10.26 W, 450 MHz, 810 MHz, 56, 29 %, 0x0000000000000001, P5
2026/09/24 20:32:13.033, 10.24 W, 555 MHz, 810 MHz, 56, 42 %, 0x0000000000000001, P5
2026/09/24 20:32:14.040, 10.31 W, 615 MHz, 810 MHz, 56, 27 %, 0x0000000000000001, P5
2026/09/24 20:32:15.050, 10.37 W, 615 MHz, 810 MHz, 56, 26 %, 0x0000000000000001, P5
2026/09/24 20:32:16.062, 10.16 W, 435 MHz, 810 MHz, 56, 22 %, 0x0000000000000001, P5
2026/09/24 20:32:17.064, 7.81 W, 435 MHz, 810 MHz, 56, 42 %, 0x0000000000000001, P5
2026/09/24 20:32:18.069, 10.06 W, 435 MHz, 810 MHz, 56, 23 %, 0x0000000000000001, P5
2026/09/24 20:32:19.074, 7.97 W, 525 MHz, 810 MHz, 56, 56 %, 0x0000000000000001, P5
2026/09/24 20:32:20.081, 10.11 W, 525 MHz, 810 MHz, 56, 14 %, 0x0000000000000001, P5
2026/09/24 20:32:21.095, 7.84 W, 375 MHz, 405 MHz, 56, 36 %, 0x0000000000000001, P8
2026/09/24 20:32:22.097, 10.12 W, 420 MHz, 810 MHz, 56, 34 %, 0x0000000000000001, P5
2026/09/24 20:32:23.100, 10.03 W, 420 MHz, 810 MHz, 56, 16 %, 0x0000000000000001, P5
2026/09/24 20:32:24.104, 7.77 W, 345 MHz, 405 MHz, 56, 34 %, 0x0000000000000001, P8
2026/09/24 20:32:25.108, 10.17 W, 450 MHz, 810 MHz, 56, 26 %, 0x0000000000000001, P5
2026/09/24 20:32:26.109, 10.23 W, 450 MHz, 810 MHz, 56, 26 %, 0x0000000000000001, P5
2026/09/24 20:32:27.111, 7.88 W, 405 MHz, 405 MHz, 56, 35 %, 0x0000000000000001, P8
2026/09/24 20:32:28.121, 7.83 W, 390 MHz, 405 MHz, 56, 35 %, 0x0000000000000001, P8
2026/09/24 20:32:29.122, 10.15 W, 420 MHz, 810 MHz, 56, 34 %, 0x0000000000000001, P5
2026/09/24 20:32:30.130, 10.16 W, 420 MHz, 810 MHz, 57, 38 %, 0x0000000000000001, P5
2026/09/24 20:32:31.134, 10.14 W, 420 MHz, 810 MHz, 56, 28 %, 0x0000000000000001, P5
2026/09/24 20:32:32.136, 10.19 W, 420 MHz, 810 MHz, 56, 32 %, 0x0000000000000001, P5
2026/09/24 20:32:33.145, 7.82 W, 390 MHz, 405 MHz, 56, 38 %, 0x0000000000000001, P8
2026/09/24 20:32:34.151, 10.15 W, 420 MHz, 810 MHz, 57, 37 %, 0x0000000000000001, P5
2026/09/24 20:32:35.152, 10.17 W, 420 MHz, 810 MHz, 56, 32 %, 0x0000000000000001, P5
2026/09/24 20:32:36.164, 7.82 W, 390 MHz, 405 MHz, 56, 43 %, 0x0000000000000001, P8
2026/09/24 20:32:37.168, 10.25 W, 525 MHz, 810 MHz, 56, 35 %, 0x0000000000000001, P5
2026/09/24 20:32:38.168, 10.29 W, 585 MHz, 810 MHz, 56, 25 %, 0x0000000000000001, P5
2026/09/24 20:32:39.173, 10.32 W, 630 MHz, 810 MHz, 56, 26 %, 0x0000000000000001, P5
2026/09/24 20:32:40.178, 10.38 W, 645 MHz, 810 MHz, 56, 30 %, 0x0000000000000001, P5
2026/09/24 20:32:41.182, 10.48 W, 720 MHz, 810 MHz, 56, 37 %, 0x0000000000000001, P5
2026/09/24 20:32:42.182, 10.38 W, 735 MHz, 810 MHz, 56, 22 %, 0x0000000000000001, P5
2026/09/24 20:32:43.193, 10.35 W, 735 MHz, 810 MHz, 56, 19 %, 0x0000000000000001, P5
2026/09/24 20:32:44.208, 10.16 W, 465 MHz, 810 MHz, 56, 32 %, 0x0000000000000001, P5
2026/09/24 20:32:45.221, 7.75 W, 405 MHz, 405 MHz, 56, 19 %, 0x0000000000000001, P8
2026/09/24 20:32:46.226, 7.78 W, 360 MHz, 405 MHz, 56, 36 %, 0x0000000000000001, P8
2026/09/24 20:32:47.228, 10.16 W, 450 MHz, 810 MHz, 56, 33 %, 0x0000000000000001, P5
2026/09/24 20:32:48.234, 10.19 W, 450 MHz, 810 MHz, 56, 31 %, 0x0000000000000001, P5
2026/09/24 20:32:49.249, 10.20 W, 465 MHz, 810 MHz, 56, 34 %, 0x0000000000000001, P5
2026/09/24 20:32:50.256, 10.20 W, 480 MHz, 810 MHz, 56, 32 %, 0x0000000000000001, P5
2026/09/24 20:32:51.257, 10.27 W, 495 MHz, 810 MHz, 56, 30 %, 0x0000000000000001, P5
2026/09/24 20:32:52.266, 10.36 W, 555 MHz, 810 MHz, 56, 44 %, 0x0000000000000001, P5
2026/09/24 20:32:53.276, 10.34 W, 660 MHz, 810 MHz, 56, 26 %, 0x0000000000000001, P5
2026/09/24 20:32:54.291, 10.41 W, 660 MHz, 810 MHz, 56, 29 %, 0x0000000000000001, P5
2026/09/24 20:32:55.299, 10.25 W, 555 MHz, 810 MHz, 56, 30 %, 0x0000000000000001, P5
2026/09/24 20:32:56.306, 10.44 W, 495 MHz, 810 MHz, 56, 46 %, 0x0000000000000001, P5
2026/09/24 20:32:57.315, 10.32 W, 555 MHz, 810 MHz, 56, 31 %, 0x0000000000000001, P5
2026/09/24 20:32:58.317, 10.29 W, 525 MHz, 810 MHz, 56, 20 %, 0x0000000000000001, P5
2026/09/24 20:32:59.322, 10.25 W, 465 MHz, 810 MHz, 56, 32 %, 0x0000000000000001, P5
2026/09/24 20:33:00.328, 7.99 W, 405 MHz, 405 MHz, 56, 34 %, 0x0000000000000001, P8
2026/09/24 20:33:01.332, 10.18 W, 510 MHz, 810 MHz, 56, 25 %, 0x0000000000000001, P5
2026/09/24 20:33:02.335, 10.64 W, 645 MHz, 810 MHz, 56, 45 %, 0x0000000000000001, P5
2026/09/24 20:33:03.344, 10.69 W, 840 MHz, 810 MHz, 56, 36 %, 0x0000000000000001, P5
2026/09/24 20:33:04.351, 10.69 W, 870 MHz, 810 MHz, 56, 35 %, 0x0000000000000001, P5
2026/09/24 20:33:05.355, 10.62 W, 915 MHz, 810 MHz, 56, 30 %, 0x0000000000000001, P5
2026/09/24 20:33:06.364, 10.71 W, 915 MHz, 810 MHz, 56, 29 %, 0x0000000000000001, P5
2026/09/24 20:33:07.372, 10.56 W, 690 MHz, 810 MHz, 56, 40 %, 0x0000000000000001, P5
2026/09/24 20:33:08.387, 10.61 W, 795 MHz, 810 MHz, 56, 31 %, 0x0000000000000001, P5
2026/09/24 20:33:09.401, 10.54 W, 675 MHz, 810 MHz, 56, 36 %, 0x0000000000000001, P5
2026/09/24 20:33:10.402, 10.62 W, 855 MHz, 810 MHz, 56, 28 %, 0x0000000000000001, P5
2026/09/24 20:33:11.413, 10.62 W, 855 MHz, 810 MHz, 56, 32 %, 0x0000000000000001, P5
2026/09/24 20:33:12.420, 10.55 W, 705 MHz, 810 MHz, 56, 37 %, 0x0000000000000001, P5
2026/09/24 20:33:13.430, 21.42 W, 1410 MHz, 5501 MHz, 57, 41 %, 0x0000000000000001, P4
2026/09/24 20:33:14.432, 40.78 W, 1995 MHz, 7001 MHz, 61, 87 %, 0x0000000000000000, P3
2026/09/24 20:33:15.435, 25.02 W, 1995 MHz, 7001 MHz, 59, 26 %, 0x0000000000000000, P3
2026/09/24 20:33:16.449, 16.49 W, 1455 MHz, 5501 MHz, 58, 9 %, 0x0000000000000001, P4
2026/09/24 20:33:17.454, 14.92 W, 1170 MHz, 7001 MHz, 58, 21 %, 0x0000000000000001, P3
2026/09/24 20:33:18.465, 12.48 W, 1020 MHz, 5501 MHz, 57, 37 %, 0x0000000000000001, P4
2026/09/24 20:33:19.477, 32.86 W, 1995 MHz, 7801 MHz, 62, 22 %, 0x0000000000000000, P1
2026/09/24 20:33:20.486, 17.35 W, 1995 MHz, 7001 MHz, 58, 0 %, 0x0000000000000024, P3
2026/09/24 20:33:21.501, 16.23 W, 480 MHz, 5501 MHz, 58, 0 %, 0x0000000000000001, P4
2026/09/24 20:33:22.513, 11.12 W, 300 MHz, 5501 MHz, 57, 0 %, 0x0000000000000001, P4
2026/09/24 20:33:23.523, 11.10 W, 210 MHz, 5501 MHz, 57, 0 %, 0x0000000000000001, P4
2026/09/24 20:33:24.533, 15.57 W, 1530 MHz, 7001 MHz, 57, 32 %, 0x0000000000000024, P3
2026/09/24 20:33:25.535, 14.20 W, 1530 MHz, 7001 MHz, 57, 0 %, 0x0000000000000024, P3
2026/09/24 20:33:26.540, 16.75 W, 1530 MHz, 7001 MHz, 59, 49 %, 0x0000000000000001, P3
2026/09/24 20:33:27.544, 23.88 W, 1860 MHz, 5501 MHz, 59, 25 %, 0x0000000000000001, P4
2026/09/24 20:33:28.553, 17.48 W, 1530 MHz, 5501 MHz, 58, 14 %, 0x0000000000000001, P4
2026/09/24 20:33:29.553, 15.89 W, 1530 MHz, 7001 MHz, 58, 15 %, 0x0000000000000001, P3
2026/09/24 20:33:30.560, 14.69 W, 1530 MHz, 5501 MHz, 58, 14 %, 0x0000000000000001, P4
2026/09/24 20:33:31.561, 10.66 W, 795 MHz, 810 MHz, 57, 25 %, 0x0000000000000001, P5
2026/09/24 20:33:32.564, 10.56 W, 660 MHz, 810 MHz, 57, 27 %, 0x0000000000000001, P5
2026/09/24 20:33:33.574, 10.44 W, 600 MHz, 810 MHz, 57, 35 %, 0x0000000000000001, P5
2026/09/24 20:33:34.575, 10.44 W, 570 MHz, 810 MHz, 57, 34 %, 0x0000000000000001, P5
2026/09/24 20:33:35.578, 10.51 W, 690 MHz, 810 MHz, 57, 43 %, 0x0000000000000001, P5
2026/09/24 20:33:36.580, 10.52 W, 705 MHz, 810 MHz, 57, 42 %, 0x0000000000000001, P5
2026/09/24 20:33:37.583, 10.81 W, 975 MHz, 810 MHz, 57, 33 %, 0x0000000000000001, P5
2026/09/24 20:33:38.590, 10.81 W, 975 MHz, 810 MHz, 57, 27 %, 0x0000000000000001, P5
2026/09/24 20:33:39.593, 10.62 W, 780 MHz, 810 MHz, 57, 41 %, 0x0000000000000001, P5
2026/09/24 20:33:40.598, 10.75 W, 945 MHz, 810 MHz, 57, 33 %, 0x0000000000000001, P5
2026/09/24 20:33:41.599, 10.77 W, 990 MHz, 810 MHz, 57, 29 %, 0x0000000000000001, P5
2026/09/24 20:33:42.609, 10.91 W, 990 MHz, 810 MHz, 57, 29 %, 0x0000000000000001, P5
2026/09/24 20:33:43.616, 10.57 W, 735 MHz, 810 MHz, 57, 36 %, 0x0000000000000001, P5
2026/09/24 20:33:44.621, 10.44 W, 690 MHz, 810 MHz, 57, 29 %, 0x0000000000000001, P5
2026/09/24 20:33:45.625, 10.37 W, 615 MHz, 810 MHz, 56, 35 %, 0x0000000000000001, P5
2026/09/24 20:33:46.632, 10.49 W, 705 MHz, 810 MHz, 56, 32 %, 0x0000000000000001, P5
2026/09/24 20:33:47.641, 10.70 W, 915 MHz, 810 MHz, 56, 35 %, 0x0000000000000001, P5
2026/09/24 20:33:48.651, 10.73 W, 930 MHz, 810 MHz, 56, 39 %, 0x0000000000000001, P5
2026/09/24 20:33:49.652, 10.74 W, 1005 MHz, 810 MHz, 56, 16 %, 0x0000000000000001, P5
2026/09/24 20:33:50.660, 10.72 W, 1005 MHz, 810 MHz, 56, 17 %, 0x0000000000000001, P5
2026/09/24 20:33:51.666, 10.47 W, 690 MHz, 810 MHz, 56, 22 %, 0x0000000000000001, P5
2026/09/24 20:33:52.668, 10.39 W, 585 MHz, 810 MHz, 56, 24 %, 0x0000000000000001, P5
2026/09/24 20:33:53.681, 10.28 W, 540 MHz, 810 MHz, 56, 31 %, 0x0000000000000001, P5
2026/09/24 20:33:54.693, 10.30 W, 510 MHz, 810 MHz, 56, 35 %, 0x0000000000000001, P5
2026/09/24 20:33:55.698, 10.34 W, 510 MHz, 810 MHz, 56, 36 %, 0x0000000000000001, P5
2026/09/24 20:33:56.713, 10.31 W, 525 MHz, 810 MHz, 56, 45 %, 0x0000000000000001, P5
2026/09/24 20:33:57.720, 10.40 W, 600 MHz, 810 MHz, 56, 42 %, 0x0000000000000001, P5
2026/09/24 20:33:58.726, 10.48 W, 645 MHz, 810 MHz, 56, 45 %, 0x0000000000000001, P5
2026/09/24 20:33:59.732, 10.56 W, 735 MHz, 810 MHz, 56, 45 %, 0x0000000000000001, P5
2026/09/24 20:34:00.743, 10.71 W, 915 MHz, 810 MHz, 56, 33 %, 0x0000000000000001, P5
2026/09/24 20:34:01.747, 10.61 W, 915 MHz, 810 MHz, 56, 21 %, 0x0000000000000001, P5
2026/09/24 20:34:02.761, 10.53 W, 675 MHz, 810 MHz, 56, 31 %, 0x0000000000000001, P5
2026/09/24 20:34:03.762, 10.37 W, 615 MHz, 810 MHz, 56, 27 %, 0x0000000000000001, P5
2026/09/24 20:34:04.773, 10.44 W, 675 MHz, 810 MHz, 56, 33 %, 0x0000000000000001, P5
2026/09/24 20:34:05.782, 10.59 W, 720 MHz, 810 MHz, 56, 42 %, 0x0000000000000001, P5
2026/09/24 20:34:06.791, 10.59 W, 765 MHz, 810 MHz, 56, 45 %, 0x0000000000000001, P5
2026/09/24 20:34:07.795, 10.59 W, 825 MHz, 810 MHz, 56, 34 %, 0x0000000000000001, P5
2026/09/24 20:34:08.800, 10.61 W, 855 MHz, 810 MHz, 56, 34 %, 0x0000000000000001, P5
2026/09/24 20:34:09.808, 10.61 W, 855 MHz, 810 MHz, 56, 33 %, 0x0000000000000001, P5
2026/09/24 20:34:10.810, 10.68 W, 930 MHz, 810 MHz, 56, 37 %, 0x0000000000000001, P5
2026/09/24 20:34:11.813, 10.72 W, 930 MHz, 810 MHz, 56, 22 %, 0x0000000000000001, P5
2026/09/24 20:34:12.820, 10.56 W, 690 MHz, 810 MHz, 56, 30 %, 0x0000000000000001, P5
2026/09/24 20:34:13.821, 10.40 W, 600 MHz, 810 MHz, 56, 25 %, 0x0000000000000001, P5
2026/09/24 20:34:14.830, 10.30 W, 540 MHz, 810 MHz, 56, 37 %, 0x0000000000000001, P5
2026/09/24 20:34:15.833, 10.27 W, 510 MHz, 810 MHz, 56, 35 %, 0x0000000000000001, P5
2026/09/24 20:34:16.847, 10.26 W, 480 MHz, 810 MHz, 56, 32 %, 0x0000000000000001, P5
2026/09/24 20:34:17.854, 10.22 W, 450 MHz, 810 MHz, 56, 36 %, 0x0000000000000001, P5
2026/09/24 20:34:18.860, 10.22 W, 510 MHz, 810 MHz, 56, 35 %, 0x0000000000000001, P5
2026/09/24 20:34:19.862, 10.35 W, 600 MHz, 810 MHz, 56, 27 %, 0x0000000000000001, P5
2026/09/24 20:34:20.867, 10.34 W, 615 MHz, 810 MHz, 56, 40 %, 0x0000000000000001, P5
2026/09/24 20:34:21.874, 10.37 W, 630 MHz, 810 MHz, 56, 35 %, 0x0000000000000001, P5
2026/09/24 20:34:22.889, 10.18 W, 510 MHz, 810 MHz, 56, 18 %, 0x0000000000000001, P5
2026/09/24 20:34:23.897, 10.28 W, 435 MHz, 810 MHz, 56, 33 %, 0x0000000000000001, P5
2026/09/24 20:34:24.907, 10.21 W, 435 MHz, 810 MHz, 56, 31 %, 0x0000000000000001, P5
2026/09/24 20:34:25.918, 10.29 W, 435 MHz, 810 MHz, 56, 34 %, 0x0000000000000001, P5
2026/09/24 20:34:26.918, 7.91 W, 405 MHz, 405 MHz, 56, 44 %, 0x0000000000000001, P8
2026/09/24 20:34:27.926, 10.33 W, 450 MHz, 810 MHz, 56, 46 %, 0x0000000000000001, P5
2026/09/24 20:34:28.936, 10.30 W, 540 MHz, 810 MHz, 56, 29 %, 0x0000000000000001, P5
2026/09/24 20:34:29.937, 10.27 W, 525 MHz, 810 MHz, 56, 33 %, 0x0000000000000001, P5
2026/09/24 20:34:30.945, 10.29 W, 525 MHz, 810 MHz, 56, 51 %, 0x0000000000000001, P5
2026/09/24 20:34:31.946, 10.38 W, 570 MHz, 810 MHz, 56, 37 %, 0x0000000000000001, P5
2026/09/24 20:34:32.947, 10.44 W, 675 MHz, 810 MHz, 56, 34 %, 0x0000000000000001, P5
2026/09/24 20:34:33.963, 10.52 W, 720 MHz, 810 MHz, 56, 27 %, 0x0000000000000001, P5
2026/09/24 20:34:34.975, 10.40 W, 720 MHz, 810 MHz, 56, 23 %, 0x0000000000000001, P5
2026/09/24 20:34:35.979, 10.50 W, 750 MHz, 810 MHz, 56, 40 %, 0x0000000000000001, P5
2026/09/24 20:34:36.983, 10.48 W, 750 MHz, 810 MHz, 56, 28 %, 0x0000000000000001, P5
2026/09/24 20:34:37.986, 10.42 W, 720 MHz, 810 MHz, 56, 23 %, 0x0000000000000001, P5
2026/09/24 20:34:38.992, 10.32 W, 645 MHz, 810 MHz, 56, 27 %, 0x0000000000000001, P5
2026/09/24 20:34:39.993, 10.74 W, 945 MHz, 810 MHz, 56, 42 %, 0x0000000000000001, P5
2026/09/24 20:34:40.995, 10.78 W, 975 MHz, 810 MHz, 56, 40 %, 0x0000000000000001, P5
2026/09/24 20:34:42.003, 10.79 W, 990 MHz, 810 MHz, 56, 34 %, 0x0000000000000001, P5
2026/09/24 20:34:43.005, 10.76 W, 900 MHz, 810 MHz, 56, 34 %, 0x0000000000000001, P5
2026/09/24 20:34:44.016, 10.63 W, 915 MHz, 810 MHz, 56, 41 %, 0x0000000000000001, P5
2026/09/24 20:34:45.021, 10.56 W, 930 MHz, 810 MHz, 56, 17 %, 0x0000000000000001, P5
2026/09/24 20:34:46.022, 10.34 W, 585 MHz, 810 MHz, 56, 28 %, 0x0000000000000001, P5
2026/09/24 20:34:47.035, 10.41 W, 585 MHz, 810 MHz, 56, 55 %, 0x0000000000000001, P5
2026/09/24 20:34:48.037, 10.49 W, 735 MHz, 810 MHz, 56, 25 %, 0x0000000000000001, P5
2026/09/24 20:34:49.044, 10.37 W, 585 MHz, 810 MHz, 56, 40 %, 0x0000000000000001, P5
2026/09/24 20:34:50.052, 10.26 W, 540 MHz, 810 MHz, 56, 32 %, 0x0000000000000001, P5
2026/09/24 20:34:51.062, 10.23 W, 495 MHz, 810 MHz, 56, 35 %, 0x0000000000000001, P5
2026/09/24 20:34:52.067, 10.36 W, 615 MHz, 810 MHz, 56, 40 %, 0x0000000000000001, P5
2026/09/24 20:34:53.077, 10.38 W, 660 MHz, 810 MHz, 56, 35 %, 0x0000000000000001, P5
2026/09/24 20:34:54.089, 10.34 W, 660 MHz, 810 MHz, 56, 32 %, 0x0000000000000001, P5
2026/09/24 20:34:55.102, 10.40 W, 690 MHz, 810 MHz, 56, 37 %, 0x0000000000000001, P5
2026/09/24 20:34:56.114, 10.43 W, 735 MHz, 810 MHz, 56, 24 %, 0x0000000000000001, P5
2026/09/24 20:34:57.121, 10.57 W, 780 MHz, 810 MHz, 56, 34 %, 0x0000000000000001, P5
2026/09/24 20:34:58.135, 10.47 W, 780 MHz, 810 MHz, 56, 24 %, 0x0000000000000001, P5
2026/09/24 20:34:59.147, 10.39 W, 645 MHz, 810 MHz, 56, 32 %, 0x0000000000000001, P5
2026/09/24 20:35:00.163, 10.06 W, 645 MHz, 810 MHz, 56, 7 %, 0x0000000000000001, P5
2026/09/24 20:35:01.167, 8.74 W, 495 MHz, 810 MHz, 56, 48 %, 0x0000000000000001, P5
2026/09/24 20:35:02.168, 10.36 W, 495 MHz, 810 MHz, 56, 35 %, 0x0000000000000001, P5
2026/09/24 20:35:03.182, 10.32 W, 555 MHz, 810 MHz, 56, 42 %, 0x0000000000000001, P5
2026/09/24 20:35:04.190, 10.40 W, 570 MHz, 810 MHz, 56, 32 %, 0x0000000000000001, P5
2026/09/24 20:35:05.191, 10.47 W, 585 MHz, 810 MHz, 56, 41 %, 0x0000000000000001, P5
2026/09/24 20:35:06.195, 10.50 W, 660 MHz, 810 MHz, 56, 40 %, 0x0000000000000001, P5
2026/09/24 20:35:07.205, 10.43 W, 735 MHz, 810 MHz, 56, 18 %, 0x0000000000000001, P5
2026/09/24 20:35:08.212, 10.62 W, 735 MHz, 810 MHz, 56, 33 %, 0x0000000000000001, P5
2026/09/24 20:35:09.224, 10.43 W, 645 MHz, 810 MHz, 56, 27 %, 0x0000000000000001, P5
2026/09/24 20:35:10.240, 10.31 W, 645 MHz, 810 MHz, 56, 19 %, 0x0000000000000001, P5
2026/09/24 20:35:11.250, 10.25 W, 480 MHz, 810 MHz, 56, 24 %, 0x0000000000000001, P5
2026/09/24 20:35:12.265, 10.20 W, 405 MHz, 405 MHz, 56, 29 %, 0x0000000000000001, P8
2026/09/24 20:35:13.275, 7.89 W, 390 MHz, 405 MHz, 56, 38 %, 0x0000000000000001, P8
2026/09/24 20:35:14.279, 10.20 W, 420 MHz, 810 MHz, 56, 41 %, 0x0000000000000001, P5
2026/09/24 20:35:15.285, 10.26 W, 420 MHz, 810 MHz, 56, 44 %, 0x0000000000000001, P5
2026/09/24 20:35:16.294, 10.37 W, 600 MHz, 810 MHz, 56, 39 %, 0x0000000000000001, P5
2026/09/24 20:35:17.300, 10.37 W, 615 MHz, 810 MHz, 56, 35 %, 0x0000000000000001, P5
2026/09/24 20:35:18.307, 10.25 W, 615 MHz, 810 MHz, 56, 14 %, 0x0000000000000001, P5
2026/09/24 20:35:19.321, 7.83 W, 375 MHz, 405 MHz, 56, 27 %, 0x0000000000000001, P8
2026/09/24 20:35:20.335, 7.82 W, 360 MHz, 405 MHz, 56, 35 %, 0x0000000000000001, P8
2026/09/24 20:35:21.347, 7.94 W, 330 MHz, 405 MHz, 56, 25 %, 0x0000000000000001, P8
2026/09/24 20:35:22.349, 10.24 W, 435 MHz, 810 MHz, 56, 43 %, 0x0000000000000001, P5
2026/09/24 20:35:23.359, 10.31 W, 435 MHz, 810 MHz, 56, 45 %, 0x0000000000000001, P5
2026/09/24 20:35:24.361, 10.30 W, 510 MHz, 810 MHz, 56, 35 %, 0x0000000000000001, P5
2026/09/24 20:35:25.368, 10.31 W, 540 MHz, 810 MHz, 56, 36 %, 0x0000000000000001, P5
2026/09/24 20:35:26.377, 10.34 W, 555 MHz, 810 MHz, 56, 35 %, 0x0000000000000001, P5
2026/09/24 20:35:27.381, 10.46 W, 660 MHz, 810 MHz, 56, 35 %, 0x0000000000000001, P5
2026/09/24 20:35:28.389, 10.46 W, 660 MHz, 810 MHz, 56, 36 %, 0x0000000000000001, P5
2026/09/24 20:35:29.395, 10.32 W, 540 MHz, 810 MHz, 56, 22 %, 0x0000000000000001, P5
2026/09/24 20:35:30.408, 10.24 W, 540 MHz, 810 MHz, 56, 54 %, 0x0000000000000001, P5
2026/09/24 20:35:31.409, 10.31 W, 540 MHz, 810 MHz, 56, 37 %, 0x0000000000000001, P5
2026/09/24 20:35:32.410, 10.28 W, 480 MHz, 810 MHz, 56, 26 %, 0x0000000000000001, P5
2026/09/24 20:35:33.417, 10.21 W, 495 MHz, 810 MHz, 56, 25 %, 0x0000000000000001, P5
2026/09/24 20:35:34.426, 10.30 W, 495 MHz, 810 MHz, 56, 37 %, 0x0000000000000001, P5
2026/09/24 20:35:35.435, 10.25 W, 510 MHz, 810 MHz, 56, 47 %, 0x0000000000000001, P5
2026/09/24 20:35:36.439, 10.40 W, 630 MHz, 810 MHz, 56, 25 %, 0x0000000000000001, P5
2026/09/24 20:35:37.440, 10.38 W, 630 MHz, 810 MHz, 56, 29 %, 0x0000000000000001, P5
2026/09/24 20:35:38.448, 10.33 W, 540 MHz, 810 MHz, 56, 39 %, 0x0000000000000001, P5
2026/09/24 20:35:39.458, 10.51 W, 585 MHz, 810 MHz, 56, 30 %, 0x0000000000000001, P5
2026/09/24 20:35:40.459, 10.27 W, 585 MHz, 810 MHz, 56, 27 %, 0x0000000000000001, P5
2026/09/24 20:35:41.468, 10.23 W, 480 MHz, 810 MHz, 56, 22 %, 0x0000000000000001, P5
2026/09/24 20:35:42.475, 8.71 W, 405 MHz, 405 MHz, 56, 34 %, 0x0000000000000001, P8
2026/09/24 20:35:43.476, 10.13 W, 420 MHz, 810 MHz, 56, 20 %, 0x0000000000000001, P5
2026/09/24 20:35:44.478, 10.22 W, 435 MHz, 810 MHz, 56, 26 %, 0x0000000000000001, P5
2026/09/24 20:35:45.481, 10.19 W, 435 MHz, 810 MHz, 56, 32 %, 0x0000000000000001, P5
2026/09/24 20:35:46.487, 10.27 W, 540 MHz, 810 MHz, 56, 32 %, 0x0000000000000001, P5
2026/09/24 20:35:47.487, 10.27 W, 540 MHz, 810 MHz, 56, 32 %, 0x0000000000000001, P5
2026/09/24 20:35:48.493, 10.23 W, 435 MHz, 810 MHz, 56, 28 %, 0x0000000000000001, P5
2026/09/24 20:35:49.500, 7.82 W, 450 MHz, 810 MHz, 56, 42 %, 0x0000000000000001, P5
2026/09/24 20:35:50.501, 10.19 W, 465 MHz, 810 MHz, 56, 35 %, 0x0000000000000001, P5
2026/09/24 20:35:51.511, 10.12 W, 525 MHz, 810 MHz, 56, 9 %, 0x0000000000000001, P5
2026/09/24 20:35:52.516, 10.33 W, 420 MHz, 810 MHz, 56, 27 %, 0x0000000000000001, P5
2026/09/24 20:35:53.530, 10.15 W, 435 MHz, 810 MHz, 56, 33 %, 0x0000000000000001, P5
2026/09/24 20:35:54.534, 10.27 W, 585 MHz, 810 MHz, 56, 22 %, 0x0000000000000001, P5
2026/09/24 20:35:55.541, 10.35 W, 585 MHz, 810 MHz, 56, 32 %, 0x0000000000000001, P5
2026/09/24 20:35:56.549, 10.26 W, 480 MHz, 810 MHz, 56, 32 %, 0x0000000000000001, P5
2026/09/24 20:35:57.560, 10.28 W, 510 MHz, 810 MHz, 56, 37 %, 0x0000000000000001, P5
2026/09/24 20:35:58.571, 10.24 W, 405 MHz, 405 MHz, 56, 25 %, 0x0000000000000001, P8
2026/09/24 20:35:59.580, 10.37 W, 510 MHz, 810 MHz, 56, 41 %, 0x0000000000000001, P5
2026/09/24 20:36:00.586, 10.38 W, 645 MHz, 810 MHz, 56, 33 %, 0x0000000000000001, P5
2026/09/24 20:36:01.594, 10.39 W, 615 MHz, 810 MHz, 56, 30 %, 0x0000000000000001, P5
2026/09/24 20:36:02.600, 10.44 W, 630 MHz, 810 MHz, 56, 25 %, 0x0000000000000001, P5
2026/09/24 20:36:03.615, 10.35 W, 435 MHz, 810 MHz, 56, 21 %, 0x0000000000000001, P5
2026/09/24 20:36:04.629, 7.90 W, 375 MHz, 405 MHz, 56, 29 %, 0x0000000000000001, P8
2026/09/24 20:36:05.629, 7.92 W, 375 MHz, 405 MHz, 56, 47 %, 0x0000000000000001, P8
2026/09/24 20:36:06.633, 10.23 W, 435 MHz, 810 MHz, 56, 30 %, 0x0000000000000001, P5
2026/09/24 20:36:07.635, 10.22 W, 480 MHz, 810 MHz, 56, 26 %, 0x0000000000000001, P5
2026/09/24 20:36:08.651, 10.39 W, 615 MHz, 810 MHz, 56, 30 %, 0x0000000000000001, P5
2026/09/24 20:36:09.656, 10.26 W, 645 MHz, 810 MHz, 56, 13 %, 0x0000000000000001, P5
2026/09/24 20:36:10.666, 10.44 W, 645 MHz, 810 MHz, 56, 38 %, 0x0000000000000001, P5
2026/09/24 20:36:11.677, 10.37 W, 660 MHz, 810 MHz, 56, 21 %, 0x0000000000000001, P5
2026/09/24 20:36:12.685, 10.33 W, 555 MHz, 810 MHz, 56, 31 %, 0x0000000000000001, P5
2026/09/24 20:36:13.694, 10.28 W, 540 MHz, 810 MHz, 56, 27 %, 0x0000000000000001, P5
2026/09/24 20:36:14.707, 10.29 W, 540 MHz, 810 MHz, 56, 26 %, 0x0000000000000001, P5
2026/09/24 20:36:15.719, 10.22 W, 420 MHz, 810 MHz, 56, 14 %, 0x0000000000000001, P5
2026/09/24 20:36:16.723, 7.86 W, 360 MHz, 405 MHz, 56, 30 %, 0x0000000000000001, P8
2026/09/24 20:36:17.726, 7.96 W, 390 MHz, 405 MHz, 56, 46 %, 0x0000000000000001, P8
2026/09/24 20:36:18.728, 10.21 W, 450 MHz, 810 MHz, 56, 31 %, 0x0000000000000001, P5
2026/09/24 20:36:19.734, 9.12 W, 375 MHz, 405 MHz, 56, 46 %, 0x0000000000000001, P8
2026/09/24 20:36:20.745, 10.32 W, 615 MHz, 810 MHz, 56, 45 %, 0x0000000000000001, P5
2026/09/24 20:36:21.752, 10.48 W, 630 MHz, 810 MHz, 56, 40 %, 0x0000000000000001, P5
2026/09/24 20:36:22.761, 10.41 W, 645 MHz, 810 MHz, 56, 27 %, 0x0000000000000001, P5
2026/09/24 20:36:23.767, 10.39 W, 600 MHz, 810 MHz, 56, 28 %, 0x0000000000000001, P5
2026/09/24 20:36:24.782, 10.33 W, 555 MHz, 810 MHz, 56, 33 %, 0x0000000000000001, P5
2026/09/24 20:36:25.790, 10.25 W, 510 MHz, 810 MHz, 56, 31 %, 0x0000000000000001, P5
2026/09/24 20:36:26.793, 10.25 W, 480 MHz, 810 MHz, 56, 31 %, 0x0000000000000001, P5
2026/09/24 20:36:27.798, 10.23 W, 450 MHz, 810 MHz, 56, 36 %, 0x0000000000000001, P5
2026/09/24 20:36:28.804, 10.24 W, 510 MHz, 810 MHz, 56, 26 %, 0x0000000000000001, P5
2026/09/24 20:36:29.811, 10.23 W, 510 MHz, 810 MHz, 56, 34 %, 0x0000000000000001, P5
2026/09/24 20:36:30.815, 10.28 W, 555 MHz, 810 MHz, 56, 33 %, 0x0000000000000001, P5
2026/09/24 20:36:31.819, 10.37 W, 600 MHz, 810 MHz, 56, 45 %, 0x0000000000000001, P5
2026/09/24 20:36:32.821, 10.45 W, 750 MHz, 810 MHz, 56, 32 %, 0x0000000000000001, P5
2026/09/24 20:36:33.829, 10.48 W, 750 MHz, 810 MHz, 56, 42 %, 0x0000000000000001, P5
2026/09/24 20:36:34.830, 10.43 W, 720 MHz, 810 MHz, 56, 34 %, 0x0000000000000001, P5
2026/09/24 20:36:35.841, 10.36 W, 660 MHz, 810 MHz, 56, 27 %, 0x0000000000000001, P5
2026/09/24 20:36:36.857, 10.38 W, 720 MHz, 810 MHz, 56, 28 %, 0x0000000000000001, P5
2026/09/24 20:36:37.858, 10.38 W, 720 MHz, 810 MHz, 56, 23 %, 0x0000000000000001, P5
2026/09/24 20:36:38.861, 10.48 W, 705 MHz, 810 MHz, 56, 30 %, 0x0000000000000001, P5
2026/09/24 20:36:39.876, 10.42 W, 705 MHz, 810 MHz, 56, 25 %, 0x0000000000000001, P5
2026/09/24 20:36:40.883, 10.25 W, 510 MHz, 810 MHz, 56, 29 %, 0x0000000000000001, P5
2026/09/24 20:36:41.894, 10.25 W, 480 MHz, 810 MHz, 56, 39 %, 0x0000000000000001, P5
2026/09/24 20:36:42.901, 10.28 W, 525 MHz, 810 MHz, 56, 39 %, 0x0000000000000001, P5
2026/09/24 20:36:43.913, 10.21 W, 525 MHz, 810 MHz, 56, 27 %, 0x0000000000000001, P5
2026/09/24 20:36:44.926, 10.24 W, 510 MHz, 810 MHz, 56, 42 %, 0x0000000000000001, P5
2026/09/24 20:36:45.927, 10.38 W, 600 MHz, 810 MHz, 56, 35 %, 0x0000000000000001, P5
2026/09/24 20:36:46.934, 10.39 W, 660 MHz, 810 MHz, 56, 27 %, 0x0000000000000001, P5
2026/09/24 20:36:47.947, 10.45 W, 660 MHz, 810 MHz, 56, 15 %, 0x0000000000000001, P5
2026/09/24 20:36:48.961, 10.23 W, 510 MHz, 810 MHz, 56, 21 %, 0x0000000000000001, P5
2026/09/24 20:36:49.974, 10.20 W, 450 MHz, 810 MHz, 56, 22 %, 0x0000000000000001, P5
2026/09/24 20:36:50.991, 7.93 W, 390 MHz, 405 MHz, 56, 39 %, 0x0000000000000001, P8
2026/09/24 20:36:51.994, 7.84 W, 375 MHz, 405 MHz, 56, 46 %, 0x0000000000000001, P8
2026/09/24 20:36:52.996, 10.23 W, 480 MHz, 810 MHz, 56, 30 %, 0x0000000000000001, P5
2026/09/24 20:36:54.009, 10.26 W, 480 MHz, 810 MHz, 56, 33 %, 0x0000000000000001, P5
2026/09/24 20:36:55.021, 10.29 W, 510 MHz, 810 MHz, 56, 35 %, 0x0000000000000001, P5
2026/09/24 20:36:56.021, 10.34 W, 510 MHz, 810 MHz, 56, 35 %, 0x0000000000000001, P5
2026/09/24 20:36:57.022, 10.18 W, 450 MHz, 810 MHz, 56, 39 %, 0x0000000000000001, P5
2026/09/24 20:36:58.033, 10.23 W, 525 MHz, 810 MHz, 56, 40 %, 0x0000000000000001, P5
2026/09/24 20:36:59.047, 10.30 W, 570 MHz, 810 MHz, 56, 25 %, 0x0000000000000001, P5
2026/09/24 20:37:00.049, 10.12 W, 420 MHz, 810 MHz, 56, 28 %, 0x0000000000000001, P5
2026/09/24 20:37:01.058, 7.74 W, 390 MHz, 405 MHz, 56, 27 %, 0x0000000000000001, P8
2026/09/24 20:37:02.066, 10.26 W, 495 MHz, 810 MHz, 56, 35 %, 0x0000000000000001, P5
2026/09/24 20:37:03.070, 10.30 W, 510 MHz, 810 MHz, 56, 43 %, 0x0000000000000001, P5
2026/09/24 20:37:04.072, 10.38 W, 570 MHz, 810 MHz, 56, 43 %, 0x0000000000000001, P5
2026/09/24 20:37:05.080, 10.44 W, 675 MHz, 810 MHz, 56, 40 %, 0x0000000000000001, P5
2026/09/24 20:37:06.082, 10.51 W, 720 MHz, 810 MHz, 56, 42 %, 0x0000000000000001, P5
2026/09/24 20:37:07.086, 10.52 W, 750 MHz, 810 MHz, 56, 39 %, 0x0000000000000001, P5
2026/09/24 20:37:08.090, 10.55 W, 825 MHz, 810 MHz, 56, 31 %, 0x0000000000000001, P5
2026/09/24 20:37:09.094, 10.57 W, 840 MHz, 810 MHz, 56, 32 %, 0x0000000000000001, P5
2026/09/24 20:37:10.103, 10.51 W, 900 MHz, 810 MHz, 56, 18 %, 0x0000000000000001, P5
2026/09/24 20:37:11.112, 10.52 W, 900 MHz, 810 MHz, 56, 26 %, 0x0000000000000001, P5
2026/09/24 20:37:12.125, 10.27 W, 540 MHz, 810 MHz, 56, 25 %, 0x0000000000000001, P5
2026/09/24 20:37:13.128, 10.26 W, 480 MHz, 810 MHz, 56, 46 %, 0x0000000000000001, P5
2026/09/24 20:37:14.143, 8.03 W, 405 MHz, 405 MHz, 56, 34 %, 0x0000000000000001, P8
2026/09/24 20:37:15.145, 10.15 W, 450 MHz, 810 MHz, 56, 22 %, 0x0000000000000001, P5
2026/09/24 20:37:16.146, 10.19 W, 450 MHz, 810 MHz, 56, 32 %, 0x0000000000000001, P5
2026/09/24 20:37:17.151, 10.21 W, 465 MHz, 810 MHz, 56, 39 %, 0x0000000000000001, P5
2026/09/24 20:37:18.154, 10.22 W, 525 MHz, 810 MHz, 56, 42 %, 0x0000000000000001, P5
2026/09/24 20:37:19.159, 10.26 W, 570 MHz, 810 MHz, 56, 35 %, 0x0000000000000001, P5
2026/09/24 20:37:20.170, 10.35 W, 630 MHz, 810 MHz, 56, 28 %, 0x0000000000000001, P5
2026/09/24 20:37:21.182, 10.31 W, 630 MHz, 810 MHz, 56, 27 %, 0x0000000000000001, P5
2026/09/24 20:37:22.196, 10.26 W, 510 MHz, 810 MHz, 56, 39 %, 0x0000000000000001, P5
2026/09/24 20:37:23.198, 10.27 W, 525 MHz, 810 MHz, 56, 45 %, 0x0000000000000001, P5
2026/09/24 20:37:24.211, 10.30 W, 570 MHz, 810 MHz, 56, 39 %, 0x0000000000000001, P5
2026/09/24 20:37:25.214, 10.26 W, 525 MHz, 810 MHz, 56, 39 %, 0x0000000000000001, P5
2026/09/24 20:37:26.215, 10.39 W, 690 MHz, 810 MHz, 56, 29 %, 0x0000000000000001, P5
2026/09/24 20:37:27.219, 10.35 W, 690 MHz, 810 MHz, 56, 28 %, 0x0000000000000001, P5
2026/09/24 20:37:28.234, 10.22 W, 615 MHz, 810 MHz, 56, 23 %, 0x0000000000000001, P5
2026/09/24 20:37:29.237, 10.31 W, 615 MHz, 810 MHz, 56, 34 %, 0x0000000000000001, P5
2026/09/24 20:37:30.240, 10.25 W, 525 MHz, 810 MHz, 56, 30 %, 0x0000000000000001, P5
2026/09/24 20:37:31.250, 10.25 W, 465 MHz, 810 MHz, 56, 18 %, 0x0000000000000001, P5
2026/09/24 20:37:32.256, 7.95 W, 390 MHz, 405 MHz, 56, 47 %, 0x0000000000000001, P8
2026/09/24 20:37:33.266, 10.21 W, 435 MHz, 810 MHz, 56, 36 %, 0x0000000000000001, P5
2026/09/24 20:37:34.279, 9.44 W, 360 MHz, 405 MHz, 56, 35 %, 0x0000000000000001, P8
2026/09/24 20:37:35.281, 10.29 W, 510 MHz, 810 MHz, 56, 42 %, 0x0000000000000001, P5
2026/09/24 20:37:36.289, 10.59 W, 510 MHz, 810 MHz, 56, 33 %, 0x0000000000000001, P5
2026/09/24 20:37:37.304, 10.17 W, 435 MHz, 810 MHz, 56, 42 %, 0x0000000000000001, P5
2026/09/24 20:37:38.312, 10.26 W, 585 MHz, 810 MHz, 56, 20 %, 0x0000000000000001, P5
2026/09/24 20:37:39.315, 10.27 W, 585 MHz, 810 MHz, 56, 28 %, 0x0000000000000001, P5
2026/09/24 20:37:40.326, 10.28 W, 585 MHz, 810 MHz, 56, 42 %, 0x0000000000000001, P5
2026/09/24 20:37:41.332, 10.37 W, 675 MHz, 810 MHz, 56, 38 %, 0x0000000000000001, P5
2026/09/24 20:37:42.343, 10.35 W, 750 MHz, 810 MHz, 56, 15 %, 0x0000000000000001, P5
2026/09/24 20:37:43.347, 10.41 W, 750 MHz, 810 MHz, 56, 21 %, 0x0000000000000001, P5
2026/09/24 20:37:44.349, 10.20 W, 450 MHz, 810 MHz, 56, 21 %, 0x0000000000000001, P5
2026/09/24 20:37:45.364, 7.83 W, 375 MHz, 405 MHz, 56, 31 %, 0x0000000000000001, P8
2026/09/24 20:37:46.367, 7.79 W, 390 MHz, 405 MHz, 56, 30 %, 0x0000000000000001, P8
2026/09/24 20:37:47.376, 7.88 W, 390 MHz, 405 MHz, 56, 30 %, 0x0000000000000001, P8
2026/09/24 20:37:48.378, 10.39 W, 585 MHz, 810 MHz, 56, 38 %, 0x0000000000000001, P5
2026/09/24 20:37:49.391, 10.35 W, 585 MHz, 810 MHz, 56, 32 %, 0x0000000000000001, P5
2026/09/24 20:37:50.396, 10.34 W, 660 MHz, 810 MHz, 56, 23 %, 0x0000000000000001, P5
2026/09/24 20:37:51.409, 10.36 W, 660 MHz, 810 MHz, 56, 33 %, 0x0000000000000001, P5
2026/09/24 20:37:52.416, 10.27 W, 600 MHz, 810 MHz, 56, 33 %, 0x0000000000000001, P5
2026/09/24 20:37:53.418, 10.28 W, 555 MHz, 810 MHz, 56, 35 %, 0x0000000000000001, P5
2026/09/24 20:37:54.431, 10.16 W, 450 MHz, 810 MHz, 56, 26 %, 0x0000000000000001, P5
2026/09/24 20:37:55.442, 10.29 W, 540 MHz, 810 MHz, 56, 35 %, 0x0000000000000001, P5
2026/09/24 20:37:56.450, 10.26 W, 540 MHz, 810 MHz, 56, 25 %, 0x0000000000000001, P5
2026/09/24 20:37:57.461, 10.13 W, 420 MHz, 810 MHz, 56, 33 %, 0x0000000000000001, P5
2026/09/24 20:37:58.475, 10.16 W, 450 MHz, 810 MHz, 56, 27 %, 0x0000000000000001, P5
2026/09/24 20:37:59.477, 10.19 W, 450 MHz, 810 MHz, 56, 30 %, 0x0000000000000001, P5
2026/09/24 20:38:00.486, 7.86 W, 390 MHz, 405 MHz, 56, 35 %, 0x0000000000000001, P8
2026/09/24 20:38:01.486, 7.88 W, 405 MHz, 405 MHz, 56, 45 %, 0x0000000000000001, P8
2026/09/24 20:38:02.487, 10.38 W, 630 MHz, 810 MHz, 56, 43 %, 0x0000000000000001, P5
2026/09/24 20:38:03.488, 10.38 W, 705 MHz, 810 MHz, 56, 37 %, 0x0000000000000001, P5
2026/09/24 20:38:04.497, 10.46 W, 720 MHz, 810 MHz, 56, 32 %, 0x0000000000000001, P5
2026/09/24 20:38:05.510, 10.45 W, 720 MHz, 810 MHz, 56, 19 %, 0x0000000000000001, P5
2026/09/24 20:38:06.519, 10.21 W, 465 MHz, 810 MHz, 56, 29 %, 0x0000000000000001, P5
2026/09/24 20:38:07.534, 7.96 W, 405 MHz, 405 MHz, 56, 19 %, 0x0000000000000001, P8
2026/09/24 20:38:08.536, 7.96 W, 360 MHz, 405 MHz, 56, 44 %, 0x0000000000000001, P8
2026/09/24 20:38:09.548, 10.37 W, 525 MHz, 810 MHz, 56, 37 %, 0x0000000000000001, P5
2026/09/24 20:38:10.556, 10.29 W, 525 MHz, 810 MHz, 56, 34 %, 0x0000000000000001, P5
2026/09/24 20:38:11.569, 10.24 W, 465 MHz, 810 MHz, 56, 31 %, 0x0000000000000001, P5
2026/09/24 20:38:12.572, 10.22 W, 480 MHz, 810 MHz, 56, 32 %, 0x0000000000000001, P5
2026/09/24 20:38:13.574, 10.15 W, 480 MHz, 810 MHz, 56, 23 %, 0x0000000000000001, P5
2026/09/24 20:38:14.578, 10.19 W, 525 MHz, 810 MHz, 56, 18 %, 0x0000000000000001, P5
2026/09/24 20:38:15.581, 10.26 W, 525 MHz, 810 MHz, 56, 25 %, 0x0000000000000001, P5
2026/09/24 20:38:16.584, 7.99 W, 405 MHz, 405 MHz, 56, 41 %, 0x0000000000000001, P8
2026/09/24 20:38:17.593, 10.35 W, 525 MHz, 810 MHz, 56, 32 %, 0x0000000000000001, P5
2026/09/24 20:38:18.606, 10.50 W, 645 MHz, 810 MHz, 56, 27 %, 0x0000000000000001, P5
2026/09/24 20:38:19.611, 10.41 W, 645 MHz, 810 MHz, 56, 27 %, 0x0000000000000001, P5
2026/09/24 20:38:20.621, 10.39 W, 495 MHz, 810 MHz, 56, 39 %, 0x0000000000000001, P5
2026/09/24 20:38:21.627, 10.21 W, 495 MHz, 810 MHz, 56, 42 %, 0x0000000000000001, P5
2026/09/24 20:38:22.631, 10.33 W, 510 MHz, 810 MHz, 56, 38 %, 0x0000000000000001, P5
2026/09/24 20:38:23.633, 10.41 W, 510 MHz, 810 MHz, 56, 48 %, 0x0000000000000001, P5
2026/09/24 20:38:24.636, 10.48 W, 660 MHz, 810 MHz, 56, 32 %, 0x0000000000000001, P5
2026/09/24 20:38:25.650, 10.53 W, 660 MHz, 810 MHz, 56, 41 %, 0x0000000000000001, P5
2026/09/24 20:38:26.652, 10.47 W, 585 MHz, 810 MHz, 56, 35 %, 0x0000000000000001, P5
2026/09/24 20:38:27.660, 10.03 W, 600 MHz, 810 MHz, 56, 0 %, 0x0000000000000001, P5
2026/09/24 20:38:28.671, 15.01 W, 1200 MHz, 5501 MHz, 57, 29 %, 0x0000000000000001, P4
2026/09/24 20:38:29.679, 16.60 W, 1200 MHz, 7001 MHz, 57, 22 %, 0x0000000000000001, P3
2026/09/24 20:38:30.691, 32.42 W, 1995 MHz, 7001 MHz, 59, 49 %, 0x0000000000000000, P3
2026/09/24 20:38:31.705, 17.28 W, 1995 MHz, 7001 MHz, 59, 2 %, 0x0000000000000024, P3
2026/09/24 20:38:32.720, 17.76 W, 1455 MHz, 5501 MHz, 58, 20 %, 0x0000000000000001, P4
2026/09/24 20:38:33.730, 16.21 W, 1185 MHz, 7001 MHz, 58, 32 %, 0x0000000000000001, P3
2026/09/24 20:38:34.743, 14.81 W, 1005 MHz, 5501 MHz, 58, 29 %, 0x0000000000000001, P4
2026/09/24 20:38:35.745, 14.36 W, 930 MHz, 5501 MHz, 58, 34 %, 0x0000000000000001, P4
2026/09/24 20:38:36.753, 17.29 W, 1995 MHz, 7801 MHz, 59, 0 %, 0x0000000000000000, P1
2026/09/24 20:38:37.766, 17.20 W, 1995 MHz, 7001 MHz, 59, 0 %, 0x0000000000000024, P3
2026/09/24 20:38:38.776, 12.43 W, 375 MHz, 5501 MHz, 58, 0 %, 0x0000000000000024, P4
2026/09/24 20:38:39.788, 8.87 W, 240 MHz, 810 MHz, 57, 0 %, 0x0000000000000001, P5
2026/09/24 20:38:40.795, 8.35 W, 210 MHz, 810 MHz, 57, 0 %, 0x0000000000000001, P5
2026/09/24 20:38:41.809, 8.00 W, 210 MHz, 810 MHz, 57, 0 %, 0x0000000000000001, P8
2026/09/24 20:38:42.817, 14.26 W, 1530 MHz, 7001 MHz, 57, 0 %, 0x0000000000000024, P3
2026/09/24 20:38:43.826, 14.36 W, 1530 MHz, 7001 MHz, 58, 0 %, 0x0000000000000024, P3
2026/09/24 20:38:44.831, 14.66 W, 1530 MHz, 7001 MHz, 58, 0 %, 0x0000000000000024, P3
2026/09/24 20:38:45.833, 22.74 W, 1530 MHz, 7001 MHz, 59, 35 %, 0x0000000000000001, P3
2026/09/24 20:38:46.834, 17.25 W, 1995 MHz, 7001 MHz, 58, 0 %, 0x0000000000000024, P3
2026/09/24 20:38:47.834, 18.47 W, 1995 MHz, 5501 MHz, 59, 18 %, 0x0000000000000000, P4
2026/09/24 20:38:48.842, 12.75 W, 975 MHz, 5501 MHz, 58, 20 %, 0x0000000000000001, P4
2026/09/24 20:38:49.843, 11.47 W, 765 MHz, 810 MHz, 57, 28 %, 0x0000000000000001, P5
2026/09/24 20:38:50.844, 10.64 W, 675 MHz, 810 MHz, 57, 35 %, 0x0000000000000001, P5
2026/09/24 20:38:51.848, 10.62 W, 780 MHz, 810 MHz, 57, 37 %, 0x0000000000000001, P5
2026/09/24 20:38:52.857, 10.51 W, 780 MHz, 810 MHz, 57, 20 %, 0x0000000000000001, P5
2026/09/24 20:38:53.871, 10.43 W, 585 MHz, 810 MHz, 57, 30 %, 0x0000000000000001, P5
2026/09/24 20:38:54.877, 10.43 W, 555 MHz, 810 MHz, 57, 35 %, 0x0000000000000001, P5
2026/09/24 20:38:55.884, 10.38 W, 525 MHz, 810 MHz, 57, 37 %, 0x0000000000000001, P5
2026/09/24 20:38:56.891, 10.47 W, 630 MHz, 810 MHz, 57, 35 %, 0x0000000000000001, P5
2026/09/24 20:38:57.896, 10.64 W, 840 MHz, 810 MHz, 57, 46 %, 0x0000000000000001, P5
2026/09/24 20:38:58.903, 10.64 W, 870 MHz, 810 MHz, 57, 29 %, 0x0000000000000001, P5
2026/09/24 20:38:59.915, 10.69 W, 870 MHz, 810 MHz, 57, 32 %, 0x0000000000000001, P5
2026/09/24 20:39:00.923, 10.64 W, 720 MHz, 810 MHz, 57, 40 %, 0x0000000000000001, P5
2026/09/24 20:39:01.936, 10.39 W, 660 MHz, 810 MHz, 57, 20 %, 0x0000000000000001, P5
2026/09/24 20:39:02.948, 10.47 W, 600 MHz, 810 MHz, 57, 28 %, 0x0000000000000001, P5
2026/09/24 20:39:03.954, 10.40 W, 525 MHz, 810 MHz, 57, 38 %, 0x0000000000000001, P5
2026/09/24 20:39:04.962, 10.30 W, 495 MHz, 810 MHz, 57, 29 %, 0x0000000000000001, P5
2026/09/24 20:39:05.970, 10.47 W, 645 MHz, 810 MHz, 57, 32 %, 0x0000000000000001, P5
2026/09/24 20:39:06.983, 10.51 W, 645 MHz, 810 MHz, 57, 35 %, 0x0000000000000001, P5
2026/09/24 20:39:07.990, 10.41 W, 555 MHz, 810 MHz, 57, 32 %, 0x0000000000000001, P5
2026/09/24 20:39:08.997, 10.49 W, 705 MHz, 810 MHz, 57, 42 %, 0x0000000000000001, P5
2026/09/24 20:39:10.001, 10.62 W, 810 MHz, 810 MHz, 57, 41 %, 0x0000000000000001, P5
2026/09/24 20:39:11.015, 10.85 W, 1005 MHz, 810 MHz, 57, 28 %, 0x0000000000000001, P5
2026/09/24 20:39:12.026, 10.98 W, 1080 MHz, 810 MHz, 57, 22 %, 0x0000000000000001, P5
2026/09/24 20:39:13.040, 10.92 W, 1080 MHz, 810 MHz, 57, 25 %, 0x0000000000000001, P5
2026/09/24 20:39:14.049, 10.61 W, 780 MHz, 810 MHz, 57, 33 %, 0x0000000000000001, P5
2026/09/24 20:39:15.051, 10.50 W, 675 MHz, 810 MHz, 57, 25 %, 0x0000000000000001, P5
2026/09/24 20:39:16.060, 10.29 W, 600 MHz, 810 MHz, 57, 19 %, 0x0000000000000001, P5
2026/09/24 20:39:17.065, 10.40 W, 555 MHz, 810 MHz, 57, 34 %, 0x0000000000000001, P5
2026/09/24 20:39:18.066, 10.60 W, 705 MHz, 810 MHz, 57, 33 %, 0x0000000000000001, P5
2026/09/24 20:39:19.070, 10.54 W, 720 MHz, 810 MHz, 57, 33 %, 0x0000000000000001, P5
2026/09/24 20:39:20.071, 10.80 W, 930 MHz, 810 MHz, 57, 42 %, 0x0000000000000001, P5
2026/09/24 20:39:21.078, 10.81 W, 960 MHz, 810 MHz, 57, 41 %, 0x0000000000000001, P5
2026/09/24 20:39:22.085, 10.74 W, 960 MHz, 810 MHz, 57, 22 %, 0x0000000000000001, P5
2026/09/24 20:39:23.098, 10.30 W, 630 MHz, 810 MHz, 57, 17 %, 0x0000000000000001, P5
2026/09/24 20:39:24.108, 10.34 W, 540 MHz, 810 MHz, 57, 26 %, 0x0000000000000001, P5
2026/09/24 20:39:25.123, 10.22 W, 480 MHz, 810 MHz, 57, 17 %, 0x0000000000000001, P5
2026/09/24 20:39:26.135, 10.31 W, 435 MHz, 810 MHz, 57, 30 %, 0x0000000000000001, P5
2026/09/24 20:39:27.136, 10.43 W, 555 MHz, 810 MHz, 57, 33 %, 0x0000000000000001, P5
2026/09/24 20:39:28.143, 10.41 W, 555 MHz, 810 MHz, 57, 45 %, 0x0000000000000001, P5
2026/09/24 20:39:29.156, 10.38 W, 540 MHz, 810 MHz, 57, 38 %, 0x0000000000000001, P5
2026/09/24 20:39:30.168, 10.91 W, 1020 MHz, 810 MHz, 57, 21 %, 0x0000000000000001, P5
2026/09/24 20:39:31.177, 10.82 W, 1020 MHz, 810 MHz, 57, 30 %, 0x0000000000000001, P5
2026/09/24 20:39:32.187, 10.73 W, 900 MHz, 810 MHz, 57, 26 %, 0x0000000000000001, P5
2026/09/24 20:39:33.190, 10.78 W, 975 MHz, 810 MHz, 57, 32 %, 0x0000000000000001, P5
2026/09/24 20:39:34.204, 10.65 W, 975 MHz, 810 MHz, 57, 15 %, 0x0000000000000001, P5
2026/09/24 20:39:35.214, 10.59 W, 765 MHz, 810 MHz, 57, 34 %, 0x0000000000000001, P5
2026/09/24 20:39:36.230, 10.40 W, 630 MHz, 810 MHz, 57, 27 %, 0x0000000000000001, P5
2026/09/24 20:39:37.235, 10.48 W, 555 MHz, 810 MHz, 57, 30 %, 0x0000000000000001, P5
2026/09/24 20:39:38.237, 10.38 W, 630 MHz, 810 MHz, 57, 28 %, 0x0000000000000001, P5
2026/09/24 20:39:39.240, 10.53 W, 630 MHz, 810 MHz, 57, 42 %, 0x0000000000000001, P5
2026/09/24 20:39:40.242, 10.49 W, 705 MHz, 810 MHz, 57, 31 %, 0x0000000000000001, P5
2026/09/24 20:39:41.248, 10.51 W, 765 MHz, 810 MHz, 57, 37 %, 0x0000000000000001, P5
2026/09/24 20:39:42.252, 10.65 W, 825 MHz, 810 MHz, 57, 36 %, 0x0000000000000001, P5
2026/09/24 20:39:43.255, 10.65 W, 855 MHz, 810 MHz, 56, 35 %, 0x0000000000000001, P5
2026/09/24 20:39:44.259, 10.72 W, 930 MHz, 810 MHz, 56, 34 %, 0x0000000000000001, P5
2026/09/24 20:39:45.274, 10.61 W, 930 MHz, 810 MHz, 56, 16 %, 0x0000000000000001, P5
2026/09/24 20:39:46.284, 10.41 W, 585 MHz, 810 MHz, 56, 41 %, 0x0000000000000001, P5
2026/09/24 20:39:47.289, 10.37 W, 495 MHz, 810 MHz, 56, 32 %, 0x0000000000000001, P5
2026/09/24 20:39:48.293, 10.24 W, 435 MHz, 810 MHz, 56, 33 %, 0x0000000000000001, P5
2026/09/24 20:39:49.294, 10.26 W, 465 MHz, 810 MHz, 56, 32 %, 0x0000000000000001, P5
2026/09/24 20:39:50.304, 10.32 W, 495 MHz, 810 MHz, 56, 34 %, 0x0000000000000001, P5
2026/09/24 20:39:51.318, 10.29 W, 495 MHz, 810 MHz, 56, 33 %, 0x0000000000000001, P5
2026/09/24 20:39:52.329, 10.31 W, 510 MHz, 810 MHz, 56, 34 %, 0x0000000000000001, P5
2026/09/24 20:39:53.336, 10.47 W, 675 MHz, 810 MHz, 56, 37 %, 0x0000000000000001, P5
2026/09/24 20:39:54.343, 10.69 W, 870 MHz, 810 MHz, 56, 44 %, 0x0000000000000001, P5
2026/09/24 20:39:55.355, 12.24 W, 1110 MHz, 5501 MHz, 57, 26 %, 0x0000000000000001, P4
2026/09/24 20:39:56.363, 13.72 W, 1110 MHz, 7001 MHz, 57, 18 %, 0x0000000000000001, P3
2026/09/24 20:39:57.371, 10.45 W, 615 MHz, 810 MHz, 57, 29 %, 0x0000000000000001, P5
2026/09/24 20:39:58.384, 10.28 W, 525 MHz, 810 MHz, 56, 20 %, 0x0000000000000001, P5
2026/09/24 20:39:59.398, 10.46 W, 480 MHz, 810 MHz, 57, 37 %, 0x0000000000000001, P5
2026/09/24 20:40:00.399, 10.39 W, 585 MHz, 810 MHz, 57, 31 %, 0x0000000000000001, P5
2026/09/24 20:40:01.402, 10.38 W, 585 MHz, 810 MHz, 57, 34 %, 0x0000000000000001, P5
2026/09/24 20:40:02.409, 10.45 W, 675 MHz, 810 MHz, 57, 33 %, 0x0000000000000001, P5
2026/09/24 20:40:03.410, 10.51 W, 765 MHz, 810 MHz, 56, 37 %, 0x0000000000000001, P5
2026/09/24 20:40:04.417, 10.62 W, 840 MHz, 810 MHz, 56, 40 %, 0x0000000000000001, P5
2026/09/24 20:40:05.421, 10.65 W, 915 MHz, 810 MHz, 56, 36 %, 0x0000000000000001, P5
2026/09/24 20:40:06.424, 10.77 W, 990 MHz, 810 MHz, 56, 35 %, 0x0000000000000001, P5
2026/09/24 20:40:07.434, 10.68 W, 990 MHz, 810 MHz, 56, 18 %, 0x0000000000000001, P5
2026/09/24 20:40:08.442, 10.50 W, 675 MHz, 810 MHz, 56, 27 %, 0x0000000000000001, P5
2026/09/24 20:40:09.457, 10.29 W, 585 MHz, 810 MHz, 56, 26 %, 0x0000000000000001, P5
2026/09/24 20:40:10.464, 10.28 W, 510 MHz, 810 MHz, 56, 29 %, 0x0000000000000001, P5
2026/09/24 20:40:11.467, 10.31 W, 480 MHz, 810 MHz, 56, 31 %, 0x0000000000000001, P5
2026/09/24 20:40:12.474, 10.20 W, 450 MHz, 810 MHz, 56, 35 %, 0x0000000000000001, P5
2026/09/24 20:40:13.485, 10.39 W, 555 MHz, 810 MHz, 56, 29 %, 0x0000000000000001, P5
2026/09/24 20:40:14.491, 10.29 W, 555 MHz, 810 MHz, 56, 35 %, 0x0000000000000001, P5
2026/09/24 20:40:15.493, 10.39 W, 645 MHz, 810 MHz, 56, 37 %, 0x0000000000000001, P5
2026/09/24 20:40:16.496, 10.53 W, 780 MHz, 810 MHz, 56, 38 %, 0x0000000000000001, P5
2026/09/24 20:40:17.501, 10.52 W, 780 MHz, 810 MHz, 56, 28 %, 0x0000000000000001, P5
2026/09/24 20:40:18.515, 10.36 W, 615 MHz, 810 MHz, 56, 36 %, 0x0000000000000001, P5
2026/09/24 20:40:19.523, 10.35 W, 570 MHz, 810 MHz, 56, 32 %, 0x0000000000000001, P5
2026/09/24 20:40:20.529, 10.01 W, 495 MHz, 810 MHz, 56, 9 %, 0x0000000000000001, P5
2026/09/24 20:40:21.532, 7.51 W, 405 MHz, 405 MHz, 56, 38 %, 0x0000000000000001, P8
2026/09/24 20:40:22.547, 10.46 W, 435 MHz, 810 MHz, 56, 54 %, 0x0000000000000001, P5
2026/09/24 20:40:23.552, 10.41 W, 540 MHz, 810 MHz, 56, 38 %, 0x0000000000000001, P5
2026/09/24 20:40:24.556, 10.41 W, 480 MHz, 810 MHz, 56, 47 %, 0x0000000000000001, P5
2026/09/24 20:40:25.562, 10.43 W, 540 MHz, 810 MHz, 56, 41 %, 0x0000000000000001, P5
2026/09/24 20:40:26.567, 10.48 W, 720 MHz, 810 MHz, 56, 23 %, 0x0000000000000001, P5
2026/09/24 20:40:27.572, 10.73 W, 900 MHz, 810 MHz, 56, 38 %, 0x0000000000000001, P5
2026/09/24 20:40:28.577, 10.79 W, 915 MHz, 810 MHz, 56, 37 %, 0x0000000000000001, P5
2026/09/24 20:40:29.585, 10.43 W, 915 MHz, 810 MHz, 56, 0 %, 0x0000000000000001, P5
2026/09/24 20:40:30.593, 10.40 W, 660 MHz, 810 MHz, 56, 28 %, 0x0000000000000001, P5
2026/09/24 20:40:31.600, 10.43 W, 585 MHz, 810 MHz, 56, 26 %, 0x0000000000000001, P5
2026/09/24 20:40:32.607, 10.48 W, 570 MHz, 810 MHz, 56, 37 %, 0x0000000000000001, P5
2026/09/24 20:40:33.614, 10.45 W, 705 MHz, 810 MHz, 56, 27 %, 0x0000000000000001, P5
2026/09/24 20:40:34.619, 10.53 W, 705 MHz, 810 MHz, 56, 39 %, 0x0000000000000001, P5
2026/09/24 20:40:35.625, 10.43 W, 645 MHz, 810 MHz, 56, 44 %, 0x0000000000000001, P5
2026/09/24 20:40:36.630, 10.58 W, 840 MHz, 810 MHz, 56, 33 %, 0x0000000000000001, P5
2026/09/24 20:40:37.635, 10.67 W, 900 MHz, 810 MHz, 56, 36 %, 0x0000000000000001, P5
2026/09/24 20:40:38.644, 10.69 W, 900 MHz, 810 MHz, 56, 43 %, 0x0000000000000001, P5
2026/09/24 20:40:39.659, 10.53 W, 795 MHz, 810 MHz, 56, 33 %, 0x0000000000000001, P5
2026/09/24 20:40:40.671, 10.60 W, 720 MHz, 810 MHz, 56, 13 %, 0x0000000000000001, P5
2026/09/24 20:40:41.672, 10.32 W, 555 MHz, 810 MHz, 56, 30 %, 0x0000000000000001, P5
2026/09/24 20:40:42.678, 10.27 W, 495 MHz, 810 MHz, 56, 22 %, 0x0000000000000001, P5
2026/09/24 20:40:43.693, 9.33 W, 450 MHz, 810 MHz, 56, 33 %, 0x0000000000000001, P5
2026/09/24 20:40:44.702, 10.40 W, 570 MHz, 810 MHz, 56, 39 %, 0x0000000000000001, P5
2026/09/24 20:40:45.704, 10.37 W, 570 MHz, 810 MHz, 56, 36 %, 0x0000000000000001, P5
2026/09/24 20:40:46.714, 10.42 W, 585 MHz, 810 MHz, 56, 39 %, 0x0000000000000001, P5
2026/09/24 20:40:47.721, 10.34 W, 585 MHz, 810 MHz, 56, 32 %, 0x0000000000000001, P5
2026/09/24 20:40:48.722, 10.31 W, 525 MHz, 810 MHz, 56, 40 %, 0x0000000000000001, P5
2026/09/24 20:40:49.724, 10.39 W, 570 MHz, 810 MHz, 56, 30 %, 0x0000000000000001, P5
2026/09/24 20:40:50.730, 10.38 W, 495 MHz, 810 MHz, 56, 40 %, 0x0000000000000001, P5
2026/09/24 20:40:51.734, 10.39 W, 615 MHz, 810 MHz, 56, 26 %, 0x0000000000000001, P5
2026/09/24 20:40:52.749, 10.38 W, 525 MHz, 810 MHz, 56, 37 %, 0x0000000000000001, P5
2026/09/24 20:40:53.752, 10.28 W, 495 MHz, 810 MHz, 56, 31 %, 0x0000000000000001, P5
2026/09/24 20:40:54.761, 10.39 W, 570 MHz, 810 MHz, 56, 39 %, 0x0000000000000001, P5
2026/09/24 20:40:55.768, 10.32 W, 600 MHz, 810 MHz, 56, 33 %, 0x0000000000000001, P5
2026/09/24 20:40:56.769, 10.44 W, 600 MHz, 810 MHz, 56, 40 %, 0x0000000000000001, P5
2026/09/24 20:40:57.772, 10.54 W, 705 MHz, 810 MHz, 56, 38 %, 0x0000000000000001, P5
2026/09/24 20:40:58.773, 10.47 W, 705 MHz, 810 MHz, 56, 34 %, 0x0000000000000001, P5
2026/09/24 20:40:59.780, 10.56 W, 750 MHz, 810 MHz, 56, 33 %, 0x0000000000000001, P5
2026/09/24 20:41:00.782, 10.46 W, 750 MHz, 810 MHz, 56, 33 %, 0x0000000000000001, P5
2026/09/24 20:41:01.785, 10.33 W, 585 MHz, 810 MHz, 56, 24 %, 0x0000000000000001, P5
2026/09/24 20:41:02.786, 10.15 W, 495 MHz, 810 MHz, 56, 16 %, 0x0000000000000001, P5
2026/09/24 20:41:03.791, 10.23 W, 420 MHz, 810 MHz, 56, 32 %, 0x0000000000000001, P5
2026/09/24 20:41:04.797, 7.87 W, 375 MHz, 405 MHz, 56, 31 %, 0x0000000000000001, P8
2026/09/24 20:41:05.810, 10.29 W, 450 MHz, 810 MHz, 56, 40 %, 0x0000000000000001, P5
2026/09/24 20:41:06.821, 10.28 W, 450 MHz, 810 MHz, 56, 31 %, 0x0000000000000001, P5
2026/09/24 20:41:07.835, 7.93 W, 405 MHz, 405 MHz, 56, 37 %, 0x0000000000000001, P8
2026/09/24 20:41:08.845, 10.31 W, 480 MHz, 810 MHz, 56, 37 %, 0x0000000000000001, P5
2026/09/24 20:41:09.858, 10.29 W, 480 MHz, 810 MHz, 56, 28 %, 0x0000000000000001, P5
2026/09/24 20:41:10.869, 10.28 W, 465 MHz, 810 MHz, 56, 42 %, 0x0000000000000001, P5
2026/09/24 20:41:11.875, 10.34 W, 510 MHz, 810 MHz, 56, 41 %, 0x0000000000000001, P5
2026/09/24 20:41:12.887, 10.34 W, 555 MHz, 810 MHz, 56, 33 %, 0x0000000000000001, P5
2026/09/24 20:41:13.901, 10.35 W, 450 MHz, 810 MHz, 56, 26 %, 0x0000000000000001, P5
2026/09/24 20:41:14.903, 10.34 W, 465 MHz, 810 MHz, 56, 51 %, 0x0000000000000001, P5
2026/09/24 20:41:15.918, 10.45 W, 600 MHz, 810 MHz, 56, 26 %, 0x0000000000000001, P5
2026/09/24 20:41:16.920, 10.40 W, 600 MHz, 810 MHz, 56, 28 %, 0x0000000000000001, P5
2026/09/24 20:41:17.931, 10.33 W, 480 MHz, 810 MHz, 56, 30 %, 0x0000000000000001, P5
2026/09/24 20:41:18.940, 10.24 W, 480 MHz, 810 MHz, 56, 38 %, 0x0000000000000001, P5
2026/09/24 20:41:19.943, 10.34 W, 480 MHz, 810 MHz, 56, 44 %, 0x0000000000000001, P5
2026/09/24 20:41:20.949, 10.23 W, 420 MHz, 810 MHz, 56, 48 %, 0x0000000000000001, P5
2026/09/24 20:41:21.955, 10.32 W, 555 MHz, 810 MHz, 56, 22 %, 0x0000000000000001, P5
2026/09/24 20:41:22.960, 10.26 W, 450 MHz, 810 MHz, 56, 30 %, 0x0000000000000001, P5
2026/09/24 20:41:23.963, 10.27 W, 480 MHz, 810 MHz, 56, 43 %, 0x0000000000000001, P5
2026/09/24 20:41:24.969, 10.24 W, 480 MHz, 810 MHz, 56, 28 %, 0x0000000000000001, P5
2026/09/24 20:41:25.976, 10.32 W, 555 MHz, 810 MHz, 56, 47 %, 0x0000000000000001, P5
2026/09/24 20:41:26.989, 10.61 W, 705 MHz, 810 MHz, 56, 51 %, 0x0000000000000001, P5
2026/09/24 20:41:27.991, 10.47 W, 705 MHz, 810 MHz, 56, 17 %, 0x0000000000000001, P5
2026/09/24 20:41:28.993, 10.35 W, 510 MHz, 810 MHz, 56, 26 %, 0x0000000000000001, P5
2026/09/24 20:41:30.002, 10.37 W, 480 MHz, 810 MHz, 56, 45 %, 0x0000000000000001, P5
2026/09/24 20:41:31.006, 10.28 W, 435 MHz, 810 MHz, 56, 36 %, 0x0000000000000001, P5
2026/09/24 20:41:32.010, 10.35 W, 540 MHz, 810 MHz, 56, 41 %, 0x0000000000000001, P5
2026/09/24 20:41:33.016, 10.50 W, 675 MHz, 810 MHz, 56, 33 %, 0x0000000000000001, P5
2026/09/24 20:41:34.030, 10.36 W, 675 MHz, 810 MHz, 56, 18 %, 0x0000000000000001, P5
2026/09/24 20:41:35.054, 10.38 W, 510 MHz, 810 MHz, 56, 48 %, 0x0000000000000001, P5
2026/09/24 20:41:36.063, 10.40 W, 555 MHz, 810 MHz, 56, 36 %, 0x0000000000000001, P5
2026/09/24 20:41:37.073, 10.36 W, 555 MHz, 810 MHz, 56, 36 %, 0x0000000000000001, P5
2026/09/24 20:41:38.076, 10.40 W, 540 MHz, 810 MHz, 56, 50 %, 0x0000000000000001, P5
2026/09/24 20:41:39.081, 10.58 W, 735 MHz, 810 MHz, 56, 46 %, 0x0000000000000001, P5
2026/09/24 20:41:40.082, 10.56 W, 810 MHz, 810 MHz, 56, 35 %, 0x0000000000000001, P5
2026/09/24 20:41:41.086, 10.62 W, 810 MHz, 810 MHz, 56, 44 %, 0x0000000000000001, P5
2026/09/24 20:41:42.092, 10.62 W, 870 MHz, 810 MHz, 56, 30 %, 0x0000000000000001, P5
2026/09/24 20:41:43.101, 10.72 W, 900 MHz, 810 MHz, 56, 35 %, 0x0000000000000001, P5
2026/09/24 20:41:44.109, 10.66 W, 900 MHz, 810 MHz, 56, 27 %, 0x0000000000000001, P5
2026/09/24 20:41:45.110, 10.60 W, 780 MHz, 810 MHz, 56, 34 %, 0x0000000000000001, P5
2026/09/24 20:41:46.123, 10.58 W, 855 MHz, 810 MHz, 56, 35 %, 0x0000000000000001, P5
2026/09/24 20:41:47.136, 10.60 W, 855 MHz, 810 MHz, 56, 32 %, 0x0000000000000001, P5
2026/09/24 20:41:48.149, 10.42 W, 675 MHz, 810 MHz, 56, 23 %, 0x0000000000000001, P5
2026/09/24 20:41:49.164, 10.39 W, 585 MHz, 810 MHz, 56, 27 %, 0x0000000000000001, P5
2026/09/24 20:41:50.168, 10.33 W, 540 MHz, 810 MHz, 56, 32 %, 0x0000000000000001, P5
2026/09/24 20:41:51.177, 10.31 W, 570 MHz, 810 MHz, 56, 26 %, 0x0000000000000001, P5
2026/09/24 20:41:52.180, 10.34 W, 630 MHz, 810 MHz, 56, 21 %, 0x0000000000000001, P5
2026/09/24 20:41:53.191, 10.46 W, 660 MHz, 810 MHz, 56, 42 %, 0x0000000000000001, P5
2026/09/24 20:41:54.205, 10.50 W, 720 MHz, 810 MHz, 56, 28 %, 0x0000000000000001, P5
2026/09/24 20:41:55.213, 10.38 W, 615 MHz, 810 MHz, 56, 45 %, 0x0000000000000001, P5
2026/09/24 20:41:56.220, 10.54 W, 795 MHz, 810 MHz, 56, 41 %, 0x0000000000000001, P5
2026/09/24 20:41:57.229, 10.57 W, 810 MHz, 810 MHz, 56, 30 %, 0x0000000000000001, P5
2026/09/24 20:41:58.236, 10.46 W, 600 MHz, 810 MHz, 56, 20 %, 0x0000000000000001, P5
2026/09/24 20:41:59.244, 10.30 W, 510 MHz, 810 MHz, 56, 21 %, 0x0000000000000001, P5
2026/09/24 20:42:00.258, 10.16 W, 435 MHz, 810 MHz, 56, 24 %, 0x0000000000000001, P5
2026/09/24 20:42:01.268, 7.89 W, 390 MHz, 405 MHz, 56, 33 %, 0x0000000000000001, P8
2026/09/24 20:42:02.278, 10.38 W, 450 MHz, 810 MHz, 56, 39 %, 0x0000000000000001, P5
2026/09/24 20:42:03.292, 10.30 W, 465 MHz, 810 MHz, 56, 33 %, 0x0000000000000001, P5
2026/09/24 20:42:04.300, 10.30 W, 495 MHz, 810 MHz, 56, 43 %, 0x0000000000000001, P5
2026/09/24 20:42:05.310, 10.28 W, 525 MHz, 810 MHz, 56, 25 %, 0x0000000000000001, P5
2026/09/24 20:42:06.313, 10.30 W, 450 MHz, 810 MHz, 56, 33 %, 0x0000000000000001, P5
2026/09/24 20:42:07.315, 10.22 W, 435 MHz, 810 MHz, 56, 38 %, 0x0000000000000001, P5
2026/09/24 20:42:08.322, 10.21 W, 405 MHz, 405 MHz, 56, 34 %, 0x0000000000000001, P8
2026/09/24 20:42:09.327, 7.83 W, 360 MHz, 405 MHz, 56, 27 %, 0x0000000000000001, P8
2026/09/24 20:42:10.339, 7.80 W, 330 MHz, 405 MHz, 56, 32 %, 0x0000000000000001, P8
2026/09/24 20:42:11.341, 7.73 W, 360 MHz, 405 MHz, 56, 12 %, 0x0000000000000001, P8
2026/09/24 20:42:12.349, 7.86 W, 330 MHz, 405 MHz, 56, 29 %, 0x0000000000000001, P8
2026/09/24 20:42:13.361, 7.81 W, 345 MHz, 405 MHz, 56, 46 %, 0x0000000000000001, P8
2026/09/24 20:42:14.376, 7.92 W, 450 MHz, 810 MHz, 56, 58 %, 0x0000000000000001, P5
2026/09/24 20:42:15.382, 10.25 W, 450 MHz, 810 MHz, 56, 28 %, 0x0000000000000001, P5
2026/09/24 20:42:16.391, 10.27 W, 465 MHz, 810 MHz, 56, 34 %, 0x0000000000000001, P5
2026/09/24 20:42:17.403, 10.22 W, 465 MHz, 810 MHz, 56, 35 %, 0x0000000000000001, P5
2026/09/24 20:42:18.407, 10.26 W, 510 MHz, 810 MHz, 56, 30 %, 0x0000000000000001, P5
2026/09/24 20:42:19.409, 10.32 W, 510 MHz, 810 MHz, 56, 30 %, 0x0000000000000001, P5
2026/09/24 20:42:20.419, 7.90 W, 405 MHz, 405 MHz, 56, 38 %, 0x0000000000000001, P8
2026/09/24 20:42:21.426, 10.25 W, 465 MHz, 810 MHz, 56, 26 %, 0x0000000000000001, P5
2026/09/24 20:42:22.439, 10.11 W, 345 MHz, 405 MHz, 56, 14 %, 0x0000000000000001, P8
2026/09/24 20:42:23.443, 7.85 W, 315 MHz, 405 MHz, 56, 34 %, 0x0000000000000001, P8
2026/09/24 20:42:24.456, 7.83 W, 345 MHz, 405 MHz, 56, 27 %, 0x0000000000000001, P8
2026/09/24 20:42:25.501, 7.91 W, 420 MHz, 810 MHz, 56, 42 %, 0x0000000000000001, P5
2026/09/24 20:42:26.510, 10.23 W, 420 MHz, 810 MHz, 56, 27 %, 0x0000000000000001, P5
2026/09/24 20:42:27.523, 10.17 W, 435 MHz, 810 MHz, 56, 27 %, 0x0000000000000001, P5
2026/09/24 20:42:28.528, 10.28 W, 435 MHz, 810 MHz, 56, 35 %, 0x0000000000000001, P5
2026/09/24 20:42:29.539, 7.92 W, 405 MHz, 405 MHz, 56, 39 %, 0x0000000000000001, P8
2026/09/24 20:42:30.545, 10.26 W, 495 MHz, 810 MHz, 56, 31 %, 0x0000000000000001, P5
2026/09/24 20:42:31.557, 10.26 W, 375 MHz, 405 MHz, 56, 22 %, 0x0000000000000001, P8
2026/09/24 20:42:32.557, 10.20 W, 465 MHz, 810 MHz, 56, 15 %, 0x0000000000000001, P5
2026/09/24 20:42:33.568, 10.15 W, 465 MHz, 810 MHz, 56, 16 %, 0x0000000000000001, P5
2026/09/24 20:42:34.572, 8.31 W, 315 MHz, 405 MHz, 56, 38 %, 0x0000000000000001, P8
2026/09/24 20:42:35.580, 10.29 W, 495 MHz, 810 MHz, 56, 26 %, 0x0000000000000001, P5
2026/09/24 20:42:36.582, 10.27 W, 495 MHz, 810 MHz, 57, 31 %, 0x0000000000000001, P5
2026/09/24 20:42:37.595, 10.32 W, 585 MHz, 810 MHz, 57, 27 %, 0x0000000000000001, P5
2026/09/24 20:42:38.605, 10.29 W, 585 MHz, 810 MHz, 57, 25 %, 0x0000000000000001, P5
2026/09/24 20:42:39.611, 10.29 W, 570 MHz, 810 MHz, 56, 37 %, 0x0000000000000001, P5
2026/09/24 20:42:40.614, 10.35 W, 570 MHz, 810 MHz, 56, 32 %, 0x0000000000000001, P5
2026/09/24 20:42:41.623, 10.31 W, 525 MHz, 810 MHz, 56, 36 %, 0x0000000000000001, P5
2026/09/24 20:42:42.637, 10.07 W, 465 MHz, 810 MHz, 56, 19 %, 0x0000000000000001, P5
2026/09/24 20:42:43.648, 10.23 W, 435 MHz, 810 MHz, 56, 25 %, 0x0000000000000001, P5
2026/09/24 20:42:44.660, 7.84 W, 375 MHz, 405 MHz, 56, 41 %, 0x0000000000000001, P8
2026/09/24 20:42:45.663, 10.23 W, 450 MHz, 810 MHz, 56, 30 %, 0x0000000000000001, P5
2026/09/24 20:42:46.677, 10.27 W, 510 MHz, 810 MHz, 56, 21 %, 0x0000000000000001, P5
2026/09/24 20:42:47.687, 10.26 W, 510 MHz, 810 MHz, 56, 32 %, 0x0000000000000001, P5
2026/09/24 20:42:48.698, 10.30 W, 465 MHz, 810 MHz, 56, 32 %, 0x0000000000000001, P5
2026/09/24 20:42:49.702, 10.25 W, 420 MHz, 810 MHz, 56, 32 %, 0x0000000000000001, P5
2026/09/24 20:42:50.704, 10.29 W, 495 MHz, 810 MHz, 56, 33 %, 0x0000000000000001, P5
2026/09/24 20:42:51.712, 10.35 W, 525 MHz, 810 MHz, 56, 46 %, 0x0000000000000001, P5
2026/09/24 20:42:52.725, 10.35 W, 570 MHz, 810 MHz, 56, 36 %, 0x0000000000000001, P5
2026/09/24 20:42:53.735, 10.35 W, 600 MHz, 810 MHz, 56, 28 %, 0x0000000000000001, P5
2026/09/24 20:42:54.741, 10.40 W, 600 MHz, 810 MHz, 56, 26 %, 0x0000000000000001, P5
2026/09/24 20:42:55.751, 10.22 W, 435 MHz, 810 MHz, 56, 26 %, 0x0000000000000001, P5
2026/09/24 20:42:56.764, 7.86 W, 375 MHz, 405 MHz, 56, 38 %, 0x0000000000000001, P8
2026/09/24 20:42:57.766, 7.94 W, 390 MHz, 405 MHz, 56, 52 %, 0x0000000000000001, P8
2026/09/24 20:42:58.775, 10.32 W, 450 MHz, 810 MHz, 57, 41 %, 0x0000000000000001, P5
2026/09/24 20:42:59.779, 10.44 W, 645 MHz, 810 MHz, 57, 40 %, 0x0000000000000001, P5
2026/09/24 20:43:00.782, 10.51 W, 645 MHz, 810 MHz, 57, 37 %, 0x0000000000000001, P5
2026/09/24 20:43:01.800, 10.41 W, 645 MHz, 810 MHz, 56, 31 %, 0x0000000000000001, P5
2026/09/24 20:43:02.807, 10.40 W, 645 MHz, 810 MHz, 56, 25 %, 0x0000000000000001, P5
2026/09/24 20:43:03.815, 10.36 W, 585 MHz, 810 MHz, 56, 37 %, 0x0000000000000001, P5
2026/09/24 20:43:04.821, 10.38 W, 585 MHz, 810 MHz, 56, 25 %, 0x0000000000000001, P5
2026/09/24 20:43:05.828, 10.23 W, 450 MHz, 810 MHz, 56, 45 %, 0x0000000000000001, P5
2026/09/24 20:43:06.830, 10.32 W, 435 MHz, 810 MHz, 56, 36 %, 0x0000000000000001, P5
2026/09/24 20:43:07.834, 10.37 W, 495 MHz, 810 MHz, 56, 49 %, 0x0000000000000001, P5
2026/09/24 20:43:08.838, 10.43 W, 615 MHz, 810 MHz, 56, 42 %, 0x0000000000000001, P5
2026/09/24 20:43:09.839, 10.34 W, 585 MHz, 810 MHz, 56, 31 %, 0x0000000000000001, P5
2026/09/24 20:43:10.846, 10.29 W, 540 MHz, 810 MHz, 56, 34 %, 0x0000000000000001, P5
2026/09/24 20:43:11.855, 10.34 W, 570 MHz, 810 MHz, 56, 42 %, 0x0000000000000001, P5
2026/09/24 20:43:12.862, 10.35 W, 615 MHz, 810 MHz, 56, 33 %, 0x0000000000000001, P5
2026/09/24 20:43:13.867, 10.32 W, 630 MHz, 810 MHz, 56, 27 %, 0x0000000000000001, P5
2026/09/24 20:43:14.882, 10.39 W, 630 MHz, 810 MHz, 56, 27 %, 0x0000000000000001, P5
2026/09/24 20:43:15.893, 10.23 W, 510 MHz, 810 MHz, 56, 22 %, 0x0000000000000001, P5
2026/09/24 20:43:16.906, 10.22 W, 420 MHz, 810 MHz, 56, 26 %, 0x0000000000000001, P5
2026/09/24 20:43:17.909, 10.20 W, 420 MHz, 810 MHz, 56, 18 %, 0x0000000000000001, P5
2026/09/24 20:43:18.918, 10.20 W, 420 MHz, 810 MHz, 56, 33 %, 0x0000000000000001, P5
2026/09/24 20:43:19.925, 7.81 W, 360 MHz, 405 MHz, 56, 29 %, 0x0000000000000001, P8
2026/09/24 20:43:20.933, 7.88 W, 390 MHz, 405 MHz, 56, 34 %, 0x0000000000000001, P8
2026/09/24 20:43:21.940, 10.37 W, 585 MHz, 810 MHz, 56, 34 %, 0x0000000000000001, P5
2026/09/24 20:43:22.946, 10.38 W, 585 MHz, 810 MHz, 56, 36 %, 0x0000000000000001, P5
2026/09/24 20:43:23.955, 10.33 W, 540 MHz, 810 MHz, 56, 32 %, 0x0000000000000001, P5
2026/09/24 20:43:24.958, 10.40 W, 570 MHz, 810 MHz, 56, 51 %, 0x0000000000000001, P5
2026/09/24 20:43:25.963, 10.42 W, 675 MHz, 810 MHz, 56, 34 %, 0x0000000000000001, P5
2026/09/24 20:43:26.973, 10.31 W, 675 MHz, 810 MHz, 56, 13 %, 0x0000000000000001, P5
2026/09/24 20:43:27.985, 10.24 W, 510 MHz, 810 MHz, 56, 34 %, 0x0000000000000001, P5
2026/09/24 20:43:28.991, 10.16 W, 450 MHz, 810 MHz, 56, 19 %, 0x0000000000000001, P5
2026/09/24 20:43:29.993, 7.99 W, 405 MHz, 405 MHz, 56, 21 %, 0x0000000000000001, P8
2026/09/24 20:43:31.002, 10.31 W, 540 MHz, 810 MHz, 56, 43 %, 0x0000000000000001, P5
2026/09/24 20:43:32.007, 10.31 W, 540 MHz, 810 MHz, 56, 30 %, 0x0000000000000001, P5
2026/09/24 20:43:33.023, 10.38 W, 615 MHz, 810 MHz, 56, 17 %, 0x0000000000000001, P5
2026/09/24 20:43:34.026, 10.59 W, 615 MHz, 810 MHz, 56, 37 %, 0x0000000000000001, P5
2026/09/24 20:43:35.026, 10.48 W, 600 MHz, 810 MHz, 56, 35 %, 0x0000000000000001, P5
2026/09/24 20:43:36.030, 10.75 W, 765 MHz, 810 MHz, 56, 49 %, 0x0000000000000001, P5
2026/09/24 20:43:37.033, 10.72 W, 825 MHz, 810 MHz, 56, 40 %, 0x0000000000000001, P5
2026/09/24 20:43:38.038, 10.79 W, 990 MHz, 810 MHz, 56, 35 %, 0x0000000000000001, P5
2026/09/24 20:43:39.043, 10.90 W, 1005 MHz, 810 MHz, 56, 29 %, 0x0000000000000001, P5
2026/09/24 20:43:40.053, 10.90 W, 1005 MHz, 810 MHz, 56, 37 %, 0x0000000000000001, P5
2026/09/24 20:43:41.057, 10.94 W, 1020 MHz, 810 MHz, 56, 32 %, 0x0000000000000001, P5
2026/09/24 20:43:42.063, 11.09 W, 1050 MHz, 810 MHz, 56, 42 %, 0x0000000000000001, P5
2026/09/24 20:43:43.070, 14.34 W, 1620 MHz, 5501 MHz, 57, 29 %, 0x0000000000000001, P4
2026/09/24 20:43:44.072, 19.66 W, 1575 MHz, 7001 MHz, 58, 32 %, 0x0000000000000001, P3
2026/09/24 20:43:45.077, 23.36 W, 1995 MHz, 7801 MHz, 58, 15 %, 0x0000000000000000, P1
2026/09/24 20:43:46.085, 22.84 W, 1995 MHz, 7001 MHz, 59, 26 %, 0x0000000000000000, P3
2026/09/24 20:43:47.090, 20.07 W, 1380 MHz, 7801 MHz, 58, 28 %, 0x0000000000000001, P1
2026/09/24 20:43:48.098, 19.47 W, 1245 MHz, 7801 MHz, 58, 34 %, 0x0000000000000001, P1
2026/09/24 20:43:49.107, 19.27 W, 1995 MHz, 7801 MHz, 59, 0 %, 0x0000000000000000, P1
