timestamp, clocks.current.sm [MHz], power.draw [W], temperature.gpu, utilization.gpu [%], clocks_event_reasons.active
2026/09/26 02:58:28.383, 1530 MHz, 15.23 W, 54, 0 %, 0x0000000000000024
2026/09/26 02:58:29.396, 1530 MHz, 16.86 W, 58, 0 %, 0x0000000000000024
2026/09/26 02:58:30.897, 1530 MHz, 17.77 W, 58, 0 %, 0x0000000000000024
2026/09/26 02:58:32.406, 1530 MHz, 17.82 W, 58, 0 %, 0x0000000000000024
2026/09/26 02:58:33.905, 1530 MHz, 365.89 W, 58, 0 %, 0x0000000000000024
2026/09/26 02:58:35.399, 1530 MHz, 17.66 W, 58, 0 %, 0x0000000000000024
2026/09/26 02:58:36.601, 1530 MHz, 15.42 W, 58, 0 %, 0x0000000000000024
2026/09/26 02:58:38.117, 1530 MHz, 365.89 W, 58, 0 %, 0x0000000000000024
2026/09/26 02:58:39.608, 1530 MHz, 14.25 W, 55, 0 %, 0x0000000000000024
2026/09/26 02:58:40.612, 1530 MHz, 14.03 W, 55, 0 %, 0x0000000000000024
2026/09/26 02:58:41.619, 1530 MHz, 17.88 W, 55, 18 %, 0x0000000000000001
2026/09/26 02:58:42.624, 1995 MHz, 21.85 W, 56, 0 %, 0x0000000000000000
2026/09/26 02:58:43.637, 1995 MHz, 18.62 W, 56, 0 %, 0x0000000000000024
2026/09/26 02:58:44.646, 1530 MHz, 14.26 W, 55, 0 %, 0x0000000000000024
2026/09/26 02:58:45.648, 1530 MHz, 14.15 W, 55, 0 %, 0x0000000000000024
2026/09/26 02:58:46.655, 1815 MHz, 47.44 W, 60, 87 %, 0x0000000000000004
2026/09/26 02:58:47.663, 1995 MHz, 45.32 W, 59, 73 %, 0x0000000000000004
2026/09/26 02:58:48.668, 1995 MHz, 16.80 W, 57, 0 %, 0x0000000000000024
2026/09/26 02:58:49.680, 375 MHz, 11.47 W, 56, 0 %, 0x0000000000000001
2026/09/26 02:58:50.684, 240 MHz, 11.22 W, 56, 0 %, 0x0000000000000001
2026/09/26 02:58:51.698, 210 MHz, 11.06 W, 56, 0 %, 0x0000000000000001
2026/09/26 02:58:52.712, 210 MHz, 7.89 W, 55, 0 %, 0x0000000000000001
2026/09/26 02:58:53.724, 1530 MHz, 14.85 W, 57, 97 %, 0x0000000000000024
2026/09/26 02:58:54.737, 1995 MHz, 55.55 W, 62, 80 %, 0x0000000000000000
2026/09/26 02:58:55.739, 1995 MHz, 53.92 W, 63, 90 %, 0x0000000000000004
2026/09/26 02:58:56.752, 1995 MHz, 46.33 W, 60, 12 %, 0x0000000000000000
2026/09/26 02:58:57.766, 1995 MHz, 18.17 W, 58, 0 %, 0x0000000000000024
2026/09/26 02:58:58.781, 1110 MHz, 19.99 W, 57, 0 %, 0x0000000000000001
2026/09/26 02:58:59.794, 705 MHz, 11.54 W, 57, 0 %, 0x0000000000000001
2026/09/26 02:59:00.796, 1545 MHz, 29.33 W, 59, 51 %, 0x0000000000000001
2026/09/26 02:59:01.806, 1995 MHz, 28.76 W, 59, 14 %, 0x0000000000000000
2026/09/26 02:59:02.807, 1995 MHz, 16.97 W, 58, 4 %, 0x0000000000000000
2026/09/26 02:59:03.815, 870 MHz, 12.43 W, 57, 23 %, 0x0000000000000001
2026/09/26 02:59:04.829, 705 MHz, 11.82 W, 57, 4 %, 0x0000000000000001
2026/09/26 02:59:05.845, 540 MHz, 12.23 W, 57, 30 %, 0x0000000000000001
2026/09/26 02:59:06.846, 600 MHz, 10.38 W, 57, 24 %, 0x0000000000000001
2026/09/26 02:59:07.846, 690 MHz, 10.51 W, 56, 22 %, 0x0000000000000001
2026/09/26 02:59:08.851, 690 MHz, 10.56 W, 56, 34 %, 0x0000000000000001
2026/09/26 02:59:09.865, 600 MHz, 10.44 W, 56, 31 %, 0x0000000000000001
2026/09/26 02:59:10.880, 630 MHz, 10.30 W, 56, 14 %, 0x0000000000000001
2026/09/26 02:59:11.883, 630 MHz, 10.38 W, 56, 32 %, 0x0000000000000001
2026/09/26 02:59:12.896, 510 MHz, 10.38 W, 56, 32 %, 0x0000000000000001
2026/09/26 02:59:13.905, 570 MHz, 10.37 W, 56, 33 %, 0x0000000000000001
2026/09/26 02:59:14.914, 570 MHz, 10.43 W, 56, 24 %, 0x0000000000000001
2026/09/26 02:59:15.922, 465 MHz, 10.35 W, 56, 45 %, 0x0000000000000001
2026/09/26 02:59:16.934, 435 MHz, 10.31 W, 56, 38 %, 0x0000000000000001
2026/09/26 02:59:17.938, 480 MHz, 10.30 W, 56, 41 %, 0x0000000000000001
2026/09/26 02:59:18.955, 555 MHz, 10.36 W, 56, 45 %, 0x0000000000000001
2026/09/26 02:59:19.962, 720 MHz, 10.51 W, 56, 36 %, 0x0000000000000001
2026/09/26 02:59:20.969, 720 MHz, 10.60 W, 56, 26 %, 0x0000000000000001
2026/09/26 02:59:21.971, 540 MHz, 10.35 W, 56, 29 %, 0x0000000000000001
2026/09/26 02:59:22.986, 495 MHz, 10.34 W, 56, 29 %, 0x0000000000000001
2026/09/26 02:59:23.992, 435 MHz, 10.22 W, 56, 26 %, 0x0000000000000001
2026/09/26 02:59:24.997, 405 MHz, 7.96 W, 56, 37 %, 0x0000000000000001
2026/09/26 02:59:25.997, 510 MHz, 10.48 W, 56, 45 %, 0x0000000000000001
2026/09/26 02:59:27.011, 570 MHz, 10.31 W, 56, 36 %, 0x0000000000000001
2026/09/26 02:59:28.018, 615 MHz, 10.44 W, 56, 42 %, 0x0000000000000001
2026/09/26 02:59:29.031, 645 MHz, 10.41 W, 56, 43 %, 0x0000000000000001
2026/09/26 02:59:30.033, 735 MHz, 10.45 W, 56, 28 %, 0x0000000000000001
2026/09/26 02:59:31.042, 780 MHz, 10.57 W, 56, 33 %, 0x0000000000000001
2026/09/26 02:59:32.054, 780 MHz, 10.63 W, 56, 29 %, 0x0000000000000001
2026/09/26 02:59:33.056, 585 MHz, 10.41 W, 56, 28 %, 0x0000000000000001
2026/09/26 02:59:34.057, 510 MHz, 10.34 W, 56, 27 %, 0x0000000000000001
2026/09/26 02:59:35.059, 435 MHz, 10.27 W, 56, 37 %, 0x0000000000000001
2026/09/26 02:59:36.063, 450 MHz, 10.24 W, 56, 46 %, 0x0000000000000001
2026/09/26 02:59:37.066, 615 MHz, 10.38 W, 56, 29 %, 0x0000000000000001
2026/09/26 02:59:38.074, 675 MHz, 10.43 W, 56, 39 %, 0x0000000000000001
2026/09/26 02:59:39.080, 690 MHz, 9.98 W, 56, 0 %, 0x0000000000000001
2026/09/26 02:59:40.087, 690 MHz, 9.08 W, 56, 0 %, 0x0000000000000001
2026/09/26 02:59:41.096, 210 MHz, 4.50 W, 55, 0 %, 0x0000000000000001
2026/09/26 02:59:42.111, 210 MHz, 5.56 W, 55, 0 %, 0x0000000000000001
2026/09/26 02:59:43.121, 210 MHz, 3.80 W, 55, 0 %, 0x0000000000000001
2026/09/26 02:59:44.134, 210 MHz, 3.80 W, 55, 0 %, 0x0000000000000001
2026/09/26 02:59:45.141, 210 MHz, 5.82 W, 55, 0 %, 0x0000000000000001
2026/09/26 02:59:46.156, 210 MHz, 6.12 W, 55, 0 %, 0x0000000000000001
2026/09/26 02:59:47.164, 210 MHz, 6.49 W, 55, 0 %, 0x0000000000000001
2026/09/26 02:59:48.169, 210 MHz, 6.16 W, 55, 0 %, 0x0000000000000001
2026/09/26 02:59:49.180, 210 MHz, 6.37 W, 55, 0 %, 0x0000000000000001
2026/09/26 02:59:50.193, 210 MHz, 6.29 W, 55, 0 %, 0x0000000000000001
2026/09/26 02:59:51.207, 210 MHz, 3.66 W, 55, 0 %, 0x0000000000000001
2026/09/26 02:59:52.221, 210 MHz, 5.50 W, 55, 0 %, 0x0000000000000001
2026/09/26 02:59:53.224, 210 MHz, 5.93 W, 55, 0 %, 0x0000000000000001
2026/09/26 02:59:54.237, 210 MHz, 3.71 W, 55, 0 %, 0x0000000000000001
2026/09/26 02:59:55.247, 210 MHz, 3.66 W, 55, 0 %, 0x0000000000000001
2026/09/26 02:59:56.248, 210 MHz, 7.51 W, 55, 0 %, 0x0000000000000001
2026/09/26 02:59:57.262, 210 MHz, 5.77 W, 55, 1 %, 0x0000000000000001
2026/09/26 02:59:58.266, 210 MHz, 6.28 W, 55, 0 %, 0x0000000000000001
2026/09/26 02:59:59.276, 210 MHz, 5.76 W, 55, 0 %, 0x0000000000000001
2026/09/26 03:00:00.282, 210 MHz, 5.78 W, 55, 0 %, 0x0000000000000001
2026/09/26 03:00:01.284, 210 MHz, 7.97 W, 55, 8 %, 0x0000000000000001
2026/09/26 03:00:02.289, 210 MHz, 5.84 W, 55, 0 %, 0x0000000000000001
2026/09/26 03:00:03.297, 210 MHz, 5.89 W, 55, 0 %, 0x0000000000000001
2026/09/26 03:00:04.299, 210 MHz, 7.44 W, 55, 0 %, 0x0000000000000001
2026/09/26 03:00:05.313, 210 MHz, 4.19 W, 55, 0 %, 0x0000000000000001
2026/09/26 03:00:06.326, 210 MHz, 5.95 W, 55, 0 %, 0x0000000000000001
2026/09/26 03:00:07.340, 210 MHz, 5.37 W, 55, 0 %, 0x0000000000000001
2026/09/26 03:00:08.345, 210 MHz, 5.39 W, 55, 0 %, 0x0000000000000001
2026/09/26 03:00:09.354, 210 MHz, 6.03 W, 55, 0 %, 0x0000000000000001
2026/09/26 03:00:10.360, 360 MHz, 7.82 W, 55, 44 %, 0x0000000000000001
2026/09/26 03:00:11.370, 510 MHz, 10.35 W, 55, 40 %, 0x0000000000000001
2026/09/26 03:00:12.384, 510 MHz, 10.28 W, 55, 39 %, 0x0000000000000001
2026/09/26 03:00:13.389, 480 MHz, 10.28 W, 56, 32 %, 0x0000000000000001
2026/09/26 03:00:14.399, 555 MHz, 10.47 W, 56, 39 %, 0x0000000000000001
2026/09/26 03:00:15.401, 660 MHz, 10.40 W, 56, 31 %, 0x0000000000000001
2026/09/26 03:00:16.414, 495 MHz, 10.38 W, 56, 30 %, 0x0000000000000001
2026/09/26 03:00:17.427, 660 MHz, 10.51 W, 56, 48 %, 0x0000000000000001
2026/09/26 03:00:18.433, 675 MHz, 10.45 W, 56, 30 %, 0x0000000000000001
2026/09/26 03:00:19.435, 645 MHz, 10.51 W, 56, 30 %, 0x0000000000000001
2026/09/26 03:00:20.447, 630 MHz, 10.39 W, 56, 33 %, 0x0000000000000001
2026/09/26 03:00:21.453, 810 MHz, 10.58 W, 56, 41 %, 0x0000000000000001
2026/09/26 03:00:22.463, 810 MHz, 10.55 W, 56, 39 %, 0x0000000000000001
2026/09/26 03:00:23.466, 855 MHz, 10.60 W, 56, 37 %, 0x0000000000000001
2026/09/26 03:00:24.469, 855 MHz, 10.55 W, 56, 35 %, 0x0000000000000001
2026/09/26 03:00:25.478, 705 MHz, 10.42 W, 56, 25 %, 0x0000000000000001
2026/09/26 03:00:26.487, 660 MHz, 10.39 W, 56, 19 %, 0x0000000000000001
2026/09/26 03:00:27.491, 630 MHz, 10.43 W, 56, 27 %, 0x0000000000000001
2026/09/26 03:00:28.502, 630 MHz, 10.37 W, 56, 30 %, 0x0000000000000001
2026/09/26 03:00:29.517, 555 MHz, 10.35 W, 56, 30 %, 0x0000000000000001
2026/09/26 03:00:30.523, 510 MHz, 10.27 W, 56, 29 %, 0x0000000000000001
2026/09/26 03:00:31.532, 510 MHz, 10.28 W, 56, 39 %, 0x0000000000000001
2026/09/26 03:00:32.543, 810 MHz, 10.50 W, 56, 30 %, 0x0000000000000001
2026/09/26 03:00:33.557, 915 MHz, 10.71 W, 56, 38 %, 0x0000000000000001
2026/09/26 03:00:34.558, 915 MHz, 10.63 W, 56, 24 %, 0x0000000000000001
2026/09/26 03:00:35.571, 810 MHz, 10.66 W, 56, 40 %, 0x0000000000000001
2026/09/26 03:00:36.576, 855 MHz, 10.52 W, 56, 18 %, 0x0000000000000001
2026/09/26 03:00:37.591, 885 MHz, 10.64 W, 56, 25 %, 0x0000000000000001
2026/09/26 03:00:38.605, 885 MHz, 10.62 W, 56, 30 %, 0x0000000000000001
2026/09/26 03:00:39.618, 795 MHz, 10.60 W, 56, 40 %, 0x0000000000000001
2026/09/26 03:00:40.633, 720 MHz, 10.48 W, 56, 25 %, 0x0000000000000001
2026/09/26 03:00:41.641, 690 MHz, 10.45 W, 56, 41 %, 0x0000000000000001
2026/09/26 03:00:42.643, 690 MHz, 10.45 W, 56, 35 %, 0x0000000000000001
2026/09/26 03:00:43.648, 555 MHz, 10.31 W, 56, 29 %, 0x0000000000000001
2026/09/26 03:00:44.659, 825 MHz, 10.54 W, 56, 34 %, 0x0000000000000001
2026/09/26 03:00:45.662, 825 MHz, 10.54 W, 56, 31 %, 0x0000000000000001
2026/09/26 03:00:46.666, 735 MHz, 10.52 W, 56, 38 %, 0x0000000000000001
2026/09/26 03:00:47.667, 735 MHz, 10.39 W, 56, 25 %, 0x0000000000000001
2026/09/26 03:00:48.678, 705 MHz, 10.47 W, 56, 38 %, 0x0000000000000001
2026/09/26 03:00:49.693, 900 MHz, 10.62 W, 56, 44 %, 0x0000000000000001
2026/09/26 03:00:50.705, 900 MHz, 10.65 W, 56, 24 %, 0x0000000000000001
2026/09/26 03:00:51.715, 645 MHz, 10.44 W, 56, 30 %, 0x0000000000000001
2026/09/26 03:00:52.725, 600 MHz, 10.45 W, 56, 39 %, 0x0000000000000001
2026/09/26 03:00:53.738, 630 MHz, 10.39 W, 56, 24 %, 0x0000000000000001
2026/09/26 03:00:54.753, 615 MHz, 10.41 W, 56, 34 %, 0x0000000000000001
2026/09/26 03:00:55.758, 600 MHz, 10.38 W, 56, 41 %, 0x0000000000000001
2026/09/26 03:00:56.764, 600 MHz, 10.44 W, 56, 38 %, 0x0000000000000001
2026/09/26 03:00:57.770, 660 MHz, 10.38 W, 56, 40 %, 0x0000000000000001
2026/09/26 03:00:58.779, 720 MHz, 10.50 W, 56, 33 %, 0x0000000000000001
2026/09/26 03:00:59.781, 960 MHz, 10.74 W, 56, 33 %, 0x0000000000000001
2026/09/26 03:01:00.795, 960 MHz, 10.78 W, 56, 25 %, 0x0000000000000001
2026/09/26 03:01:01.806, 750 MHz, 10.45 W, 56, 34 %, 0x0000000000000001
2026/09/26 03:01:02.812, 735 MHz, 10.45 W, 56, 29 %, 0x0000000000000001
2026/09/26 03:01:03.817, 630 MHz, 10.45 W, 56, 31 %, 0x0000000000000001
2026/09/26 03:01:04.825, 660 MHz, 10.39 W, 56, 28 %, 0x0000000000000001
2026/09/26 03:01:05.826, 660 MHz, 10.45 W, 56, 35 %, 0x0000000000000001
2026/09/26 03:01:06.833, 660 MHz, 10.57 W, 56, 40 %, 0x0000000000000001
2026/09/26 03:01:07.844, 615 MHz, 10.36 W, 56, 28 %, 0x0000000000000001
2026/09/26 03:01:08.854, 660 MHz, 10.49 W, 56, 46 %, 0x0000000000000001
2026/09/26 03:01:09.864, 780 MHz, 10.46 W, 56, 32 %, 0x0000000000000001
2026/09/26 03:01:10.876, 675 MHz, 10.44 W, 55, 23 %, 0x0000000000000001
2026/09/26 03:01:11.881, 630 MHz, 10.40 W, 55, 36 %, 0x0000000000000001
2026/09/26 03:01:12.891, 600 MHz, 10.35 W, 55, 39 %, 0x0000000000000001
2026/09/26 03:01:13.902, 705 MHz, 10.40 W, 55, 34 %, 0x0000000000000001
2026/09/26 03:01:14.909, 705 MHz, 10.39 W, 55, 35 %, 0x0000000000000001
2026/09/26 03:01:15.915, 615 MHz, 10.35 W, 55, 30 %, 0x0000000000000001
2026/09/26 03:01:16.916, 780 MHz, 10.48 W, 55, 38 %, 0x0000000000000001
2026/09/26 03:01:17.924, 780 MHz, 10.45 W, 55, 30 %, 0x0000000000000001
2026/09/26 03:01:18.932, 720 MHz, 10.48 W, 55, 45 %, 0x0000000000000001
2026/09/26 03:01:19.944, 765 MHz, 10.51 W, 55, 39 %, 0x0000000000000001
2026/09/26 03:01:20.953, 870 MHz, 10.63 W, 55, 37 %, 0x0000000000000001
2026/09/26 03:01:21.957, 870 MHz, 10.55 W, 55, 39 %, 0x0000000000000001
2026/09/26 03:01:22.967, 900 MHz, 10.84 W, 55, 30 %, 0x0000000000000001
2026/09/26 03:01:23.979, 900 MHz, 10.61 W, 55, 37 %, 0x0000000000000001
2026/09/26 03:01:24.980, 780 MHz, 10.63 W, 55, 25 %, 0x0000000000000001
2026/09/26 03:01:25.987, 660 MHz, 10.48 W, 55, 34 %, 0x0000000000000001
2026/09/26 03:01:26.993, 690 MHz, 10.38 W, 55, 47 %, 0x0000000000000001
2026/09/26 03:01:28.002, 765 MHz, 10.43 W, 55, 34 %, 0x0000000000000001
2026/09/26 03:01:29.011, 765 MHz, 10.45 W, 55, 35 %, 0x0000000000000001
2026/09/26 03:01:30.013, 795 MHz, 10.50 W, 55, 36 %, 0x0000000000000001
2026/09/26 03:01:31.015, 720 MHz, 10.56 W, 55, 37 %, 0x0000000000000001
2026/09/26 03:01:32.022, 690 MHz, 10.40 W, 55, 36 %, 0x0000000000000001
2026/09/26 03:01:33.036, 630 MHz, 10.41 W, 55, 36 %, 0x0000000000000001
2026/09/26 03:01:34.046, 570 MHz, 10.11 W, 55, 13 %, 0x0000000000000001
2026/09/26 03:01:35.056, 570 MHz, 10.34 W, 55, 40 %, 0x0000000000000001
2026/09/26 03:01:36.068, 600 MHz, 10.35 W, 55, 24 %, 0x0000000000000001
2026/09/26 03:01:37.081, 480 MHz, 10.10 W, 55, 14 %, 0x0000000000000001
2026/09/26 03:01:38.088, 525 MHz, 10.31 W, 55, 24 %, 0x0000000000000001
2026/09/26 03:01:39.091, 645 MHz, 10.47 W, 55, 38 %, 0x0000000000000001
2026/09/26 03:01:40.095, 765 MHz, 10.45 W, 55, 35 %, 0x0000000000000001
2026/09/26 03:01:41.098, 765 MHz, 10.57 W, 55, 37 %, 0x0000000000000001
2026/09/26 03:01:42.101, 720 MHz, 10.58 W, 55, 41 %, 0x0000000000000001
2026/09/26 03:01:43.106, 675 MHz, 10.28 W, 55, 19 %, 0x0000000000000001
2026/09/26 03:01:44.115, 735 MHz, 10.43 W, 55, 33 %, 0x0000000000000001
2026/09/26 03:01:45.127, 780 MHz, 10.48 W, 55, 24 %, 0x0000000000000001
2026/09/26 03:01:46.130, 615 MHz, 10.49 W, 55, 27 %, 0x0000000000000001
2026/09/26 03:01:47.145, 660 MHz, 10.32 W, 55, 29 %, 0x0000000000000001
2026/09/26 03:01:48.158, 660 MHz, 10.40 W, 55, 17 %, 0x0000000000000001
2026/09/26 03:01:49.165, 570 MHz, 10.33 W, 55, 37 %, 0x0000000000000001
2026/09/26 03:01:50.166, 570 MHz, 10.33 W, 55, 29 %, 0x0000000000000001
2026/09/26 03:01:51.172, 435 MHz, 10.30 W, 55, 32 %, 0x0000000000000001
2026/09/26 03:01:52.186, 435 MHz, 10.24 W, 56, 38 %, 0x0000000000000001
2026/09/26 03:01:53.196, 405 MHz, 10.16 W, 56, 31 %, 0x0000000000000001
2026/09/26 03:01:54.203, 495 MHz, 10.26 W, 56, 35 %, 0x0000000000000001
2026/09/26 03:01:55.212, 495 MHz, 10.30 W, 56, 38 %, 0x0000000000000001
2026/09/26 03:01:56.221, 420 MHz, 10.21 W, 56, 26 %, 0x0000000000000001
2026/09/26 03:01:57.229, 360 MHz, 7.82 W, 56, 28 %, 0x0000000000000001
2026/09/26 03:01:58.234, 450 MHz, 10.11 W, 56, 17 %, 0x0000000000000001
2026/09/26 03:01:59.249, 450 MHz, 10.20 W, 56, 22 %, 0x0000000000000001
2026/09/26 03:02:00.250, 375 MHz, 7.90 W, 56, 34 %, 0x0000000000000001
2026/09/26 03:02:01.254, 480 MHz, 10.22 W, 56, 31 %, 0x0000000000000001
2026/09/26 03:02:02.264, 510 MHz, 10.24 W, 56, 43 %, 0x0000000000000001
2026/09/26 03:02:03.271, 510 MHz, 10.24 W, 56, 32 %, 0x0000000000000001
2026/09/26 03:02:04.273, 540 MHz, 10.24 W, 56, 29 %, 0x0000000000000001
2026/09/26 03:02:05.276, 540 MHz, 10.24 W, 56, 23 %, 0x0000000000000001
2026/09/26 03:02:06.277, 480 MHz, 10.19 W, 56, 30 %, 0x0000000000000001
2026/09/26 03:02:07.293, 405 MHz, 7.96 W, 56, 29 %, 0x0000000000000001
2026/09/26 03:02:08.301, 360 MHz, 7.87 W, 56, 37 %, 0x0000000000000001
2026/09/26 03:02:09.308, 405 MHz, 7.80 W, 56, 18 %, 0x0000000000000001
2026/09/26 03:02:10.322, 405 MHz, 7.83 W, 56, 22 %, 0x0000000000000001
2026/09/26 03:02:11.328, 420 MHz, 10.22 W, 56, 32 %, 0x0000000000000001
2026/09/26 03:02:12.338, 480 MHz, 10.31 W, 56, 40 %, 0x0000000000000001
2026/09/26 03:02:13.349, 525 MHz, 10.33 W, 56, 35 %, 0x0000000000000001
2026/09/26 03:02:14.364, 525 MHz, 10.34 W, 56, 36 %, 0x0000000000000001
2026/09/26 03:02:15.366, 525 MHz, 10.37 W, 56, 38 %, 0x0000000000000001
2026/09/26 03:02:16.375, 585 MHz, 10.36 W, 56, 30 %, 0x0000000000000001
2026/09/26 03:02:17.380, 585 MHz, 10.36 W, 56, 24 %, 0x0000000000000001
2026/09/26 03:02:18.388, 450 MHz, 10.13 W, 56, 15 %, 0x0000000000000001
2026/09/26 03:02:19.397, 435 MHz, 10.27 W, 56, 30 %, 0x0000000000000001
2026/09/26 03:02:20.399, 435 MHz, 10.18 W, 56, 21 %, 0x0000000000000001
2026/09/26 03:02:21.400, 360 MHz, 7.89 W, 56, 32 %, 0x0000000000000001
2026/09/26 03:02:22.405, 360 MHz, 7.85 W, 56, 25 %, 0x0000000000000001
2026/09/26 03:02:23.420, 525 MHz, 10.35 W, 56, 23 %, 0x0000000000000001
2026/09/26 03:02:24.427, 525 MHz, 10.40 W, 56, 31 %, 0x0000000000000001
2026/09/26 03:02:25.431, 480 MHz, 10.30 W, 56, 25 %, 0x0000000000000001
2026/09/26 03:02:26.435, 450 MHz, 10.26 W, 56, 31 %, 0x0000000000000001
2026/09/26 03:02:27.440, 435 MHz, 10.29 W, 56, 37 %, 0x0000000000000001
2026/09/26 03:02:28.446, 450 MHz, 10.22 W, 56, 24 %, 0x0000000000000001
2026/09/26 03:02:29.455, 525 MHz, 10.36 W, 56, 43 %, 0x0000000000000001
2026/09/26 03:02:30.470, 555 MHz, 10.35 W, 56, 21 %, 0x0000000000000001
2026/09/26 03:02:31.476, 405 MHz, 9.89 W, 56, 35 %, 0x0000000000000001
2026/09/26 03:02:32.480, 450 MHz, 10.23 W, 56, 30 %, 0x0000000000000001
2026/09/26 03:02:33.483, 450 MHz, 10.29 W, 57, 35 %, 0x0000000000000001
2026/09/26 03:02:34.483, 465 MHz, 10.30 W, 56, 32 %, 0x0000000000000001
2026/09/26 03:02:35.488, 465 MHz, 9.84 W, 56, 0 %, 0x0000000000000001
2026/09/26 03:02:36.490, 465 MHz, 7.71 W, 56, 0 %, 0x0000000000000001
2026/09/26 03:02:37.493, 210 MHz, 3.64 W, 55, 0 %, 0x0000000000000001
2026/09/26 03:02:38.503, 210 MHz, 4.06 W, 55, 0 %, 0x0000000000000001
2026/09/26 03:02:39.509, 210 MHz, 5.11 W, 55, 0 %, 0x0000000000000001
2026/09/26 03:02:40.520, 210 MHz, 3.81 W, 55, 0 %, 0x0000000000000001
2026/09/26 03:02:41.533, 210 MHz, 3.89 W, 55, 0 %, 0x0000000000000001
2026/09/26 03:02:42.537, 210 MHz, 3.60 W, 55, 0 %, 0x0000000000000001
2026/09/26 03:02:43.552, 210 MHz, 3.55 W, 55, 0 %, 0x0000000000000001
2026/09/26 03:02:44.561, 210 MHz, 5.03 W, 55, 0 %, 0x0000000000000001
2026/09/26 03:02:45.575, 210 MHz, 5.55 W, 55, 0 %, 0x0000000000000001
2026/09/26 03:02:46.589, 210 MHz, 4.87 W, 55, 0 %, 0x0000000000000001
2026/09/26 03:02:47.597, 210 MHz, 5.82 W, 55, 0 %, 0x0000000000000001
2026/09/26 03:02:48.614, 210 MHz, 6.13 W, 55, 0 %, 0x0000000000000001
2026/09/26 03:02:49.623, 210 MHz, 6.11 W, 55, 0 %, 0x0000000000000001
2026/09/26 03:02:50.636, 210 MHz, 3.93 W, 54, 0 %, 0x0000000000000001
2026/09/26 03:02:51.650, 210 MHz, 3.52 W, 54, 0 %, 0x0000000000000001
2026/09/26 03:02:52.654, 210 MHz, 4.78 W, 54, 0 %, 0x0000000000000001
2026/09/26 03:02:53.662, 210 MHz, 5.82 W, 54, 0 %, 0x0000000000000001
2026/09/26 03:02:54.669, 210 MHz, 3.74 W, 54, 0 %, 0x0000000000000001
2026/09/26 03:02:55.674, 210 MHz, 3.49 W, 54, 0 %, 0x0000000000000001
2026/09/26 03:02:56.689, 210 MHz, 3.71 W, 54, 0 %, 0x0000000000000001
2026/09/26 03:02:57.701, 210 MHz, 3.54 W, 54, 0 %, 0x0000000000000001
2026/09/26 03:02:58.710, 210 MHz, 3.53 W, 54, 0 %, 0x0000000000000001
2026/09/26 03:02:59.720, 210 MHz, 4.12 W, 54, 0 %, 0x0000000000000001
2026/09/26 03:03:00.727, 210 MHz, 5.73 W, 54, 0 %, 0x0000000000000001
2026/09/26 03:03:01.741, 210 MHz, 5.79 W, 54, 0 %, 0x0000000000000001
2026/09/26 03:03:02.745, 210 MHz, 5.49 W, 54, 0 %, 0x0000000000000001
2026/09/26 03:03:03.758, 210 MHz, 5.66 W, 54, 24 %, 0x0000000000000001
2026/09/26 03:03:04.765, 210 MHz, 5.68 W, 54, 0 %, 0x0000000000000001
2026/09/26 03:03:05.776, 210 MHz, 3.63 W, 54, 0 %, 0x0000000000000001
2026/09/26 03:03:06.781, 210 MHz, 3.48 W, 54, 0 %, 0x0000000000000001
2026/09/26 03:03:07.788, 210 MHz, 5.37 W, 54, 0 %, 0x0000000000000001
2026/09/26 03:03:08.803, 210 MHz, 5.59 W, 54, 0 %, 0x0000000000000001
2026/09/26 03:03:09.806, 210 MHz, 3.41 W, 53, 0 %, 0x0000000000000001
2026/09/26 03:03:10.812, 210 MHz, 3.40 W, 53, 0 %, 0x0000000000000001
2026/09/26 03:03:11.826, 210 MHz, 6.00 W, 53, 0 %, 0x0000000000000001
2026/09/26 03:03:12.830, 210 MHz, 5.56 W, 53, 0 %, 0x0000000000000001
2026/09/26 03:03:13.835, 210 MHz, 7.34 W, 53, 0 %, 0x0000000000000001
2026/09/26 03:03:14.848, 210 MHz, 7.91 W, 53, 0 %, 0x0000000000000001
2026/09/26 03:03:15.863, 585 MHz, 10.16 W, 54, 41 %, 0x0000000000000001
2026/09/26 03:03:16.870, 600 MHz, 10.18 W, 54, 24 %, 0x0000000000000001
2026/09/26 03:03:17.873, 525 MHz, 10.21 W, 54, 27 %, 0x0000000000000001
2026/09/26 03:03:18.884, 555 MHz, 10.19 W, 54, 32 %, 0x0000000000000001
2026/09/26 03:03:19.889, 555 MHz, 10.17 W, 54, 42 %, 0x0000000000000001
2026/09/26 03:03:20.894, 660 MHz, 10.26 W, 54, 36 %, 0x0000000000000001
2026/09/26 03:03:21.905, 705 MHz, 10.36 W, 54, 34 %, 0x0000000000000001
2026/09/26 03:03:22.918, 720 MHz, 10.37 W, 54, 34 %, 0x0000000000000001
2026/09/26 03:03:23.927, 720 MHz, 10.39 W, 54, 33 %, 0x0000000000000001
2026/09/26 03:03:24.928, 675 MHz, 10.33 W, 54, 40 %, 0x0000000000000001
2026/09/26 03:03:25.932, 705 MHz, 10.38 W, 54, 29 %, 0x0000000000000001
2026/09/26 03:03:26.936, 540 MHz, 10.21 W, 54, 30 %, 0x0000000000000001
2026/09/26 03:03:27.942, 465 MHz, 10.19 W, 55, 32 %, 0x0000000000000001
2026/09/26 03:03:28.946, 420 MHz, 10.16 W, 55, 37 %, 0x0000000000000001
2026/09/26 03:03:29.955, 540 MHz, 9.14 W, 55, 28 %, 0x0000000000000001
2026/09/26 03:03:30.956, 555 MHz, 10.31 W, 55, 30 %, 0x0000000000000001
2026/09/26 03:03:31.965, 630 MHz, 10.26 W, 55, 36 %, 0x0000000000000001
2026/09/26 03:03:32.966, 630 MHz, 10.38 W, 55, 44 %, 0x0000000000000001
2026/09/26 03:03:33.975, 720 MHz, 10.38 W, 55, 43 %, 0x0000000000000001
2026/09/26 03:03:34.978, 795 MHz, 10.42 W, 55, 33 %, 0x0000000000000001
2026/09/26 03:03:35.986, 675 MHz, 10.39 W, 55, 24 %, 0x0000000000000001
2026/09/26 03:03:37.000, 675 MHz, 10.43 W, 55, 35 %, 0x0000000000000001
2026/09/26 03:03:38.009, 690 MHz, 10.35 W, 55, 38 %, 0x0000000000000001
2026/09/26 03:03:39.025, 690 MHz, 10.28 W, 55, 18 %, 0x0000000000000001
2026/09/26 03:03:40.039, 495 MHz, 10.30 W, 55, 41 %, 0x0000000000000001
2026/09/26 03:03:41.048, 615 MHz, 10.26 W, 55, 38 %, 0x0000000000000001
2026/09/26 03:03:42.063, 660 MHz, 10.33 W, 55, 34 %, 0x0000000000000001
2026/09/26 03:03:43.072, 735 MHz, 10.45 W, 55, 31 %, 0x0000000000000001
2026/09/26 03:03:44.077, 735 MHz, 10.39 W, 55, 44 %, 0x0000000000000001
2026/09/26 03:03:45.082, 675 MHz, 10.33 W, 55, 37 %, 0x0000000000000001
2026/09/26 03:03:46.095, 600 MHz, 10.28 W, 55, 42 %, 0x0000000000000001
2026/09/26 03:03:47.111, 615 MHz, 10.38 W, 55, 35 %, 0x0000000000000001
2026/09/26 03:03:48.112, 615 MHz, 10.36 W, 55, 36 %, 0x0000000000000001
2026/09/26 03:03:49.125, 525 MHz, 10.26 W, 55, 30 %, 0x0000000000000001
2026/09/26 03:03:50.130, 480 MHz, 10.26 W, 55, 31 %, 0x0000000000000001
2026/09/26 03:03:51.139, 510 MHz, 10.52 W, 55, 42 %, 0x0000000000000001
2026/09/26 03:03:52.148, 570 MHz, 10.26 W, 55, 44 %, 0x0000000000000001
2026/09/26 03:03:53.158, 645 MHz, 10.36 W, 55, 37 %, 0x0000000000000001
2026/09/26 03:03:54.171, 660 MHz, 10.53 W, 55, 46 %, 0x0000000000000001
2026/09/26 03:03:55.176, 810 MHz, 10.47 W, 55, 36 %, 0x0000000000000001
2026/09/26 03:03:56.190, 810 MHz, 10.60 W, 55, 38 %, 0x0000000000000001
2026/09/26 03:03:57.197, 690 MHz, 10.44 W, 55, 32 %, 0x0000000000000001
2026/09/26 03:03:58.205, 645 MHz, 10.33 W, 55, 32 %, 0x0000000000000001
2026/09/26 03:03:59.211, 570 MHz, 10.31 W, 55, 30 %, 0x0000000000000001
2026/09/26 03:04:00.214, 600 MHz, 10.27 W, 55, 39 %, 0x0000000000000001
2026/09/26 03:04:01.229, 615 MHz, 10.44 W, 55, 34 %, 0x0000000000000001
2026/09/26 03:04:02.236, 615 MHz, 10.34 W, 55, 24 %, 0x0000000000000001
2026/09/26 03:04:03.241, 540 MHz, 10.27 W, 55, 28 %, 0x0000000000000001
2026/09/26 03:04:04.252, 555 MHz, 10.50 W, 55, 31 %, 0x0000000000000001
2026/09/26 03:04:05.260, 645 MHz, 10.43 W, 55, 36 %, 0x0000000000000001
2026/09/26 03:04:06.274, 645 MHz, 10.43 W, 55, 37 %, 0x0000000000000001
2026/09/26 03:04:07.284, 585 MHz, 10.34 W, 55, 41 %, 0x0000000000000001
2026/09/26 03:04:08.290, 675 MHz, 10.39 W, 56, 39 %, 0x0000000000000001
2026/09/26 03:04:09.294, 675 MHz, 10.33 W, 56, 19 %, 0x0000000000000001
2026/09/26 03:04:10.306, 585 MHz, 10.38 W, 56, 34 %, 0x0000000000000001
2026/09/26 03:04:11.309, 600 MHz, 10.36 W, 56, 33 %, 0x0000000000000001
2026/09/26 03:04:12.323, 600 MHz, 10.35 W, 56, 26 %, 0x0000000000000001
2026/09/26 03:04:13.327, 525 MHz, 10.33 W, 56, 41 %, 0x0000000000000001
2026/09/26 03:04:14.334, 495 MHz, 10.23 W, 56, 38 %, 0x0000000000000001
2026/09/26 03:04:15.348, 465 MHz, 10.25 W, 55, 33 %, 0x0000000000000001
2026/09/26 03:04:16.365, 510 MHz, 10.24 W, 55, 33 %, 0x0000000000000001
2026/09/26 03:04:17.370, 510 MHz, 10.22 W, 55, 23 %, 0x0000000000000001
2026/09/26 03:04:18.381, 600 MHz, 10.36 W, 55, 50 %, 0x0000000000000001
2026/09/26 03:04:19.386, 645 MHz, 10.33 W, 55, 26 %, 0x0000000000000001
2026/09/26 03:04:20.387, 645 MHz, 10.34 W, 55, 20 %, 0x0000000000000001
2026/09/26 03:04:21.402, 525 MHz, 10.31 W, 55, 38 %, 0x0000000000000001
2026/09/26 03:04:22.404, 525 MHz, 10.27 W, 55, 40 %, 0x0000000000000001
2026/09/26 03:04:23.411, 525 MHz, 10.27 W, 55, 36 %, 0x0000000000000001
2026/09/26 03:04:24.417, 525 MHz, 10.26 W, 55, 36 %, 0x0000000000000001
2026/09/26 03:04:25.425, 570 MHz, 10.29 W, 55, 28 %, 0x0000000000000001
2026/09/26 03:04:26.429, 570 MHz, 10.45 W, 55, 31 %, 0x0000000000000001
2026/09/26 03:04:27.440, 600 MHz, 10.38 W, 55, 38 %, 0x0000000000000001
2026/09/26 03:04:28.444, 540 MHz, 10.31 W, 55, 32 %, 0x0000000000000001
2026/09/26 03:04:29.458, 585 MHz, 10.32 W, 55, 31 %, 0x0000000000000001
2026/09/26 03:04:30.467, 630 MHz, 10.36 W, 55, 27 %, 0x0000000000000001
2026/09/26 03:04:31.470, 645 MHz, 10.34 W, 55, 20 %, 0x0000000000000001
2026/09/26 03:04:32.470, 645 MHz, 10.37 W, 55, 40 %, 0x0000000000000001
2026/09/26 03:04:33.484, 615 MHz, 10.42 W, 55, 39 %, 0x0000000000000001
2026/09/26 03:04:34.493, 570 MHz, 10.48 W, 55, 27 %, 0x0000000000000001
2026/09/26 03:04:35.507, 495 MHz, 10.28 W, 55, 28 %, 0x0000000000000001
2026/09/26 03:04:36.513, 480 MHz, 10.26 W, 55, 36 %, 0x0000000000000001
2026/09/26 03:04:37.520, 525 MHz, 10.24 W, 55, 37 %, 0x0000000000000001
2026/09/26 03:04:38.524, 555 MHz, 10.30 W, 56, 37 %, 0x0000000000000001
2026/09/26 03:04:39.539, 555 MHz, 10.30 W, 56, 49 %, 0x0000000000000001
2026/09/26 03:04:40.548, 660 MHz, 10.48 W, 56, 44 %, 0x0000000000000001
2026/09/26 03:04:41.560, 810 MHz, 10.51 W, 56, 45 %, 0x0000000000000001
2026/09/26 03:04:42.566, 810 MHz, 10.44 W, 56, 24 %, 0x0000000000000001
2026/09/26 03:04:43.578, 660 MHz, 10.53 W, 56, 41 %, 0x0000000000000001
2026/09/26 03:04:44.579, 675 MHz, 10.39 W, 56, 27 %, 0x0000000000000001
2026/09/26 03:04:45.594, 570 MHz, 10.42 W, 56, 23 %, 0x0000000000000001
2026/09/26 03:04:46.595, 510 MHz, 10.26 W, 56, 30 %, 0x0000000000000001
2026/09/26 03:04:47.597, 495 MHz, 10.28 W, 56, 38 %, 0x0000000000000001
2026/09/26 03:04:48.605, 585 MHz, 10.37 W, 56, 46 %, 0x0000000000000001
2026/09/26 03:04:49.619, 690 MHz, 10.43 W, 56, 43 %, 0x0000000000000001
2026/09/26 03:04:50.619, 720 MHz, 10.50 W, 56, 41 %, 0x0000000000000001
2026/09/26 03:04:51.631, 765 MHz, 10.48 W, 56, 30 %, 0x0000000000000001
2026/09/26 03:04:52.637, 765 MHz, 10.49 W, 56, 29 %, 0x0000000000000001
2026/09/26 03:04:53.647, 630 MHz, 10.37 W, 56, 25 %, 0x0000000000000001
2026/09/26 03:04:54.649, 555 MHz, 10.47 W, 56, 29 %, 0x0000000000000001
2026/09/26 03:04:55.664, 660 MHz, 10.39 W, 56, 25 %, 0x0000000000000001
2026/09/26 03:04:56.670, 660 MHz, 10.37 W, 56, 22 %, 0x0000000000000001
2026/09/26 03:04:57.683, 465 MHz, 10.28 W, 56, 30 %, 0x0000000000000001
2026/09/26 03:04:58.684, 420 MHz, 10.27 W, 56, 40 %, 0x0000000000000001
2026/09/26 03:04:59.690, 390 MHz, 7.84 W, 56, 40 %, 0x0000000000000001
2026/09/26 03:05:00.701, 480 MHz, 10.27 W, 56, 47 %, 0x0000000000000001
2026/09/26 03:05:01.713, 480 MHz, 10.22 W, 56, 32 %, 0x0000000000000001
2026/09/26 03:05:02.721, 630 MHz, 10.43 W, 56, 43 %, 0x0000000000000001
2026/09/26 03:05:03.735, 690 MHz, 10.44 W, 56, 32 %, 0x0000000000000001
2026/09/26 03:05:04.739, 690 MHz, 10.41 W, 56, 29 %, 0x0000000000000001
2026/09/26 03:05:05.750, 540 MHz, 10.27 W, 56, 21 %, 0x0000000000000001
2026/09/26 03:05:06.752, 675 MHz, 10.44 W, 56, 31 %, 0x0000000000000001
2026/09/26 03:05:07.761, 720 MHz, 10.45 W, 56, 23 %, 0x0000000000000001
2026/09/26 03:05:08.765, 720 MHz, 10.55 W, 56, 30 %, 0x0000000000000001
2026/09/26 03:05:09.770, 630 MHz, 10.41 W, 56, 33 %, 0x0000000000000001
2026/09/26 03:05:10.773, 570 MHz, 10.32 W, 56, 27 %, 0x0000000000000001
2026/09/26 03:05:11.783, 555 MHz, 10.33 W, 56, 44 %, 0x0000000000000001
2026/09/26 03:05:12.791, 690 MHz, 10.42 W, 56, 38 %, 0x0000000000000001
2026/09/26 03:05:13.792, 750 MHz, 10.47 W, 56, 40 %, 0x0000000000000001
2026/09/26 03:05:14.808, 810 MHz, 10.54 W, 56, 36 %, 0x0000000000000001
2026/09/26 03:05:15.820, 810 MHz, 10.53 W, 56, 27 %, 0x0000000000000001
2026/09/26 03:05:16.822, 645 MHz, 10.44 W, 56, 34 %, 0x0000000000000001
2026/09/26 03:05:17.825, 585 MHz, 10.46 W, 56, 53 %, 0x0000000000000001
2026/09/26 03:05:18.825, 735 MHz, 10.49 W, 56, 29 %, 0x0000000000000001
2026/09/26 03:05:19.826, 525 MHz, 10.43 W, 56, 22 %, 0x0000000000000001
2026/09/26 03:05:20.835, 435 MHz, 10.23 W, 56, 25 %, 0x0000000000000001
2026/09/26 03:05:21.836, 450 MHz, 10.23 W, 56, 40 %, 0x0000000000000001
2026/09/26 03:05:22.837, 495 MHz, 10.31 W, 56, 40 %, 0x0000000000000001
2026/09/26 03:05:23.849, 510 MHz, 10.29 W, 56, 30 %, 0x0000000000000001
2026/09/26 03:05:24.854, 585 MHz, 10.29 W, 56, 34 %, 0x0000000000000001
2026/09/26 03:05:25.859, 645 MHz, 10.35 W, 56, 37 %, 0x0000000000000001
2026/09/26 03:05:26.868, 645 MHz, 10.44 W, 56, 33 %, 0x0000000000000001
2026/09/26 03:05:27.882, 585 MHz, 10.29 W, 56, 21 %, 0x0000000000000001
2026/09/26 03:05:28.893, 495 MHz, 10.27 W, 56, 35 %, 0x0000000000000001
2026/09/26 03:05:29.902, 630 MHz, 10.36 W, 56, 27 %, 0x0000000000000001
2026/09/26 03:05:30.904, 630 MHz, 10.40 W, 56, 23 %, 0x0000000000000001
2026/09/26 03:05:31.918, 555 MHz, 10.39 W, 56, 38 %, 0x0000000000000001
2026/09/26 03:05:32.927, 495 MHz, 10.27 W, 56, 27 %, 0x0000000000000001
2026/09/26 03:05:33.933, 450 MHz, 10.29 W, 56, 48 %, 0x0000000000000001
2026/09/26 03:05:34.934, 555 MHz, 10.38 W, 56, 31 %, 0x0000000000000001
2026/09/26 03:05:35.946, 525 MHz, 10.34 W, 56, 37 %, 0x0000000000000001
2026/09/26 03:05:36.949, 480 MHz, 10.27 W, 56, 31 %, 0x0000000000000001
2026/09/26 03:05:37.964, 525 MHz, 10.28 W, 56, 36 %, 0x0000000000000001
2026/09/26 03:05:38.978, 525 MHz, 10.28 W, 56, 21 %, 0x0000000000000001
2026/09/26 03:05:39.981, 495 MHz, 9.31 W, 56, 37 %, 0x0000000000000001
2026/09/26 03:05:40.984, 495 MHz, 10.36 W, 56, 36 %, 0x0000000000000001
2026/09/26 03:05:41.995, 510 MHz, 10.30 W, 56, 52 %, 0x0000000000000001
2026/09/26 03:05:42.999, 555 MHz, 10.48 W, 56, 31 %, 0x0000000000000001
2026/09/26 03:05:44.015, 705 MHz, 10.43 W, 56, 18 %, 0x0000000000000001
2026/09/26 03:05:45.030, 825 MHz, 10.76 W, 56, 26 %, 0x0000000000000001
2026/09/26 03:05:46.043, 825 MHz, 10.04 W, 56, 0 %, 0x0000000000000001
2026/09/26 03:05:47.055, 735 MHz, 10.59 W, 56, 30 %, 0x0000000000000001
2026/09/26 03:05:48.068, 900 MHz, 10.65 W, 56, 15 %, 0x0000000000000001
2026/09/26 03:05:49.073, 900 MHz, 10.93 W, 56, 44 %, 0x0000000000000001
2026/09/26 03:05:50.086, 720 MHz, 10.60 W, 56, 24 %, 0x0000000000000001
2026/09/26 03:05:51.088, 735 MHz, 10.53 W, 56, 34 %, 0x0000000000000001
2026/09/26 03:05:52.091, 735 MHz, 10.41 W, 56, 13 %, 0x0000000000000001
2026/09/26 03:05:53.100, 510 MHz, 10.36 W, 56, 17 %, 0x0000000000000001
2026/09/26 03:05:54.115, 465 MHz, 10.36 W, 56, 38 %, 0x0000000000000001
2026/09/26 03:05:55.124, 510 MHz, 10.37 W, 56, 38 %, 0x0000000000000001
2026/09/26 03:05:56.138, 495 MHz, 10.33 W, 56, 37 %, 0x0000000000000001
2026/09/26 03:05:57.147, 600 MHz, 10.36 W, 56, 38 %, 0x0000000000000001
2026/09/26 03:05:58.158, 600 MHz, 10.36 W, 56, 32 %, 0x0000000000000001
2026/09/26 03:05:59.161, 525 MHz, 10.28 W, 56, 29 %, 0x0000000000000001
2026/09/26 03:06:00.164, 585 MHz, 10.36 W, 56, 29 %, 0x0000000000000001
2026/09/26 03:06:01.165, 585 MHz, 10.36 W, 56, 37 %, 0x0000000000000001
2026/09/26 03:06:02.176, 465 MHz, 10.28 W, 56, 28 %, 0x0000000000000001
2026/09/26 03:06:03.177, 480 MHz, 10.18 W, 56, 30 %, 0x0000000000000001
2026/09/26 03:06:04.192, 480 MHz, 10.22 W, 56, 19 %, 0x0000000000000001
2026/09/26 03:06:05.202, 375 MHz, 7.91 W, 56, 41 %, 0x0000000000000001
2026/09/26 03:06:06.205, 405 MHz, 7.90 W, 56, 50 %, 0x0000000000000001
2026/09/26 03:06:07.208, 600 MHz, 10.49 W, 56, 42 %, 0x0000000000000001
2026/09/26 03:06:08.215, 600 MHz, 10.35 W, 56, 27 %, 0x0000000000000001
2026/09/26 03:06:09.230, 615 MHz, 10.35 W, 56, 28 %, 0x0000000000000001
2026/09/26 03:06:10.241, 615 MHz, 10.39 W, 56, 32 %, 0x0000000000000001
2026/09/26 03:06:11.249, 570 MHz, 10.35 W, 56, 34 %, 0x0000000000000001
2026/09/26 03:06:12.258, 525 MHz, 10.15 W, 56, 13 %, 0x0000000000000001
2026/09/26 03:06:13.274, 465 MHz, 10.23 W, 56, 39 %, 0x0000000000000001
2026/09/26 03:06:14.275, 540 MHz, 10.27 W, 56, 42 %, 0x0000000000000001
2026/09/26 03:06:15.283, 600 MHz, 10.33 W, 56, 37 %, 0x0000000000000001
2026/09/26 03:06:16.290, 690 MHz, 10.46 W, 56, 40 %, 0x0000000000000001
2026/09/26 03:06:17.301, 855 MHz, 10.56 W, 56, 27 %, 0x0000000000000001
2026/09/26 03:06:18.305, 855 MHz, 10.58 W, 56, 33 %, 0x0000000000000001
2026/09/26 03:06:19.310, 885 MHz, 10.56 W, 56, 41 %, 0x0000000000000001
2026/09/26 03:06:20.313, 990 MHz, 10.72 W, 56, 27 %, 0x0000000000000001
2026/09/26 03:06:21.315, 990 MHz, 10.72 W, 56, 33 %, 0x0000000000000001
2026/09/26 03:06:22.325, 795 MHz, 10.58 W, 56, 32 %, 0x0000000000000001
2026/09/26 03:06:23.327, 810 MHz, 10.52 W, 56, 23 %, 0x0000000000000001
2026/09/26 03:06:24.330, 810 MHz, 10.54 W, 56, 35 %, 0x0000000000000001
2026/09/26 03:06:25.336, 660 MHz, 10.48 W, 56, 27 %, 0x0000000000000001
2026/09/26 03:06:26.339, 690 MHz, 10.42 W, 56, 30 %, 0x0000000000000001
2026/09/26 03:06:27.341, 750 MHz, 10.49 W, 56, 37 %, 0x0000000000000001
2026/09/26 03:06:28.346, 750 MHz, 10.46 W, 56, 39 %, 0x0000000000000001
2026/09/26 03:06:29.351, 660 MHz, 10.38 W, 56, 32 %, 0x0000000000000001
2026/09/26 03:06:30.353, 720 MHz, 10.39 W, 56, 25 %, 0x0000000000000001
2026/09/26 03:06:31.356, 720 MHz, 10.40 W, 56, 32 %, 0x0000000000000001
2026/09/26 03:06:32.360, 645 MHz, 10.27 W, 56, 23 %, 0x0000000000000001
2026/09/26 03:06:33.362, 645 MHz, 10.41 W, 56, 42 %, 0x0000000000000001
2026/09/26 03:06:34.366, 690 MHz, 10.42 W, 55, 34 %, 0x0000000000000001
2026/09/26 03:06:35.370, 720 MHz, 10.48 W, 55, 36 %, 0x0000000000000001
2026/09/26 03:06:36.373, 645 MHz, 10.31 W, 55, 17 %, 0x0000000000000001
2026/09/26 03:06:37.384, 630 MHz, 10.40 W, 55, 32 %, 0x0000000000000001
2026/09/26 03:06:38.393, 675 MHz, 10.38 W, 55, 41 %, 0x0000000000000001
2026/09/26 03:06:39.395, 675 MHz, 10.26 W, 55, 31 %, 0x0000000000000001
2026/09/26 03:06:40.399, 780 MHz, 10.43 W, 55, 36 %, 0x0000000000000001
2026/09/26 03:06:41.399, 780 MHz, 10.48 W, 55, 18 %, 0x0000000000000001
2026/09/26 03:06:42.409, 735 MHz, 10.42 W, 55, 25 %, 0x0000000000000001
2026/09/26 03:06:43.416, 885 MHz, 10.86 W, 55, 46 %, 0x0000000000000001
2026/09/26 03:06:44.422, 930 MHz, 10.63 W, 55, 25 %, 0x0000000000000001
2026/09/26 03:06:45.430, 870 MHz, 10.72 W, 55, 54 %, 0x0000000000000001
2026/09/26 03:06:46.431, 990 MHz, 10.78 W, 55, 30 %, 0x0000000000000001
2026/09/26 03:06:47.432, 930 MHz, 10.78 W, 55, 32 %, 0x0000000000000001
2026/09/26 03:06:48.442, 825 MHz, 10.53 W, 55, 31 %, 0x0000000000000001
2026/09/26 03:06:49.443, 750 MHz, 10.45 W, 55, 33 %, 0x0000000000000001
2026/09/26 03:06:50.444, 810 MHz, 10.65 W, 55, 35 %, 0x0000000000000001
2026/09/26 03:06:51.447, 810 MHz, 10.41 W, 55, 22 %, 0x0000000000000001
2026/09/26 03:06:52.448, 750 MHz, 10.35 W, 55, 24 %, 0x0000000000000001
2026/09/26 03:06:53.456, 630 MHz, 10.31 W, 55, 20 %, 0x0000000000000001
2026/09/26 03:06:54.463, 570 MHz, 10.40 W, 55, 32 %, 0x0000000000000001
2026/09/26 03:06:55.467, 750 MHz, 10.42 W, 55, 33 %, 0x0000000000000001
2026/09/26 03:06:56.481, 750 MHz, 10.45 W, 55, 27 %, 0x0000000000000001
2026/09/26 03:06:57.494, 720 MHz, 10.48 W, 55, 30 %, 0x0000000000000001
2026/09/26 03:06:58.508, 720 MHz, 10.62 W, 55, 33 %, 0x0000000000000001
2026/09/26 03:06:59.515, 570 MHz, 10.23 W, 55, 18 %, 0x0000000000000001
2026/09/26 03:07:00.519, 510 MHz, 10.34 W, 55, 25 %, 0x0000000000000001
2026/09/26 03:07:01.525, 465 MHz, 10.28 W, 55, 45 %, 0x0000000000000001
2026/09/26 03:07:02.537, 855 MHz, 10.68 W, 55, 23 %, 0x0000000000000001
2026/09/26 03:07:03.539, 945 MHz, 10.64 W, 55, 19 %, 0x0000000000000001
2026/09/26 03:07:04.548, 945 MHz, 10.62 W, 55, 17 %, 0x0000000000000001
2026/09/26 03:07:05.553, 795 MHz, 10.51 W, 55, 39 %, 0x0000000000000001
2026/09/26 03:07:06.566, 840 MHz, 10.47 W, 55, 24 %, 0x0000000000000001
2026/09/26 03:07:07.579, 840 MHz, 10.59 W, 55, 36 %, 0x0000000000000001
2026/09/26 03:07:08.593, 585 MHz, 10.45 W, 55, 21 %, 0x0000000000000001
2026/09/26 03:07:09.600, 510 MHz, 10.29 W, 55, 28 %, 0x0000000000000001
2026/09/26 03:07:10.613, 420 MHz, 10.16 W, 56, 28 %, 0x0000000000000001
2026/09/26 03:07:11.625, 480 MHz, 10.38 W, 56, 43 %, 0x0000000000000001
2026/09/26 03:07:12.632, 570 MHz, 10.37 W, 56, 44 %, 0x0000000000000001
2026/09/26 03:07:13.632, 525 MHz, 10.49 W, 56, 50 %, 0x0000000000000001
2026/09/26 03:07:14.635, 615 MHz, 10.32 W, 56, 21 %, 0x0000000000000001
2026/09/26 03:07:15.646, 675 MHz, 10.32 W, 56, 18 %, 0x0000000000000001
2026/09/26 03:07:16.655, 690 MHz, 10.44 W, 56, 31 %, 0x0000000000000001
2026/09/26 03:07:17.670, 690 MHz, 10.33 W, 56, 29 %, 0x0000000000000001
2026/09/26 03:07:18.683, 600 MHz, 10.50 W, 56, 41 %, 0x0000000000000001
2026/09/26 03:07:19.691, 525 MHz, 10.35 W, 56, 31 %, 0x0000000000000001
2026/09/26 03:07:20.700, 480 MHz, 10.48 W, 56, 61 %, 0x0000000000000001
2026/09/26 03:07:21.701, 675 MHz, 10.53 W, 56, 27 %, 0x0000000000000001
2026/09/26 03:07:22.707, 675 MHz, 10.45 W, 56, 21 %, 0x0000000000000001
2026/09/26 03:07:23.717, 555 MHz, 10.42 W, 56, 31 %, 0x0000000000000001
2026/09/26 03:07:24.724, 660 MHz, 10.47 W, 56, 34 %, 0x0000000000000001
2026/09/26 03:07:25.731, 660 MHz, 10.45 W, 56, 40 %, 0x0000000000000001
2026/09/26 03:07:26.737, 645 MHz, 10.42 W, 56, 36 %, 0x0000000000000001
2026/09/26 03:07:27.751, 690 MHz, 10.40 W, 56, 28 %, 0x0000000000000001
2026/09/26 03:07:28.759, 810 MHz, 10.50 W, 56, 35 %, 0x0000000000000001
2026/09/26 03:07:29.774, 870 MHz, 10.65 W, 56, 21 %, 0x0000000000000001
2026/09/26 03:07:30.787, 870 MHz, 10.77 W, 56, 27 %, 0x0000000000000001
2026/09/26 03:07:31.789, 615 MHz, 10.40 W, 56, 29 %, 0x0000000000000001
2026/09/26 03:07:32.801, 525 MHz, 10.15 W, 56, 14 %, 0x0000000000000001
2026/09/26 03:07:33.806, 435 MHz, 10.26 W, 56, 33 %, 0x0000000000000001
2026/09/26 03:07:34.809, 675 MHz, 10.47 W, 56, 23 %, 0x0000000000000001
2026/09/26 03:07:35.810, 675 MHz, 10.77 W, 56, 50 %, 0x0000000000000001
2026/09/26 03:07:36.825, 720 MHz, 10.55 W, 56, 39 %, 0x0000000000000001
2026/09/26 03:07:37.829, 915 MHz, 10.66 W, 56, 34 %, 0x0000000000000001
2026/09/26 03:07:38.842, 915 MHz, 10.87 W, 56, 38 %, 0x0000000000000001
2026/09/26 03:07:39.848, 1110 MHz, 12.69 W, 56, 32 %, 0x0000000000000001
2026/09/26 03:07:40.858, 720 MHz, 15.83 W, 57, 7 %, 0x0000000000000001
2026/09/26 03:07:41.866, 615 MHz, 10.48 W, 56, 29 %, 0x0000000000000001
2026/09/26 03:07:42.868, 555 MHz, 10.21 W, 56, 23 %, 0x0000000000000001
2026/09/26 03:07:43.881, 585 MHz, 10.34 W, 56, 38 %, 0x0000000000000001
2026/09/26 03:07:44.884, 690 MHz, 10.39 W, 56, 26 %, 0x0000000000000001
2026/09/26 03:07:45.889, 705 MHz, 10.45 W, 56, 18 %, 0x0000000000000001
2026/09/26 03:07:46.899, 705 MHz, 10.61 W, 56, 36 %, 0x0000000000000001
2026/09/26 03:07:47.912, 900 MHz, 10.62 W, 56, 45 %, 0x0000000000000001
2026/09/26 03:07:48.925, 900 MHz, 10.62 W, 56, 18 %, 0x0000000000000001
2026/09/26 03:07:49.929, 810 MHz, 10.58 W, 56, 28 %, 0x0000000000000001
2026/09/26 03:07:50.930, 1035 MHz, 10.80 W, 56, 25 %, 0x0000000000000001
2026/09/26 03:07:51.933, 1035 MHz, 10.71 W, 56, 23 %, 0x0000000000000001
2026/09/26 03:07:52.936, 840 MHz, 10.50 W, 56, 31 %, 0x0000000000000001
2026/09/26 03:07:53.941, 780 MHz, 10.59 W, 56, 35 %, 0x0000000000000001
2026/09/26 03:07:54.947, 795 MHz, 10.45 W, 56, 26 %, 0x0000000000000001
2026/09/26 03:07:55.951, 975 MHz, 10.65 W, 56, 40 %, 0x0000000000000001
2026/09/26 03:07:56.956, 975 MHz, 10.69 W, 56, 34 %, 0x0000000000000001
2026/09/26 03:07:57.961, 930 MHz, 10.86 W, 56, 28 %, 0x0000000000000001
2026/09/26 03:07:58.964, 1080 MHz, 12.55 W, 56, 23 %, 0x0000000000000001
2026/09/26 03:07:59.973, 1080 MHz, 13.57 W, 56, 14 %, 0x0000000000000001
2026/09/26 03:08:00.983, 690 MHz, 10.54 W, 56, 34 %, 0x0000000000000001
2026/09/26 03:08:01.989, 870 MHz, 10.56 W, 56, 29 %, 0x0000000000000001
2026/09/26 03:08:03.003, 870 MHz, 10.55 W, 56, 18 %, 0x0000000000000001
2026/09/26 03:08:04.014, 600 MHz, 10.42 W, 56, 22 %, 0x0000000000000001
2026/09/26 03:08:05.023, 510 MHz, 10.31 W, 56, 27 %, 0x0000000000000001
2026/09/26 03:08:06.026, 450 MHz, 10.19 W, 56, 21 %, 0x0000000000000001
2026/09/26 03:08:07.031, 435 MHz, 10.20 W, 56, 26 %, 0x0000000000000001
2026/09/26 03:08:08.035, 510 MHz, 10.31 W, 56, 31 %, 0x0000000000000001
2026/09/26 03:08:09.038, 705 MHz, 10.46 W, 56, 35 %, 0x0000000000000001
2026/09/26 03:08:10.043, 705 MHz, 10.52 W, 56, 24 %, 0x0000000000000001
2026/09/26 03:08:11.051, 705 MHz, 10.32 W, 56, 45 %, 0x0000000000000001
2026/09/26 03:08:12.058, 780 MHz, 10.51 W, 56, 33 %, 0x0000000000000001
2026/09/26 03:08:13.072, 870 MHz, 10.64 W, 56, 36 %, 0x0000000000000001
2026/09/26 03:08:14.079, 990 MHz, 10.92 W, 56, 56 %, 0x0000000000000001
2026/09/26 03:08:15.092, 1260 MHz, 14.12 W, 56, 17 %, 0x0000000000000001
2026/09/26 03:08:16.105, 720 MHz, 10.61 W, 56, 22 %, 0x0000000000000001
2026/09/26 03:08:17.119, 630 MHz, 10.36 W, 56, 16 %, 0x0000000000000001
2026/09/26 03:08:18.131, 525 MHz, 10.41 W, 56, 31 %, 0x0000000000000001
2026/09/26 03:08:19.141, 540 MHz, 10.33 W, 56, 32 %, 0x0000000000000001
2026/09/26 03:08:20.148, 540 MHz, 10.35 W, 56, 34 %, 0x0000000000000001
2026/09/26 03:08:21.155, 795 MHz, 10.62 W, 56, 23 %, 0x0000000000000001
2026/09/26 03:08:22.161, 795 MHz, 10.76 W, 56, 40 %, 0x0000000000000001
2026/09/26 03:08:23.170, 720 MHz, 10.52 W, 56, 36 %, 0x0000000000000001
2026/09/26 03:08:24.178, 765 MHz, 10.58 W, 56, 34 %, 0x0000000000000001
2026/09/26 03:08:25.183, 825 MHz, 10.70 W, 56, 34 %, 0x0000000000000001
2026/09/26 03:08:26.197, 645 MHz, 10.71 W, 56, 31 %, 0x0000000000000001
2026/09/26 03:08:27.210, 810 MHz, 10.65 W, 56, 31 %, 0x0000000000000001
2026/09/26 03:08:28.217, 720 MHz, 10.65 W, 56, 30 %, 0x0000000000000001
2026/09/26 03:08:29.226, 645 MHz, 10.54 W, 56, 28 %, 0x0000000000000001
2026/09/26 03:08:30.234, 765 MHz, 10.70 W, 56, 57 %, 0x0000000000000001
2026/09/26 03:08:31.238, 765 MHz, 10.50 W, 56, 18 %, 0x0000000000000001
2026/09/26 03:08:32.239, 750 MHz, 10.60 W, 56, 50 %, 0x0000000000000001
2026/09/26 03:08:33.242, 750 MHz, 10.38 W, 56, 12 %, 0x0000000000000001
2026/09/26 03:08:34.256, 615 MHz, 10.66 W, 56, 29 %, 0x0000000000000001
2026/09/26 03:08:35.270, 555 MHz, 10.50 W, 56, 39 %, 0x0000000000000001
2026/09/26 03:08:36.281, 525 MHz, 10.37 W, 56, 32 %, 0x0000000000000001
2026/09/26 03:08:37.295, 600 MHz, 10.49 W, 56, 40 %, 0x0000000000000001
2026/09/26 03:08:38.296, 660 MHz, 10.45 W, 56, 28 %, 0x0000000000000001
2026/09/26 03:08:39.296, 660 MHz, 10.45 W, 56, 24 %, 0x0000000000000001
2026/09/26 03:08:40.298, 570 MHz, 10.38 W, 56, 33 %, 0x0000000000000001
2026/09/26 03:08:41.307, 660 MHz, 10.52 W, 56, 30 %, 0x0000000000000001
2026/09/26 03:08:42.307, 765 MHz, 10.57 W, 56, 28 %, 0x0000000000000001
2026/09/26 03:08:43.317, 765 MHz, 10.49 W, 56, 17 %, 0x0000000000000001
2026/09/26 03:08:44.327, 585 MHz, 10.40 W, 56, 31 %, 0x0000000000000001
2026/09/26 03:08:45.333, 690 MHz, 10.60 W, 56, 31 %, 0x0000000000000001
2026/09/26 03:08:46.346, 690 MHz, 10.44 W, 56, 26 %, 0x0000000000000001
2026/09/26 03:08:47.356, 705 MHz, 10.45 W, 56, 22 %, 0x0000000000000001
2026/09/26 03:08:48.365, 705 MHz, 10.54 W, 56, 17 %, 0x0000000000000001
2026/09/26 03:08:49.374, 435 MHz, 10.27 W, 56, 34 %, 0x0000000000000001
2026/09/26 03:08:50.388, 450 MHz, 10.46 W, 56, 34 %, 0x0000000000000001
2026/09/26 03:08:51.395, 450 MHz, 10.31 W, 56, 37 %, 0x0000000000000001
2026/09/26 03:08:52.409, 585 MHz, 10.38 W, 56, 26 %, 0x0000000000000001
2026/09/26 03:08:53.412, 600 MHz, 10.42 W, 56, 38 %, 0x0000000000000001
2026/09/26 03:08:54.416, 735 MHz, 10.48 W, 56, 31 %, 0x0000000000000001
2026/09/26 03:08:55.418, 735 MHz, 10.48 W, 56, 27 %, 0x0000000000000001
2026/09/26 03:08:56.424, 750 MHz, 10.47 W, 56, 35 %, 0x0000000000000001
2026/09/26 03:08:57.433, 780 MHz, 10.57 W, 56, 31 %, 0x0000000000000001
2026/09/26 03:08:58.445, 780 MHz, 10.53 W, 56, 26 %, 0x0000000000000001
2026/09/26 03:08:59.456, 885 MHz, 10.61 W, 56, 16 %, 0x0000000000000001
2026/09/26 03:09:00.469, 885 MHz, 10.67 W, 56, 25 %, 0x0000000000000001
2026/09/26 03:09:01.476, 720 MHz, 10.80 W, 56, 45 %, 0x0000000000000001
2026/09/26 03:09:02.479, 765 MHz, 10.56 W, 56, 35 %, 0x0000000000000001
2026/09/26 03:09:03.488, 660 MHz, 10.39 W, 56, 21 %, 0x0000000000000001
2026/09/26 03:09:04.496, 720 MHz, 10.52 W, 56, 26 %, 0x0000000000000001
2026/09/26 03:09:05.497, 720 MHz, 10.71 W, 56, 41 %, 0x0000000000000001
2026/09/26 03:09:06.507, 765 MHz, 10.48 W, 56, 28 %, 0x0000000000000001
2026/09/26 03:09:07.508, 690 MHz, 10.45 W, 56, 28 %, 0x0000000000000001
2026/09/26 03:09:08.510, 630 MHz, 10.43 W, 56, 31 %, 0x0000000000000001
2026/09/26 03:09:09.511, 675 MHz, 10.47 W, 56, 19 %, 0x0000000000000001
2026/09/26 03:09:10.522, 675 MHz, 10.48 W, 56, 19 %, 0x0000000000000001
2026/09/26 03:09:11.538, 435 MHz, 10.30 W, 56, 23 %, 0x0000000000000001
2026/09/26 03:09:12.545, 405 MHz, 9.63 W, 56, 29 %, 0x0000000000000001
2026/09/26 03:09:13.551, 480 MHz, 10.31 W, 56, 33 %, 0x0000000000000001
2026/09/26 03:09:14.560, 480 MHz, 10.45 W, 56, 35 %, 0x0000000000000001
2026/09/26 03:09:15.567, 585 MHz, 10.39 W, 56, 24 %, 0x0000000000000001
2026/09/26 03:09:16.571, 585 MHz, 10.40 W, 56, 40 %, 0x0000000000000001
2026/09/26 03:09:17.580, 675 MHz, 10.46 W, 56, 32 %, 0x0000000000000001
2026/09/26 03:09:18.589, 690 MHz, 10.50 W, 56, 27 %, 0x0000000000000001
2026/09/26 03:09:19.594, 690 MHz, 10.56 W, 56, 35 %, 0x0000000000000001
2026/09/26 03:09:20.602, 615 MHz, 10.48 W, 56, 36 %, 0x0000000000000001
2026/09/26 03:09:21.614, 525 MHz, 10.33 W, 56, 19 %, 0x0000000000000001
2026/09/26 03:09:22.628, 465 MHz, 10.37 W, 56, 33 %, 0x0000000000000001
2026/09/26 03:09:23.645, 435 MHz, 10.31 W, 56, 33 %, 0x0000000000000001
2026/09/26 03:09:24.650, 330 MHz, 7.59 W, 56, 0 %, 0x0000000000000001
2026/09/26 03:09:25.657, 285 MHz, 7.19 W, 56, 0 %, 0x0000000000000001
2026/09/26 03:09:26.666, 210 MHz, 3.93 W, 56, 0 %, 0x0000000000000001
2026/09/26 03:09:27.678, 210 MHz, 5.92 W, 56, 0 %, 0x0000000000000001
2026/09/26 03:09:28.684, 210 MHz, 5.78 W, 56, 0 %, 0x0000000000000001
2026/09/26 03:09:29.688, 210 MHz, 3.48 W, 55, 0 %, 0x0000000000000001
2026/09/26 03:09:30.704, 210 MHz, 5.91 W, 55, 0 %, 0x0000000000000001
2026/09/26 03:09:31.717, 510 MHz, 10.32 W, 56, 40 %, 0x0000000000000001
2026/09/26 03:09:32.730, 525 MHz, 10.24 W, 56, 19 %, 0x0000000000000001
2026/09/26 03:09:33.730, 525 MHz, 10.41 W, 56, 35 %, 0x0000000000000001
2026/09/26 03:09:34.732, 510 MHz, 10.34 W, 56, 37 %, 0x0000000000000001
2026/09/26 03:09:35.740, 570 MHz, 10.41 W, 56, 41 %, 0x0000000000000001
2026/09/26 03:09:36.750, 600 MHz, 10.44 W, 56, 44 %, 0x0000000000000001
2026/09/26 03:09:37.751, 630 MHz, 10.49 W, 56, 41 %, 0x0000000000000001
2026/09/26 03:09:38.760, 645 MHz, 10.49 W, 56, 40 %, 0x0000000000000001
2026/09/26 03:09:39.767, 675 MHz, 10.54 W, 56, 40 %, 0x0000000000000001
2026/09/26 03:09:40.777, 720 MHz, 10.56 W, 55, 41 %, 0x0000000000000001
2026/09/26 03:09:41.780, 795 MHz, 10.61 W, 55, 41 %, 0x0000000000000001
2026/09/26 03:09:42.783, 795 MHz, 10.64 W, 55, 33 %, 0x0000000000000001
2026/09/26 03:09:43.790, 1530 MHz, 365.89 W, 56, 0 %, 0x0000000000000024
2026/09/26 03:09:45.323, 1530 MHz, 365.89 W, 56, 0 %, 0x0000000000000024
2026/09/26 03:09:46.591, 1530 MHz, 18.05 W, 56, 0 %, 0x0000000000000024
2026/09/26 03:09:47.667, 1530 MHz, 17.97 W, 56, 0 %, 0x0000000000000024
2026/09/26 03:09:49.197, 1530 MHz, 17.94 W, 56, 0 %, 0x0000000000000024
2026/09/26 03:09:50.707, 1530 MHz, 365.89 W, 56, 0 %, 0x0000000000000024
2026/09/26 03:09:52.210, 1530 MHz, 365.89 W, 56, 0 %, 0x0000000000000024
2026/09/26 03:09:53.699, 1530 MHz, 18.00 W, 56, 0 %, 0x0000000000000024
2026/09/26 03:09:55.206, 1530 MHz, 18.10 W, 56, 0 %, 0x0000000000000024
2026/09/26 03:09:56.706, 1530 MHz, 15.84 W, 56, 0 %, 0x0000000000000024
2026/09/26 03:09:58.210, 1530 MHz, 18.08 W, 56, 0 %, 0x0000000000000024
2026/09/26 03:09:59.706, 1530 MHz, 18.03 W, 56, 0 %, 0x0000000000000024
2026/09/26 03:10:01.223, 1530 MHz, 18.11 W, 56, 0 %, 0x0000000000000024
2026/09/26 03:10:02.731, 1530 MHz, 17.93 W, 56, 0 %, 0x0000000000000024
2026/09/26 03:10:04.024, 1530 MHz, 17.95 W, 56, 0 %, 0x0000000000000024
2026/09/26 03:10:05.202, 1530 MHz, 14.53 W, 56, 0 %, 0x0000000000000024
2026/09/26 03:10:06.215, 1530 MHz, 14.36 W, 56, 0 %, 0x0000000000000024
2026/09/26 03:10:07.229, 1530 MHz, 13.01 W, 56, 0 %, 0x0000000000000001
2026/09/26 03:10:08.242, 1530 MHz, 13.88 W, 56, 0 %, 0x0000000000000024
2026/09/26 03:10:09.249, 1530 MHz, 14.44 W, 56, 0 %, 0x0000000000000024
2026/09/26 03:10:10.261, 1530 MHz, 14.24 W, 57, 0 %, 0x0000000000000024
2026/09/26 03:10:11.273, 1530 MHz, 13.01 W, 56, 0 %, 0x0000000000000001
2026/09/26 03:10:12.277, 1530 MHz, 13.72 W, 56, 0 %, 0x0000000000000024
2026/09/26 03:10:13.280, 1530 MHz, 13.74 W, 56, 0 %, 0x0000000000000024
2026/09/26 03:10:14.294, 1530 MHz, 13.26 W, 56, 1 %, 0x0000000000000001
2026/09/26 03:10:15.300, 360 MHz, 9.92 W, 56, 0 %, 0x0000000000000001
2026/09/26 03:10:16.304, 1995 MHz, 16.92 W, 59, 95 %, 0x0000000000000024
2026/09/26 03:10:17.316, 1995 MHz, 16.92 W, 57, 0 %, 0x0000000000000024
2026/09/26 03:10:18.327, 495 MHz, 12.83 W, 57, 0 %, 0x0000000000000024
2026/09/26 03:10:19.334, 315 MHz, 11.26 W, 56, 0 %, 0x0000000000000001
2026/09/26 03:10:20.345, 210 MHz, 11.31 W, 56, 0 %, 0x0000000000000001
2026/09/26 03:10:21.357, 270 MHz, 13.52 W, 56, 99 %, 0x0000000000000001
2026/09/26 03:10:22.358, 1575 MHz, 44.64 W, 61, 84 %, 0x0000000000000004
2026/09/26 03:10:23.371, 1995 MHz, 18.02 W, 58, 0 %, 0x0000000000000024
2026/09/26 03:10:24.375, 1995 MHz, 16.91 W, 58, 0 %, 0x0000000000000024
2026/09/26 03:10:25.379, 315 MHz, 11.40 W, 56, 0 %, 0x0000000000000001
2026/09/26 03:10:26.393, 210 MHz, 11.24 W, 56, 1 %, 0x0000000000000001
2026/09/26 03:10:27.409, 210 MHz, 10.45 W, 56, 0 %, 0x0000000000000001
2026/09/26 03:10:28.414, 210 MHz, 8.06 W, 56, 0 %, 0x0000000000000001
2026/09/26 03:10:29.429, 210 MHz, 6.06 W, 55, 0 %, 0x0000000000000001
2026/09/26 03:10:30.439, 210 MHz, 5.66 W, 55, 0 %, 0x0000000000000001
2026/09/26 03:10:31.445, 210 MHz, 6.47 W, 55, 0 %, 0x0000000000000001
2026/09/26 03:10:32.446, 285 MHz, 7.48 W, 55, 0 %, 0x0000000000000001
2026/09/26 03:10:33.459, 285 MHz, 5.89 W, 55, 0 %, 0x0000000000000001
2026/09/26 03:10:34.468, 210 MHz, 5.96 W, 55, 0 %, 0x0000000000000001
2026/09/26 03:10:35.471, 285 MHz, 9.81 W, 56, 99 %, 0x0000000000000001
2026/09/26 03:10:36.472, 1995 MHz, 19.02 W, 58, 0 %, 0x0000000000000000
2026/09/26 03:10:37.477, 1995 MHz, 16.83 W, 57, 0 %, 0x0000000000000024
2026/09/26 03:10:38.493, 345 MHz, 14.83 W, 56, 0 %, 0x0000000000000024
2026/09/26 03:10:39.498, 240 MHz, 7.50 W, 56, 0 %, 0x0000000000000001
2026/09/26 03:10:40.518, 210 MHz, 6.72 W, 55, 9 %, 0x0000000000000001
2026/09/26 03:10:41.519, 210 MHz, 6.17 W, 55, 0 %, 0x0000000000000001
2026/09/26 03:10:42.530, 1710 MHz, 36.27 W, 60, 79 %, 0x0000000000000004
2026/09/26 03:10:43.536, 1785 MHz, 38.96 W, 61, 85 %, 0x0000000000000004
2026/09/26 03:10:44.555, 1635 MHz, 44.29 W, 62, 83 %, 0x0000000000000004
2026/09/26 03:10:45.570, 1875 MHz, 46.66 W, 62, 86 %, 0x0000000000000004
2026/09/26 03:10:46.575, 1995 MHz, 19.29 W, 59, 0 %, 0x0000000000000000
2026/09/26 03:10:47.590, 1995 MHz, 17.10 W, 58, 0 %, 0x0000000000000024
2026/09/26 03:10:48.595, 315 MHz, 11.66 W, 57, 27 %, 0x0000000000000001
2026/09/26 03:10:49.601, 210 MHz, 9.96 W, 57, 0 %, 0x0000000000000001
2026/09/26 03:10:50.610, 1530 MHz, 14.40 W, 57, 0 %, 0x0000000000000024
2026/09/26 03:10:51.620, 1530 MHz, 14.38 W, 57, 0 %, 0x0000000000000024
2026/09/26 03:10:52.629, 285 MHz, 11.46 W, 57, 0 %, 0x0000000000000001
2026/09/26 03:10:53.643, 210 MHz, 11.35 W, 57, 0 %, 0x0000000000000001
2026/09/26 03:10:54.659, 1530 MHz, 14.37 W, 58, 0 %, 0x0000000000000024
2026/09/26 03:10:55.663, 1530 MHz, 21.94 W, 59, 14 %, 0x0000000000000024
2026/09/26 03:10:56.673, 1995 MHz, 47.30 W, 63, 58 %, 0x0000000000000000
2026/09/26 03:10:57.689, 1995 MHz, 19.73 W, 60, 14 %, 0x0000000000000000
2026/09/26 03:10:58.692, 1995 MHz, 17.24 W, 59, 0 %, 0x0000000000000024
2026/09/26 03:10:59.699, 1995 MHz, 17.10 W, 59, 0 %, 0x0000000000000001
2026/09/26 03:11:00.703, 300 MHz, 11.24 W, 57, 0 %, 0x0000000000000001
2026/09/26 03:11:01.716, 240 MHz, 11.20 W, 57, 0 %, 0x0000000000000001
2026/09/26 03:11:02.729, 210 MHz, 11.38 W, 57, 0 %, 0x0000000000000001
2026/09/26 03:11:03.732, 210 MHz, 6.41 W, 57, 0 %, 0x0000000000000001
2026/09/26 03:11:04.747, 210 MHz, 5.77 W, 57, 0 %, 0x0000000000000001
2026/09/26 03:11:05.751, 210 MHz, 5.69 W, 57, 0 %, 0x0000000000000001
2026/09/26 03:11:06.767, 210 MHz, 5.77 W, 56, 0 %, 0x0000000000000001
2026/09/26 03:11:07.774, 210 MHz, 6.06 W, 56, 2 %, 0x0000000000000001
2026/09/26 03:11:08.780, 210 MHz, 5.84 W, 56, 1 %, 0x0000000000000001
2026/09/26 03:11:09.782, 210 MHz, 6.01 W, 56, 0 %, 0x0000000000000001
2026/09/26 03:11:10.783, 210 MHz, 5.87 W, 56, 0 %, 0x0000000000000001
2026/09/26 03:11:11.794, 210 MHz, 5.91 W, 56, 1 %, 0x0000000000000001
2026/09/26 03:11:12.797, 210 MHz, 5.87 W, 56, 0 %, 0x0000000000000001
2026/09/26 03:11:13.804, 210 MHz, 5.86 W, 56, 2 %, 0x0000000000000001
2026/09/26 03:11:14.814, 210 MHz, 5.97 W, 56, 0 %, 0x0000000000000001
2026/09/26 03:11:15.821, 210 MHz, 5.61 W, 56, 1 %, 0x0000000000000001
2026/09/26 03:11:16.833, 210 MHz, 5.69 W, 56, 0 %, 0x0000000000000001
2026/09/26 03:11:17.842, 210 MHz, 5.71 W, 56, 0 %, 0x0000000000000001
2026/09/26 03:11:18.857, 210 MHz, 5.89 W, 56, 0 %, 0x0000000000000001
2026/09/26 03:11:19.872, 210 MHz, 5.86 W, 56, 0 %, 0x0000000000000001
2026/09/26 03:11:20.876, 210 MHz, 6.32 W, 56, 0 %, 0x0000000000000001
2026/09/26 03:11:21.877, 210 MHz, 6.11 W, 56, 0 %, 0x0000000000000001
2026/09/26 03:11:22.891, 210 MHz, 4.22 W, 55, 0 %, 0x0000000000000001
2026/09/26 03:11:23.895, 210 MHz, 5.43 W, 55, 0 %, 0x0000000000000001
2026/09/26 03:11:24.896, 210 MHz, 3.61 W, 55, 0 %, 0x0000000000000001
2026/09/26 03:11:25.901, 210 MHz, 6.49 W, 55, 0 %, 0x0000000000000001
2026/09/26 03:11:26.905, 210 MHz, 6.13 W, 55, 1 %, 0x0000000000000001
2026/09/26 03:11:27.909, 210 MHz, 5.53 W, 55, 0 %, 0x0000000000000001
2026/09/26 03:11:28.923, 210 MHz, 7.38 W, 55, 0 %, 0x0000000000000001
2026/09/26 03:11:29.936, 210 MHz, 5.97 W, 55, 0 %, 0x0000000000000001
2026/09/26 03:11:30.941, 210 MHz, 5.96 W, 55, 2 %, 0x0000000000000001
2026/09/26 03:11:31.947, 465 MHz, 10.28 W, 55, 35 %, 0x0000000000000001
2026/09/26 03:11:32.955, 465 MHz, 10.18 W, 56, 19 %, 0x0000000000000001
2026/09/26 03:11:33.965, 285 MHz, 7.27 W, 55, 0 %, 0x0000000000000001
2026/09/26 03:11:34.976, 210 MHz, 4.13 W, 55, 0 %, 0x0000000000000001
2026/09/26 03:11:35.983, 210 MHz, 5.69 W, 55, 0 %, 0x0000000000000001
2026/09/26 03:11:36.991, 210 MHz, 5.79 W, 55, 0 %, 0x0000000000000001
2026/09/26 03:11:37.996, 210 MHz, 3.83 W, 55, 0 %, 0x0000000000000001
2026/09/26 03:11:39.000, 210 MHz, 3.58 W, 55, 0 %, 0x0000000000000001
2026/09/26 03:11:40.009, 210 MHz, 3.52 W, 55, 0 %, 0x0000000000000001
2026/09/26 03:11:41.018, 210 MHz, 5.85 W, 55, 0 %, 0x0000000000000001
2026/09/26 03:11:42.023, 210 MHz, 5.87 W, 55, 0 %, 0x0000000000000001
2026/09/26 03:11:43.031, 210 MHz, 5.86 W, 55, 1 %, 0x0000000000000001
2026/09/26 03:11:44.041, 210 MHz, 6.12 W, 55, 0 %, 0x0000000000000001
2026/09/26 03:11:45.056, 210 MHz, 5.84 W, 54, 1 %, 0x0000000000000001
2026/09/26 03:11:46.064, 210 MHz, 5.70 W, 54, 0 %, 0x0000000000000001
2026/09/26 03:11:47.074, 210 MHz, 5.91 W, 55, 0 %, 0x0000000000000001
2026/09/26 03:11:48.081, 210 MHz, 5.78 W, 55, 0 %, 0x0000000000000001
2026/09/26 03:11:49.085, 210 MHz, 3.72 W, 54, 0 %, 0x0000000000000001
2026/09/26 03:11:50.099, 210 MHz, 5.58 W, 55, 0 %, 0x0000000000000001
2026/09/26 03:11:51.110, 210 MHz, 5.80 W, 55, 0 %, 0x0000000000000001
2026/09/26 03:11:52.121, 210 MHz, 3.86 W, 54, 0 %, 0x0000000000000001
2026/09/26 03:11:53.133, 210 MHz, 3.49 W, 54, 0 %, 0x0000000000000001
2026/09/26 03:11:54.146, 210 MHz, 5.79 W, 54, 0 %, 0x0000000000000001
2026/09/26 03:11:55.150, 210 MHz, 5.86 W, 54, 0 %, 0x0000000000000001
2026/09/26 03:11:56.157, 210 MHz, 5.73 W, 54, 0 %, 0x0000000000000001
2026/09/26 03:11:57.163, 210 MHz, 5.89 W, 54, 0 %, 0x0000000000000001
2026/09/26 03:11:58.175, 360 MHz, 7.99 W, 54, 50 %, 0x0000000000000001
2026/09/26 03:11:59.186, 540 MHz, 9.97 W, 55, 0 %, 0x0000000000000001
2026/09/26 03:12:00.197, 540 MHz, 7.12 W, 55, 0 %, 0x0000000000000001
2026/09/26 03:12:01.203, 210 MHz, 6.92 W, 54, 1 %, 0x0000000000000001
2026/09/26 03:12:02.212, 210 MHz, 5.74 W, 54, 0 %, 0x0000000000000001
2026/09/26 03:12:03.218, 210 MHz, 3.53 W, 54, 0 %, 0x0000000000000001
2026/09/26 03:12:04.224, 210 MHz, 4.94 W, 54, 2 %, 0x0000000000000001
2026/09/26 03:12:05.238, 210 MHz, 5.95 W, 54, 0 %, 0x0000000000000001
2026/09/26 03:12:06.246, 210 MHz, 5.91 W, 54, 0 %, 0x0000000000000001
2026/09/26 03:12:07.255, 210 MHz, 5.56 W, 54, 0 %, 0x0000000000000001
2026/09/26 03:12:08.270, 210 MHz, 5.68 W, 54, 0 %, 0x0000000000000001
2026/09/26 03:12:09.280, 210 MHz, 6.21 W, 54, 0 %, 0x0000000000000001
2026/09/26 03:12:10.287, 210 MHz, 5.55 W, 54, 0 %, 0x0000000000000001
2026/09/26 03:12:11.298, 210 MHz, 5.60 W, 54, 0 %, 0x0000000000000001
2026/09/26 03:12:12.302, 210 MHz, 5.99 W, 54, 0 %, 0x0000000000000001
2026/09/26 03:12:13.303, 210 MHz, 5.59 W, 54, 0 %, 0x0000000000000001
2026/09/26 03:12:14.316, 210 MHz, 5.75 W, 54, 0 %, 0x0000000000000001
2026/09/26 03:12:15.330, 210 MHz, 5.46 W, 54, 0 %, 0x0000000000000001
2026/09/26 03:12:16.342, 210 MHz, 6.18 W, 54, 1 %, 0x0000000000000001
2026/09/26 03:12:17.346, 510 MHz, 7.90 W, 55, 55 %, 0x0000000000000001
2026/09/26 03:12:18.350, 570 MHz, 10.42 W, 55, 36 %, 0x0000000000000001
2026/09/26 03:12:19.365, 570 MHz, 10.22 W, 55, 16 %, 0x0000000000000001
2026/09/26 03:12:20.377, 465 MHz, 10.28 W, 55, 30 %, 0x0000000000000001
2026/09/26 03:12:21.380, 390 MHz, 10.12 W, 55, 14 %, 0x0000000000000001
2026/09/26 03:12:22.388, 360 MHz, 7.83 W, 55, 36 %, 0x0000000000000001
2026/09/26 03:12:23.403, 585 MHz, 10.19 W, 55, 16 %, 0x0000000000000001
2026/09/26 03:12:24.417, 585 MHz, 10.32 W, 55, 33 %, 0x0000000000000001
2026/09/26 03:12:25.422, 525 MHz, 10.30 W, 55, 23 %, 0x0000000000000001
2026/09/26 03:12:26.428, 585 MHz, 10.25 W, 55, 23 %, 0x0000000000000001
2026/09/26 03:12:27.434, 585 MHz, 10.31 W, 55, 34 %, 0x0000000000000001
2026/09/26 03:12:28.435, 510 MHz, 10.25 W, 55, 29 %, 0x0000000000000001
2026/09/26 03:12:29.439, 510 MHz, 10.26 W, 55, 25 %, 0x0000000000000001
2026/09/26 03:12:30.450, 510 MHz, 10.06 W, 55, 16 %, 0x0000000000000001
2026/09/26 03:12:31.464, 375 MHz, 7.87 W, 55, 39 %, 0x0000000000000001
2026/09/26 03:12:32.469, 420 MHz, 10.22 W, 55, 36 %, 0x0000000000000001
2026/09/26 03:12:33.484, 420 MHz, 10.19 W, 56, 24 %, 0x0000000000000001
2026/09/26 03:12:34.487, 420 MHz, 10.33 W, 56, 40 %, 0x0000000000000001
2026/09/26 03:12:35.502, 465 MHz, 10.28 W, 56, 42 %, 0x0000000000000001
2026/09/26 03:12:36.505, 630 MHz, 10.44 W, 56, 36 %, 0x0000000000000001
2026/09/26 03:12:37.506, 630 MHz, 10.35 W, 56, 34 %, 0x0000000000000001
2026/09/26 03:12:38.520, 525 MHz, 10.27 W, 56, 26 %, 0x0000000000000001
2026/09/26 03:12:39.533, 495 MHz, 10.22 W, 56, 41 %, 0x0000000000000001
2026/09/26 03:12:40.548, 540 MHz, 10.26 W, 56, 32 %, 0x0000000000000001
2026/09/26 03:12:41.555, 615 MHz, 10.31 W, 56, 22 %, 0x0000000000000001
2026/09/26 03:12:42.559, 435 MHz, 10.39 W, 56, 23 %, 0x0000000000000001
2026/09/26 03:12:43.561, 450 MHz, 10.21 W, 56, 41 %, 0x0000000000000001
2026/09/26 03:12:44.568, 450 MHz, 10.28 W, 56, 35 %, 0x0000000000000001
2026/09/26 03:12:45.583, 495 MHz, 10.22 W, 56, 31 %, 0x0000000000000001
2026/09/26 03:12:46.585, 495 MHz, 10.27 W, 56, 30 %, 0x0000000000000001
2026/09/26 03:12:47.601, 525 MHz, 10.36 W, 56, 32 %, 0x0000000000000001
2026/09/26 03:12:48.615, 525 MHz, 10.31 W, 56, 37 %, 0x0000000000000001
2026/09/26 03:12:49.629, 450 MHz, 10.22 W, 56, 38 %, 0x0000000000000001
2026/09/26 03:12:50.630, 525 MHz, 10.26 W, 56, 46 %, 0x0000000000000001
2026/09/26 03:12:51.638, 795 MHz, 10.51 W, 56, 29 %, 0x0000000000000001
2026/09/26 03:12:52.649, 795 MHz, 10.51 W, 56, 17 %, 0x0000000000000001
2026/09/26 03:12:53.651, 525 MHz, 10.29 W, 56, 32 %, 0x0000000000000001
2026/09/26 03:12:54.653, 540 MHz, 10.24 W, 56, 26 %, 0x0000000000000001
2026/09/26 03:12:55.654, 540 MHz, 9.90 W, 56, 0 %, 0x0000000000000001
2026/09/26 03:12:56.655, 270 MHz, 5.66 W, 56, 0 %, 0x0000000000000001
2026/09/26 03:12:57.661, 210 MHz, 3.79 W, 55, 0 %, 0x0000000000000001
2026/09/26 03:12:58.676, 210 MHz, 5.84 W, 55, 0 %, 0x0000000000000001
2026/09/26 03:12:59.679, 210 MHz, 5.67 W, 55, 0 %, 0x0000000000000001
2026/09/26 03:13:00.680, 210 MHz, 3.49 W, 55, 0 %, 0x0000000000000001
2026/09/26 03:13:01.684, 210 MHz, 3.77 W, 55, 0 %, 0x0000000000000001
2026/09/26 03:13:02.688, 210 MHz, 5.80 W, 55, 0 %, 0x0000000000000001
2026/09/26 03:13:03.689, 210 MHz, 5.86 W, 55, 0 %, 0x0000000000000001
2026/09/26 03:13:04.690, 210 MHz, 5.61 W, 55, 0 %, 0x0000000000000001
2026/09/26 03:13:05.700, 210 MHz, 5.79 W, 55, 0 %, 0x0000000000000001
2026/09/26 03:13:06.712, 210 MHz, 5.72 W, 55, 0 %, 0x0000000000000001
2026/09/26 03:13:07.726, 210 MHz, 3.76 W, 55, 0 %, 0x0000000000000001
2026/09/26 03:13:08.728, 210 MHz, 5.44 W, 54, 0 %, 0x0000000000000001
2026/09/26 03:13:09.731, 210 MHz, 5.69 W, 55, 0 %, 0x0000000000000001
2026/09/26 03:13:10.747, 210 MHz, 3.45 W, 54, 0 %, 0x0000000000000001
2026/09/26 03:13:11.754, 210 MHz, 5.24 W, 54, 0 %, 0x0000000000000001
2026/09/26 03:13:12.755, 210 MHz, 5.82 W, 54, 0 %, 0x0000000000000001
2026/09/26 03:13:13.757, 210 MHz, 5.90 W, 54, 0 %, 0x0000000000000001
2026/09/26 03:13:14.769, 210 MHz, 4.86 W, 54, 0 %, 0x0000000000000001
2026/09/26 03:13:15.771, 210 MHz, 5.77 W, 54, 0 %, 0x0000000000000001
2026/09/26 03:13:16.777, 210 MHz, 5.98 W, 54, 0 %, 0x0000000000000001
2026/09/26 03:13:17.788, 210 MHz, 6.25 W, 54, 0 %, 0x0000000000000001
2026/09/26 03:13:18.798, 210 MHz, 6.24 W, 54, 0 %, 0x0000000000000001
2026/09/26 03:13:19.799, 210 MHz, 5.71 W, 54, 0 %, 0x0000000000000001
2026/09/26 03:13:20.809, 210 MHz, 3.57 W, 54, 0 %, 0x0000000000000001
2026/09/26 03:13:21.818, 210 MHz, 7.32 W, 54, 0 %, 0x0000000000000001
2026/09/26 03:13:22.821, 210 MHz, 6.36 W, 54, 38 %, 0x0000000000000001
2026/09/26 03:13:23.823, 210 MHz, 5.86 W, 54, 6 %, 0x0000000000000001
2026/09/26 03:13:24.831, 615 MHz, 10.36 W, 55, 31 %, 0x0000000000000001
2026/09/26 03:13:25.841, 690 MHz, 10.39 W, 55, 24 %, 0x0000000000000001
2026/09/26 03:13:26.853, 690 MHz, 10.40 W, 55, 25 %, 0x0000000000000001
2026/09/26 03:13:27.860, 630 MHz, 10.39 W, 55, 32 %, 0x0000000000000001
2026/09/26 03:13:28.872, 510 MHz, 10.25 W, 55, 31 %, 0x0000000000000001
2026/09/26 03:13:29.886, 525 MHz, 10.30 W, 55, 38 %, 0x0000000000000001
2026/09/26 03:13:30.901, 585 MHz, 10.35 W, 55, 37 %, 0x0000000000000001
2026/09/26 03:13:31.904, 585 MHz, 10.38 W, 55, 37 %, 0x0000000000000001
2026/09/26 03:13:32.907, 525 MHz, 10.31 W, 55, 36 %, 0x0000000000000001
2026/09/26 03:13:33.913, 555 MHz, 10.26 W, 55, 35 %, 0x0000000000000001
2026/09/26 03:13:34.925, 555 MHz, 10.28 W, 55, 26 %, 0x0000000000000001
2026/09/26 03:13:35.925, 600 MHz, 10.29 W, 55, 36 %, 0x0000000000000001
2026/09/26 03:13:36.938, 645 MHz, 10.43 W, 55, 42 %, 0x0000000000000001
2026/09/26 03:13:37.939, 645 MHz, 10.40 W, 55, 22 %, 0x0000000000000001
2026/09/26 03:13:38.944, 570 MHz, 10.36 W, 55, 32 %, 0x0000000000000001
2026/09/26 03:13:39.957, 480 MHz, 10.26 W, 55, 26 %, 0x0000000000000001
2026/09/26 03:13:40.961, 480 MHz, 10.26 W, 55, 32 %, 0x0000000000000001
2026/09/26 03:13:41.967, 630 MHz, 10.38 W, 56, 39 %, 0x0000000000000001
2026/09/26 03:13:42.970, 690 MHz, 10.40 W, 56, 28 %, 0x0000000000000001
2026/09/26 03:13:43.977, 765 MHz, 10.51 W, 56, 42 %, 0x0000000000000001
2026/09/26 03:13:44.992, 765 MHz, 10.71 W, 56, 44 %, 0x0000000000000001
2026/09/26 03:13:45.993, 780 MHz, 10.53 W, 56, 35 %, 0x0000000000000001
2026/09/26 03:13:46.996, 825 MHz, 10.56 W, 56, 29 %, 0x0000000000000001
2026/09/26 03:13:47.998, 825 MHz, 10.42 W, 55, 15 %, 0x0000000000000001
2026/09/26 03:13:49.010, 540 MHz, 10.34 W, 56, 18 %, 0x0000000000000001
2026/09/26 03:13:50.019, 570 MHz, 10.46 W, 56, 40 %, 0x0000000000000001
2026/09/26 03:13:51.026, 645 MHz, 10.42 W, 56, 29 %, 0x0000000000000001
2026/09/26 03:13:52.039, 645 MHz, 10.41 W, 56, 22 %, 0x0000000000000001
2026/09/26 03:13:53.042, 450 MHz, 10.31 W, 56, 29 %, 0x0000000000000001
2026/09/26 03:13:54.045, 450 MHz, 10.28 W, 56, 40 %, 0x0000000000000001
2026/09/26 03:13:55.055, 555 MHz, 10.32 W, 56, 38 %, 0x0000000000000001
2026/09/26 03:13:56.065, 555 MHz, 10.31 W, 56, 31 %, 0x0000000000000001
2026/09/26 03:13:57.076, 690 MHz, 10.39 W, 56, 35 %, 0x0000000000000001
2026/09/26 03:13:58.083, 690 MHz, 10.42 W, 56, 31 %, 0x0000000000000001
2026/09/26 03:13:59.096, 660 MHz, 10.43 W, 56, 34 %, 0x0000000000000001
2026/09/26 03:14:00.108, 540 MHz, 10.38 W, 56, 33 %, 0x0000000000000001
2026/09/26 03:14:01.115, 585 MHz, 10.32 W, 56, 30 %, 0x0000000000000001
2026/09/26 03:14:02.128, 585 MHz, 10.35 W, 56, 24 %, 0x0000000000000001
2026/09/26 03:14:03.131, 420 MHz, 8.75 W, 56, 39 %, 0x0000000000000001
2026/09/26 03:14:04.137, 540 MHz, 10.34 W, 56, 33 %, 0x0000000000000001
2026/09/26 03:14:05.146, 540 MHz, 10.37 W, 56, 38 %, 0x0000000000000001
2026/09/26 03:14:06.157, 525 MHz, 10.40 W, 56, 37 %, 0x0000000000000001
2026/09/26 03:14:07.165, 525 MHz, 10.26 W, 56, 33 %, 0x0000000000000001
2026/09/26 03:14:08.171, 555 MHz, 10.36 W, 56, 51 %, 0x0000000000000001
2026/09/26 03:14:09.179, 555 MHz, 10.36 W, 56, 47 %, 0x0000000000000001
2026/09/26 03:14:10.187, 615 MHz, 10.41 W, 56, 33 %, 0x0000000000000001
2026/09/26 03:14:11.197, 540 MHz, 10.32 W, 56, 22 %, 0x0000000000000001
2026/09/26 03:14:12.211, 465 MHz, 10.34 W, 56, 37 %, 0x0000000000000001
2026/09/26 03:14:13.220, 480 MHz, 10.30 W, 56, 24 %, 0x0000000000000001
2026/09/26 03:14:14.232, 480 MHz, 10.32 W, 56, 35 %, 0x0000000000000001
2026/09/26 03:14:15.240, 465 MHz, 10.27 W, 56, 36 %, 0x0000000000000001
2026/09/26 03:14:16.250, 465 MHz, 10.21 W, 56, 24 %, 0x0000000000000001
2026/09/26 03:14:17.254, 480 MHz, 10.32 W, 56, 48 %, 0x0000000000000001
2026/09/26 03:14:18.269, 555 MHz, 10.32 W, 56, 40 %, 0x0000000000000001
2026/09/26 03:14:19.274, 675 MHz, 10.46 W, 56, 40 %, 0x0000000000000001
2026/09/26 03:14:20.282, 720 MHz, 10.46 W, 56, 32 %, 0x0000000000000001
2026/09/26 03:14:21.284, 675 MHz, 10.51 W, 56, 33 %, 0x0000000000000001
2026/09/26 03:14:22.290, 570 MHz, 10.53 W, 56, 31 %, 0x0000000000000001
2026/09/26 03:14:23.297, 495 MHz, 10.31 W, 56, 29 %, 0x0000000000000001
2026/09/26 03:14:24.309, 435 MHz, 10.24 W, 56, 23 %, 0x0000000000000001
2026/09/26 03:14:25.321, 480 MHz, 9.27 W, 56, 28 %, 0x0000000000000001
2026/09/26 03:14:26.336, 480 MHz, 10.22 W, 56, 18 %, 0x0000000000000001
2026/09/26 03:14:27.339, 405 MHz, 7.88 W, 56, 42 %, 0x0000000000000001
2026/09/26 03:14:28.349, 465 MHz, 10.35 W, 56, 38 %, 0x0000000000000001
2026/09/26 03:14:29.353, 465 MHz, 10.27 W, 56, 35 %, 0x0000000000000001
2026/09/26 03:14:30.366, 570 MHz, 10.40 W, 56, 39 %, 0x0000000000000001
2026/09/26 03:14:31.373, 645 MHz, 10.39 W, 56, 35 %, 0x0000000000000001
2026/09/26 03:14:32.374, 645 MHz, 10.40 W, 56, 27 %, 0x0000000000000001
2026/09/26 03:14:33.385, 495 MHz, 10.40 W, 56, 36 %, 0x0000000000000001
2026/09/26 03:14:34.386, 570 MHz, 10.34 W, 56, 34 %, 0x0000000000000001
2026/09/26 03:14:35.388, 570 MHz, 10.41 W, 56, 27 %, 0x0000000000000001
2026/09/26 03:14:36.400, 510 MHz, 10.37 W, 56, 33 %, 0x0000000000000001
2026/09/26 03:14:37.401, 540 MHz, 10.27 W, 56, 34 %, 0x0000000000000001
2026/09/26 03:14:38.413, 540 MHz, 10.52 W, 56, 39 %, 0x0000000000000001
2026/09/26 03:14:39.424, 525 MHz, 10.27 W, 56, 27 %, 0x0000000000000001
2026/09/26 03:14:40.437, 615 MHz, 10.41 W, 56, 31 %, 0x0000000000000001
2026/09/26 03:14:41.439, 615 MHz, 10.47 W, 56, 37 %, 0x0000000000000001
2026/09/26 03:14:42.450, 630 MHz, 10.40 W, 56, 35 %, 0x0000000000000001
2026/09/26 03:14:43.453, 645 MHz, 10.42 W, 56, 26 %, 0x0000000000000001
2026/09/26 03:14:44.467, 645 MHz, 10.42 W, 56, 24 %, 0x0000000000000001
2026/09/26 03:14:45.482, 525 MHz, 10.41 W, 56, 29 %, 0x0000000000000001
2026/09/26 03:14:46.483, 480 MHz, 10.35 W, 56, 34 %, 0x0000000000000001
2026/09/26 03:14:47.489, 510 MHz, 10.32 W, 56, 55 %, 0x0000000000000001
2026/09/26 03:14:48.499, 555 MHz, 10.45 W, 56, 33 %, 0x0000000000000001
2026/09/26 03:14:49.502, 465 MHz, 10.27 W, 56, 34 %, 0x0000000000000001
2026/09/26 03:14:50.507, 570 MHz, 10.35 W, 56, 31 %, 0x0000000000000001
2026/09/26 03:14:51.509, 570 MHz, 10.39 W, 56, 29 %, 0x0000000000000001
2026/09/26 03:14:52.516, 480 MHz, 10.30 W, 56, 39 %, 0x0000000000000001
2026/09/26 03:14:53.527, 465 MHz, 10.34 W, 56, 38 %, 0x0000000000000001
2026/09/26 03:14:54.535, 540 MHz, 10.33 W, 56, 37 %, 0x0000000000000001
2026/09/26 03:14:55.550, 540 MHz, 10.49 W, 56, 36 %, 0x0000000000000001
2026/09/26 03:14:56.559, 600 MHz, 10.37 W, 56, 32 %, 0x0000000000000001
2026/09/26 03:14:57.568, 600 MHz, 10.41 W, 56, 26 %, 0x0000000000000001
2026/09/26 03:14:58.568, 570 MHz, 10.38 W, 56, 27 %, 0x0000000000000001
2026/09/26 03:14:59.570, 555 MHz, 10.40 W, 56, 28 %, 0x0000000000000001
2026/09/26 03:15:00.571, 555 MHz, 10.33 W, 56, 34 %, 0x0000000000000001
2026/09/26 03:15:01.585, 555 MHz, 10.46 W, 56, 45 %, 0x0000000000000001
2026/09/26 03:15:02.590, 585 MHz, 10.34 W, 56, 30 %, 0x0000000000000001
2026/09/26 03:15:03.595, 600 MHz, 10.38 W, 56, 38 %, 0x0000000000000001
2026/09/26 03:15:04.600, 600 MHz, 10.34 W, 56, 44 %, 0x0000000000000001
2026/09/26 03:15:05.607, 630 MHz, 10.61 W, 56, 36 %, 0x0000000000000001
2026/09/26 03:15:06.620, 630 MHz, 10.37 W, 56, 22 %, 0x0000000000000001
2026/09/26 03:15:07.621, 690 MHz, 10.48 W, 56, 37 %, 0x0000000000000001
2026/09/26 03:15:08.625, 690 MHz, 10.52 W, 56, 24 %, 0x0000000000000001
2026/09/26 03:15:09.631, 495 MHz, 9.88 W, 56, 0 %, 0x0000000000000001
2026/09/26 03:15:10.643, 345 MHz, 6.38 W, 56, 0 %, 0x0000000000000001
2026/09/26 03:15:11.653, 225 MHz, 3.83 W, 55, 0 %, 0x0000000000000001
2026/09/26 03:15:12.664, 210 MHz, 4.01 W, 55, 0 %, 0x0000000000000001
2026/09/26 03:15:13.685, 210 MHz, 5.76 W, 55, 0 %, 0x0000000000000001
2026/09/26 03:15:14.687, 210 MHz, 3.84 W, 55, 0 %, 0x0000000000000001
2026/09/26 03:15:15.695, 210 MHz, 3.55 W, 55, 0 %, 0x0000000000000001
2026/09/26 03:15:16.703, 210 MHz, 3.70 W, 55, 0 %, 0x0000000000000001
2026/09/26 03:15:17.714, 210 MHz, 5.85 W, 55, 0 %, 0x0000000000000001
2026/09/26 03:15:18.715, 210 MHz, 6.31 W, 55, 0 %, 0x0000000000000001
2026/09/26 03:15:19.719, 210 MHz, 7.68 W, 55, 5 %, 0x0000000000000001
2026/09/26 03:15:20.730, 210 MHz, 5.76 W, 55, 0 %, 0x0000000000000001
2026/09/26 03:15:21.738, 210 MHz, 5.61 W, 55, 0 %, 0x0000000000000001
2026/09/26 03:15:22.743, 210 MHz, 6.26 W, 55, 0 %, 0x0000000000000001
2026/09/26 03:15:23.753, 210 MHz, 4.88 W, 55, 0 %, 0x0000000000000001
2026/09/26 03:15:24.761, 210 MHz, 5.86 W, 55, 0 %, 0x0000000000000001
2026/09/26 03:15:25.774, 210 MHz, 5.77 W, 55, 0 %, 0x0000000000000001
2026/09/26 03:15:26.777, 210 MHz, 5.78 W, 55, 0 %, 0x0000000000000001
2026/09/26 03:15:27.792, 210 MHz, 3.70 W, 55, 0 %, 0x0000000000000001
2026/09/26 03:15:28.799, 210 MHz, 4.22 W, 55, 0 %, 0x0000000000000001
2026/09/26 03:15:29.800, 210 MHz, 5.96 W, 55, 0 %, 0x0000000000000001
2026/09/26 03:15:30.805, 210 MHz, 3.86 W, 54, 0 %, 0x0000000000000001
2026/09/26 03:15:31.820, 210 MHz, 3.63 W, 54, 0 %, 0x0000000000000001
2026/09/26 03:15:32.827, 210 MHz, 3.76 W, 54, 0 %, 0x0000000000000001
2026/09/26 03:15:33.829, 210 MHz, 3.59 W, 54, 0 %, 0x0000000000000001
2026/09/26 03:15:34.836, 210 MHz, 5.77 W, 54, 0 %, 0x0000000000000001
2026/09/26 03:15:35.855, 210 MHz, 5.79 W, 54, 0 %, 0x0000000000000001
2026/09/26 03:15:36.871, 210 MHz, 5.89 W, 54, 0 %, 0x0000000000000001
2026/09/26 03:15:37.875, 210 MHz, 5.79 W, 54, 0 %, 0x0000000000000001
2026/09/26 03:15:38.885, 600 MHz, 8.08 W, 54, 38 %, 0x0000000000000001
2026/09/26 03:15:39.896, 600 MHz, 10.48 W, 55, 35 %, 0x0000000000000001
2026/09/26 03:15:40.900, 450 MHz, 9.75 W, 54, 0 %, 0x0000000000000001
2026/09/26 03:15:41.912, 405 MHz, 6.11 W, 54, 0 %, 0x0000000000000001
2026/09/26 03:15:42.924, 255 MHz, 3.62 W, 54, 0 %, 0x0000000000000001
2026/09/26 03:15:43.926, 210 MHz, 3.90 W, 54, 0 %, 0x0000000000000001
2026/09/26 03:15:44.931, 210 MHz, 6.30 W, 54, 0 %, 0x0000000000000001
2026/09/26 03:15:45.933, 210 MHz, 5.36 W, 54, 0 %, 0x0000000000000001
2026/09/26 03:15:46.938, 210 MHz, 3.64 W, 54, 0 %, 0x0000000000000001
2026/09/26 03:15:47.944, 210 MHz, 3.57 W, 53, 0 %, 0x0000000000000001
2026/09/26 03:15:48.945, 210 MHz, 3.48 W, 53, 0 %, 0x0000000000000001
2026/09/26 03:15:49.960, 210 MHz, 3.46 W, 53, 0 %, 0x0000000000000001
2026/09/26 03:15:50.973, 210 MHz, 5.68 W, 53, 0 %, 0x0000000000000001
2026/09/26 03:15:51.988, 210 MHz, 5.20 W, 53, 0 %, 0x0000000000000001
2026/09/26 03:15:53.001, 210 MHz, 5.37 W, 53, 0 %, 0x0000000000000001
2026/09/26 03:15:54.009, 210 MHz, 5.52 W, 54, 0 %, 0x0000000000000001
2026/09/26 03:15:55.013, 210 MHz, 5.71 W, 54, 0 %, 0x0000000000000001
2026/09/26 03:15:56.020, 210 MHz, 5.57 W, 54, 0 %, 0x0000000000000001
2026/09/26 03:15:57.022, 210 MHz, 5.58 W, 53, 1 %, 0x0000000000000001
2026/09/26 03:15:58.032, 210 MHz, 5.63 W, 53, 0 %, 0x0000000000000001
2026/09/26 03:15:59.044, 225 MHz, 6.05 W, 53, 0 %, 0x0000000000000001
2026/09/26 03:16:00.044, 225 MHz, 5.76 W, 53, 0 %, 0x0000000000000001
2026/09/26 03:16:01.050, 210 MHz, 3.70 W, 53, 0 %, 0x0000000000000001
2026/09/26 03:16:02.062, 210 MHz, 3.47 W, 53, 0 %, 0x0000000000000001
2026/09/26 03:16:03.063, 210 MHz, 3.53 W, 53, 0 %, 0x0000000000000001
2026/09/26 03:16:04.070, 210 MHz, 5.41 W, 53, 0 %, 0x0000000000000001
2026/09/26 03:16:05.082, 210 MHz, 5.87 W, 53, 0 %, 0x0000000000000001
2026/09/26 03:16:06.093, 210 MHz, 3.57 W, 53, 0 %, 0x0000000000000001
2026/09/26 03:16:07.107, 210 MHz, 3.76 W, 53, 0 %, 0x0000000000000001
2026/09/26 03:16:08.115, 210 MHz, 3.65 W, 53, 0 %, 0x0000000000000001
2026/09/26 03:16:09.129, 210 MHz, 5.78 W, 53, 0 %, 0x0000000000000001
2026/09/26 03:16:10.138, 210 MHz, 5.69 W, 53, 2 %, 0x0000000000000001
2026/09/26 03:16:11.140, 210 MHz, 5.33 W, 53, 0 %, 0x0000000000000001
2026/09/26 03:16:12.147, 210 MHz, 5.98 W, 53, 0 %, 0x0000000000000001
2026/09/26 03:16:13.149, 210 MHz, 7.25 W, 53, 0 %, 0x0000000000000001
2026/09/26 03:16:14.156, 210 MHz, 5.69 W, 53, 0 %, 0x0000000000000001
2026/09/26 03:16:15.167, 465 MHz, 9.99 W, 53, 19 %, 0x0000000000000001
2026/09/26 03:16:16.177, 465 MHz, 10.16 W, 54, 32 %, 0x0000000000000001
2026/09/26 03:16:17.191, 435 MHz, 10.14 W, 54, 26 %, 0x0000000000000001
2026/09/26 03:16:18.197, 300 MHz, 7.72 W, 54, 0 %, 0x0000000000000001
2026/09/26 03:16:19.211, 270 MHz, 7.41 W, 54, 0 %, 0x0000000000000001
2026/09/26 03:16:20.226, 210 MHz, 3.59 W, 53, 0 %, 0x0000000000000001
2026/09/26 03:16:21.232, 210 MHz, 3.67 W, 54, 0 %, 0x0000000000000001
2026/09/26 03:16:22.236, 210 MHz, 5.64 W, 54, 0 %, 0x0000000000000001
2026/09/26 03:16:23.242, 210 MHz, 5.55 W, 53, 0 %, 0x0000000000000001
2026/09/26 03:16:24.254, 210 MHz, 4.14 W, 53, 0 %, 0x0000000000000001
2026/09/26 03:16:25.259, 210 MHz, 4.00 W, 53, 0 %, 0x0000000000000001
2026/09/26 03:16:26.264, 210 MHz, 5.57 W, 53, 0 %, 0x0000000000000001
2026/09/26 03:16:27.275, 210 MHz, 5.79 W, 54, 0 %, 0x0000000000000001
2026/09/26 03:16:28.290, 210 MHz, 5.42 W, 54, 0 %, 0x0000000000000001
2026/09/26 03:16:29.292, 210 MHz, 5.45 W, 54, 0 %, 0x0000000000000001
2026/09/26 03:16:30.299, 210 MHz, 5.59 W, 54, 0 %, 0x0000000000000001
2026/09/26 03:16:31.315, 210 MHz, 5.61 W, 54, 0 %, 0x0000000000000001
2026/09/26 03:16:32.319, 210 MHz, 5.79 W, 53, 1 %, 0x0000000000000001
2026/09/26 03:16:33.328, 210 MHz, 5.68 W, 53, 0 %, 0x0000000000000001
2026/09/26 03:16:34.338, 225 MHz, 5.69 W, 53, 0 %, 0x0000000000000001
2026/09/26 03:16:35.350, 210 MHz, 3.90 W, 53, 0 %, 0x0000000000000001
2026/09/26 03:16:36.362, 210 MHz, 5.62 W, 53, 0 %, 0x0000000000000001
2026/09/26 03:16:37.366, 210 MHz, 5.78 W, 53, 0 %, 0x0000000000000001
2026/09/26 03:16:38.376, 210 MHz, 3.76 W, 53, 0 %, 0x0000000000000001
2026/09/26 03:16:39.385, 210 MHz, 3.47 W, 53, 0 %, 0x0000000000000001
2026/09/26 03:16:40.396, 210 MHz, 3.53 W, 53, 0 %, 0x0000000000000001
2026/09/26 03:16:41.411, 210 MHz, 3.47 W, 54, 0 %, 0x0000000000000001
2026/09/26 03:16:42.412, 210 MHz, 5.74 W, 54, 0 %, 0x0000000000000001
2026/09/26 03:16:43.416, 210 MHz, 5.76 W, 54, 0 %, 0x0000000000000001
2026/09/26 03:16:44.430, 210 MHz, 5.93 W, 54, 4 %, 0x0000000000000001
2026/09/26 03:16:45.438, 210 MHz, 5.54 W, 54, 0 %, 0x0000000000000001
2026/09/26 03:16:46.439, 210 MHz, 5.04 W, 54, 0 %, 0x0000000000000001
2026/09/26 03:16:47.451, 495 MHz, 9.63 W, 54, 41 %, 0x0000000000000001
2026/09/26 03:16:48.461, 615 MHz, 10.27 W, 54, 25 %, 0x0000000000000001
2026/09/26 03:16:49.478, 615 MHz, 10.28 W, 54, 30 %, 0x0000000000000001
2026/09/26 03:16:50.487, 630 MHz, 10.31 W, 54, 33 %, 0x0000000000000001
2026/09/26 03:16:51.496, 630 MHz, 10.24 W, 54, 32 %, 0x0000000000000001
2026/09/26 03:16:52.505, 645 MHz, 10.23 W, 54, 29 %, 0x0000000000000001
2026/09/26 03:16:53.520, 645 MHz, 10.26 W, 54, 37 %, 0x0000000000000001
2026/09/26 03:16:54.527, 600 MHz, 10.24 W, 54, 36 %, 0x0000000000000001
2026/09/26 03:16:55.529, 675 MHz, 10.25 W, 54, 40 %, 0x0000000000000001
2026/09/26 03:16:56.539, 705 MHz, 10.29 W, 54, 28 %, 0x0000000000000001
2026/09/26 03:16:57.545, 600 MHz, 10.30 W, 54, 25 %, 0x0000000000000001
2026/09/26 03:16:58.558, 600 MHz, 10.17 W, 54, 23 %, 0x0000000000000001
2026/09/26 03:16:59.565, 630 MHz, 10.27 W, 54, 42 %, 0x0000000000000001
2026/09/26 03:17:00.568, 630 MHz, 10.31 W, 54, 27 %, 0x0000000000000001
2026/09/26 03:17:01.576, 510 MHz, 10.16 W, 54, 29 %, 0x0000000000000001
2026/09/26 03:17:02.588, 600 MHz, 10.30 W, 54, 32 %, 0x0000000000000001
2026/09/26 03:17:03.609, 600 MHz, 10.24 W, 54, 34 %, 0x0000000000000001
2026/09/26 03:17:04.613, 675 MHz, 10.34 W, 54, 30 %, 0x0000000000000001
2026/09/26 03:17:05.618, 675 MHz, 10.40 W, 55, 43 %, 0x0000000000000001
2026/09/26 03:17:06.629, 690 MHz, 10.38 W, 54, 34 %, 0x0000000000000001
2026/09/26 03:17:07.635, 660 MHz, 10.34 W, 55, 31 %, 0x0000000000000001
2026/09/26 03:17:08.651, 600 MHz, 10.25 W, 54, 22 %, 0x0000000000000001
2026/09/26 03:17:09.666, 540 MHz, 10.19 W, 55, 38 %, 0x0000000000000001
2026/09/26 03:17:10.669, 585 MHz, 10.24 W, 55, 28 %, 0x0000000000000001
2026/09/26 03:17:11.675, 585 MHz, 10.33 W, 55, 31 %, 0x0000000000000001
2026/09/26 03:17:12.683, 555 MHz, 10.24 W, 55, 28 %, 0x0000000000000001
2026/09/26 03:17:13.689, 495 MHz, 10.15 W, 55, 33 %, 0x0000000000000001
2026/09/26 03:17:14.696, 510 MHz, 10.14 W, 55, 31 %, 0x0000000000000001
2026/09/26 03:17:15.705, 510 MHz, 10.20 W, 55, 39 %, 0x0000000000000001
2026/09/26 03:17:16.714, 465 MHz, 10.13 W, 54, 24 %, 0x0000000000000001
2026/09/26 03:17:17.723, 555 MHz, 10.23 W, 54, 43 %, 0x0000000000000001
2026/09/26 03:17:18.728, 585 MHz, 10.21 W, 54, 34 %, 0x0000000000000001
2026/09/26 03:17:19.736, 585 MHz, 10.23 W, 54, 21 %, 0x0000000000000001
2026/09/26 03:17:20.747, 480 MHz, 10.24 W, 54, 40 %, 0x0000000000000001
2026/09/26 03:17:21.761, 465 MHz, 10.17 W, 54, 39 %, 0x0000000000000001
2026/09/26 03:17:22.773, 420 MHz, 10.13 W, 54, 30 %, 0x0000000000000001
2026/09/26 03:17:23.774, 495 MHz, 8.28 W, 55, 38 %, 0x0000000000000001
2026/09/26 03:17:24.783, 510 MHz, 10.24 W, 55, 29 %, 0x0000000000000001
2026/09/26 03:17:25.791, 525 MHz, 10.20 W, 55, 31 %, 0x0000000000000001
2026/09/26 03:17:26.797, 600 MHz, 10.32 W, 55, 43 %, 0x0000000000000001
2026/09/26 03:17:27.802, 645 MHz, 10.30 W, 55, 36 %, 0x0000000000000001
2026/09/26 03:17:28.809, 645 MHz, 10.23 W, 55, 26 %, 0x0000000000000001
2026/09/26 03:17:29.812, 765 MHz, 10.40 W, 55, 22 %, 0x0000000000000001
2026/09/26 03:17:30.816, 765 MHz, 10.45 W, 55, 27 %, 0x0000000000000001
2026/09/26 03:17:31.830, 585 MHz, 10.34 W, 55, 38 %, 0x0000000000000001
2026/09/26 03:17:32.835, 585 MHz, 10.30 W, 55, 40 %, 0x0000000000000001
2026/09/26 03:17:33.842, 585 MHz, 10.44 W, 55, 27 %, 0x0000000000000001
2026/09/26 03:17:34.848, 645 MHz, 10.30 W, 55, 28 %, 0x0000000000000001
2026/09/26 03:17:35.853, 675 MHz, 10.33 W, 55, 28 %, 0x0000000000000001
2026/09/26 03:17:36.869, 675 MHz, 10.40 W, 55, 27 %, 0x0000000000000001
2026/09/26 03:17:37.871, 600 MHz, 10.35 W, 55, 39 %, 0x0000000000000001
2026/09/26 03:17:38.879, 585 MHz, 10.22 W, 55, 41 %, 0x0000000000000001
2026/09/26 03:17:39.885, 585 MHz, 9.82 W, 55, 0 %, 0x0000000000000001
2026/09/26 03:17:40.895, 315 MHz, 9.39 W, 54, 0 %, 0x0000000000000001
2026/09/26 03:17:41.901, 210 MHz, 4.26 W, 54, 0 %, 0x0000000000000001
2026/09/26 03:17:42.910, 210 MHz, 3.49 W, 54, 0 %, 0x0000000000000001
2026/09/26 03:17:43.924, 210 MHz, 5.49 W, 54, 0 %, 0x0000000000000001
2026/09/26 03:17:44.938, 210 MHz, 5.71 W, 54, 0 %, 0x0000000000000001
2026/09/26 03:17:45.949, 210 MHz, 7.38 W, 54, 0 %, 0x0000000000000001
2026/09/26 03:17:46.956, 210 MHz, 4.15 W, 54, 0 %, 0x0000000000000001
2026/09/26 03:17:47.956, 210 MHz, 3.50 W, 54, 0 %, 0x0000000000000001
2026/09/26 03:17:48.971, 210 MHz, 3.74 W, 54, 0 %, 0x0000000000000001
2026/09/26 03:17:49.978, 210 MHz, 5.80 W, 54, 0 %, 0x0000000000000001
2026/09/26 03:17:50.986, 210 MHz, 5.84 W, 54, 0 %, 0x0000000000000001
2026/09/26 03:17:51.997, 210 MHz, 5.74 W, 54, 0 %, 0x0000000000000001
2026/09/26 03:17:53.001, 210 MHz, 5.59 W, 53, 0 %, 0x0000000000000001
2026/09/26 03:17:54.007, 210 MHz, 5.84 W, 53, 0 %, 0x0000000000000001
2026/09/26 03:17:55.011, 210 MHz, 5.88 W, 53, 0 %, 0x0000000000000001
2026/09/26 03:17:56.018, 210 MHz, 6.18 W, 54, 0 %, 0x0000000000000001
2026/09/26 03:17:57.028, 210 MHz, 6.09 W, 54, 0 %, 0x0000000000000001
2026/09/26 03:17:58.039, 210 MHz, 3.78 W, 54, 0 %, 0x0000000000000001
2026/09/26 03:17:59.043, 210 MHz, 3.98 W, 54, 0 %, 0x0000000000000001
2026/09/26 03:18:00.050, 210 MHz, 3.51 W, 54, 0 %, 0x0000000000000001
2026/09/26 03:18:01.065, 210 MHz, 3.68 W, 54, 0 %, 0x0000000000000001
2026/09/26 03:18:02.081, 210 MHz, 5.52 W, 54, 0 %, 0x0000000000000001
2026/09/26 03:18:03.086, 210 MHz, 5.75 W, 54, 0 %, 0x0000000000000001
2026/09/26 03:18:04.094, 210 MHz, 3.71 W, 53, 0 %, 0x0000000000000001
2026/09/26 03:18:05.105, 210 MHz, 3.49 W, 53, 0 %, 0x0000000000000001
2026/09/26 03:18:06.110, 210 MHz, 4.16 W, 53, 0 %, 0x0000000000000001
2026/09/26 03:18:07.123, 210 MHz, 3.95 W, 53, 0 %, 0x0000000000000001
2026/09/26 03:18:08.129, 210 MHz, 5.42 W, 53, 1 %, 0x0000000000000001
2026/09/26 03:18:09.131, 210 MHz, 5.75 W, 53, 0 %, 0x0000000000000001
2026/09/26 03:18:10.133, 210 MHz, 5.80 W, 53, 0 %, 0x0000000000000001
2026/09/26 03:18:11.135, 210 MHz, 5.71 W, 53, 0 %, 0x0000000000000001
2026/09/26 03:18:12.138, 210 MHz, 5.75 W, 53, 0 %, 0x0000000000000001
2026/09/26 03:18:13.146, 210 MHz, 5.88 W, 53, 0 %, 0x0000000000000001
2026/09/26 03:18:14.153, 210 MHz, 5.89 W, 53, 0 %, 0x0000000000000001
2026/09/26 03:18:15.167, 210 MHz, 3.78 W, 53, 0 %, 0x0000000000000001
2026/09/26 03:18:16.182, 210 MHz, 5.73 W, 53, 0 %, 0x0000000000000001
2026/09/26 03:18:17.189, 210 MHz, 5.68 W, 53, 0 %, 0x0000000000000001
2026/09/26 03:18:18.204, 210 MHz, 3.42 W, 53, 0 %, 0x0000000000000001
2026/09/26 03:18:19.214, 210 MHz, 3.85 W, 53, 0 %, 0x0000000000000001
2026/09/26 03:18:20.220, 210 MHz, 3.91 W, 53, 0 %, 0x0000000000000001
2026/09/26 03:18:21.231, 210 MHz, 6.86 W, 53, 8 %, 0x0000000000000001
2026/09/26 03:18:22.241, 210 MHz, 5.85 W, 53, 1 %, 0x0000000000000001
2026/09/26 03:18:23.246, 210 MHz, 5.48 W, 53, 4 %, 0x0000000000000001
2026/09/26 03:18:24.260, 210 MHz, 5.78 W, 53, 0 %, 0x0000000000000001
2026/09/26 03:18:25.276, 210 MHz, 6.91 W, 53, 70 %, 0x0000000000000001
2026/09/26 03:18:26.286, 495 MHz, 10.09 W, 53, 29 %, 0x0000000000000001
2026/09/26 03:18:27.288, 495 MHz, 10.11 W, 54, 29 %, 0x0000000000000001
2026/09/26 03:18:28.295, 450 MHz, 10.09 W, 54, 54 %, 0x0000000000000001
2026/09/26 03:18:29.300, 525 MHz, 10.31 W, 54, 37 %, 0x0000000000000001
2026/09/26 03:18:30.312, 435 MHz, 10.11 W, 54, 30 %, 0x0000000000000001
2026/09/26 03:18:31.319, 435 MHz, 10.09 W, 54, 40 %, 0x0000000000000001
2026/09/26 03:18:32.329, 480 MHz, 10.13 W, 54, 32 %, 0x0000000000000001
2026/09/26 03:18:33.344, 615 MHz, 10.25 W, 54, 26 %, 0x0000000000000001
2026/09/26 03:18:34.345, 660 MHz, 10.30 W, 54, 38 %, 0x0000000000000001
2026/09/26 03:18:35.351, 735 MHz, 10.30 W, 54, 35 %, 0x0000000000000001
2026/09/26 03:18:36.352, 735 MHz, 10.34 W, 54, 34 %, 0x0000000000000001
2026/09/26 03:18:37.359, 780 MHz, 10.37 W, 54, 23 %, 0x0000000000000001
2026/09/26 03:18:38.366, 780 MHz, 10.50 W, 54, 31 %, 0x0000000000000001
2026/09/26 03:18:39.371, 630 MHz, 10.38 W, 54, 42 %, 0x0000000000000001
2026/09/26 03:18:40.381, 540 MHz, 10.21 W, 54, 30 %, 0x0000000000000001
2026/09/26 03:18:41.387, 510 MHz, 10.09 W, 54, 24 %, 0x0000000000000001
2026/09/26 03:18:42.395, 600 MHz, 10.24 W, 54, 49 %, 0x0000000000000001
2026/09/26 03:18:43.404, 660 MHz, 10.28 W, 54, 35 %, 0x0000000000000001
2026/09/26 03:18:44.413, 705 MHz, 10.38 W, 54, 33 %, 0x0000000000000001
2026/09/26 03:18:45.417, 795 MHz, 10.39 W, 54, 29 %, 0x0000000000000001
2026/09/26 03:18:46.427, 795 MHz, 10.38 W, 54, 30 %, 0x0000000000000001
2026/09/26 03:18:47.436, 630 MHz, 10.29 W, 54, 34 %, 0x0000000000000001
2026/09/26 03:18:48.445, 675 MHz, 10.24 W, 54, 26 %, 0x0000000000000001
2026/09/26 03:18:49.450, 675 MHz, 10.29 W, 54, 30 %, 0x0000000000000001
2026/09/26 03:18:50.462, 510 MHz, 10.17 W, 54, 32 %, 0x0000000000000001
2026/09/26 03:18:51.467, 450 MHz, 10.16 W, 54, 40 %, 0x0000000000000001
2026/09/26 03:18:52.468, 540 MHz, 10.34 W, 54, 37 %, 0x0000000000000001
2026/09/26 03:18:53.481, 540 MHz, 10.19 W, 54, 26 %, 0x0000000000000001
2026/09/26 03:18:54.482, 585 MHz, 10.30 W, 55, 31 %, 0x0000000000000001
2026/09/26 03:18:55.488, 585 MHz, 10.28 W, 55, 37 %, 0x0000000000000001
2026/09/26 03:18:56.502, 540 MHz, 10.46 W, 55, 40 %, 0x0000000000000001
2026/09/26 03:18:57.512, 480 MHz, 10.17 W, 55, 28 %, 0x0000000000000001
2026/09/26 03:18:58.526, 450 MHz, 10.13 W, 55, 42 %, 0x0000000000000001
2026/09/26 03:18:59.536, 480 MHz, 10.23 W, 55, 31 %, 0x0000000000000001
2026/09/26 03:19:00.544, 615 MHz, 10.38 W, 55, 19 %, 0x0000000000000001
2026/09/26 03:19:01.553, 735 MHz, 10.43 W, 55, 27 %, 0x0000000000000001
2026/09/26 03:19:02.565, 735 MHz, 10.44 W, 55, 22 %, 0x0000000000000001
2026/09/26 03:19:03.578, 465 MHz, 10.29 W, 55, 30 %, 0x0000000000000001
2026/09/26 03:19:04.593, 480 MHz, 10.18 W, 55, 33 %, 0x0000000000000001
2026/09/26 03:19:05.606, 525 MHz, 10.33 W, 55, 38 %, 0x0000000000000001
2026/09/26 03:19:06.618, 555 MHz, 10.23 W, 55, 34 %, 0x0000000000000001
2026/09/26 03:19:07.631, 615 MHz, 10.28 W, 55, 45 %, 0x0000000000000001
2026/09/26 03:19:08.633, 615 MHz, 10.26 W, 55, 27 %, 0x0000000000000001
2026/09/26 03:19:09.644, 570 MHz, 10.26 W, 55, 31 %, 0x0000000000000001
2026/09/26 03:19:10.652, 525 MHz, 10.23 W, 55, 25 %, 0x0000000000000001
2026/09/26 03:19:11.662, 465 MHz, 10.20 W, 55, 27 %, 0x0000000000000001
2026/09/26 03:19:12.671, 555 MHz, 10.29 W, 55, 58 %, 0x0000000000000001
2026/09/26 03:19:13.674, 555 MHz, 10.10 W, 55, 12 %, 0x0000000000000001
2026/09/26 03:19:14.689, 465 MHz, 10.26 W, 55, 29 %, 0x0000000000000001
2026/09/26 03:19:15.703, 435 MHz, 10.25 W, 55, 34 %, 0x0000000000000001
2026/09/26 03:19:16.718, 570 MHz, 10.26 W, 55, 41 %, 0x0000000000000001
2026/09/26 03:19:17.721, 585 MHz, 10.27 W, 55, 28 %, 0x0000000000000001
2026/09/26 03:19:18.721, 615 MHz, 10.26 W, 55, 26 %, 0x0000000000000001
2026/09/26 03:19:19.727, 615 MHz, 10.25 W, 55, 29 %, 0x0000000000000001
2026/09/26 03:19:20.740, 585 MHz, 10.29 W, 55, 36 %, 0x0000000000000001
2026/09/26 03:19:21.744, 525 MHz, 10.26 W, 55, 37 %, 0x0000000000000001
2026/09/26 03:19:22.749, 450 MHz, 10.13 W, 55, 21 %, 0x0000000000000001
2026/09/26 03:19:23.759, 420 MHz, 10.18 W, 55, 37 %, 0x0000000000000001
2026/09/26 03:19:24.772, 390 MHz, 7.83 W, 55, 26 %, 0x0000000000000001
2026/09/26 03:19:25.782, 360 MHz, 7.82 W, 55, 39 %, 0x0000000000000001
2026/09/26 03:19:26.795, 510 MHz, 10.29 W, 55, 41 %, 0x0000000000000001
2026/09/26 03:19:27.798, 510 MHz, 10.31 W, 55, 33 %, 0x0000000000000001
2026/09/26 03:19:28.807, 480 MHz, 10.27 W, 55, 39 %, 0x0000000000000001
2026/09/26 03:19:29.807, 585 MHz, 10.26 W, 55, 31 %, 0x0000000000000001
2026/09/26 03:19:30.811, 585 MHz, 10.33 W, 55, 29 %, 0x0000000000000001
2026/09/26 03:19:31.814, 570 MHz, 10.27 W, 55, 25 %, 0x0000000000000001
2026/09/26 03:19:32.825, 540 MHz, 10.26 W, 55, 39 %, 0x0000000000000001
2026/09/26 03:19:33.833, 435 MHz, 10.07 W, 55, 12 %, 0x0000000000000001
2026/09/26 03:19:34.840, 450 MHz, 9.42 W, 55, 37 %, 0x0000000000000001
2026/09/26 03:19:35.844, 570 MHz, 10.36 W, 55, 46 %, 0x0000000000000001
2026/09/26 03:19:36.852, 570 MHz, 10.35 W, 55, 36 %, 0x0000000000000001
2026/09/26 03:19:37.867, 495 MHz, 10.25 W, 55, 39 %, 0x0000000000000001
2026/09/26 03:19:38.876, 495 MHz, 10.20 W, 55, 40 %, 0x0000000000000001
2026/09/26 03:19:39.878, 570 MHz, 10.26 W, 55, 37 %, 0x0000000000000001
2026/09/26 03:19:40.886, 600 MHz, 10.32 W, 55, 38 %, 0x0000000000000001
2026/09/26 03:19:41.894, 585 MHz, 10.28 W, 55, 37 %, 0x0000000000000001
2026/09/26 03:19:42.904, 630 MHz, 10.27 W, 55, 20 %, 0x0000000000000001
2026/09/26 03:19:43.908, 630 MHz, 10.30 W, 55, 26 %, 0x0000000000000001
2026/09/26 03:19:44.913, 540 MHz, 10.26 W, 55, 43 %, 0x0000000000000001
2026/09/26 03:19:45.918, 480 MHz, 10.13 W, 55, 36 %, 0x0000000000000001
2026/09/26 03:19:46.919, 540 MHz, 10.63 W, 55, 34 %, 0x0000000000000001
2026/09/26 03:19:47.928, 660 MHz, 10.27 W, 55, 32 %, 0x0000000000000001
2026/09/26 03:19:48.928, 660 MHz, 10.33 W, 55, 36 %, 0x0000000000000001
2026/09/26 03:19:49.935, 585 MHz, 10.22 W, 55, 31 %, 0x0000000000000001
2026/09/26 03:19:50.941, 585 MHz, 10.26 W, 55, 26 %, 0x0000000000000001
2026/09/26 03:19:51.947, 540 MHz, 10.21 W, 55, 36 %, 0x0000000000000001
2026/09/26 03:19:52.954, 525 MHz, 10.23 W, 55, 50 %, 0x0000000000000001
2026/09/26 03:19:53.957, 540 MHz, 10.19 W, 55, 39 %, 0x0000000000000001
2026/09/26 03:19:54.963, 570 MHz, 10.27 W, 55, 31 %, 0x0000000000000001
2026/09/26 03:19:55.966, 570 MHz, 10.17 W, 55, 33 %, 0x0000000000000001
2026/09/26 03:19:56.975, 600 MHz, 10.23 W, 54, 31 %, 0x0000000000000001
2026/09/26 03:19:57.980, 540 MHz, 10.20 W, 54, 35 %, 0x0000000000000001
2026/09/26 03:19:58.988, 570 MHz, 10.21 W, 54, 34 %, 0x0000000000000001
2026/09/26 03:19:59.995, 570 MHz, 10.19 W, 54, 30 %, 0x0000000000000001
2026/09/26 03:20:01.000, 585 MHz, 10.19 W, 54, 41 %, 0x0000000000000001
2026/09/26 03:20:02.008, 585 MHz, 10.33 W, 54, 35 %, 0x0000000000000001
2026/09/26 03:20:03.016, 555 MHz, 10.25 W, 54, 38 %, 0x0000000000000001
2026/09/26 03:20:04.022, 525 MHz, 10.27 W, 54, 41 %, 0x0000000000000001
2026/09/26 03:20:05.028, 525 MHz, 10.15 W, 54, 25 %, 0x0000000000000001
2026/09/26 03:20:06.034, 510 MHz, 10.32 W, 54, 47 %, 0x0000000000000001
2026/09/26 03:20:07.041, 540 MHz, 10.23 W, 54, 40 %, 0x0000000000000001
2026/09/26 03:20:08.050, 540 MHz, 10.23 W, 54, 42 %, 0x0000000000000001
2026/09/26 03:20:09.056, 480 MHz, 10.13 W, 54, 34 %, 0x0000000000000001
2026/09/26 03:20:10.066, 465 MHz, 10.17 W, 54, 41 %, 0x0000000000000001
2026/09/26 03:20:11.074, 450 MHz, 10.13 W, 54, 42 %, 0x0000000000000001
2026/09/26 03:20:12.084, 420 MHz, 10.13 W, 54, 47 %, 0x0000000000000001
2026/09/26 03:20:13.085, 510 MHz, 10.17 W, 54, 41 %, 0x0000000000000001
2026/09/26 03:20:14.093, 555 MHz, 10.19 W, 54, 24 %, 0x0000000000000001
2026/09/26 03:20:15.098, 525 MHz, 10.20 W, 54, 38 %, 0x0000000000000001
2026/09/26 03:20:16.107, 525 MHz, 10.22 W, 54, 42 %, 0x0000000000000001
2026/09/26 03:20:17.117, 555 MHz, 10.19 W, 54, 34 %, 0x0000000000000001
2026/09/26 03:20:18.124, 585 MHz, 10.26 W, 54, 36 %, 0x0000000000000001
2026/09/26 03:20:19.132, 585 MHz, 10.24 W, 54, 34 %, 0x0000000000000001
2026/09/26 03:20:20.140, 585 MHz, 10.23 W, 54, 36 %, 0x0000000000000001
2026/09/26 03:20:21.149, 585 MHz, 10.22 W, 54, 41 %, 0x0000000000000001
2026/09/26 03:20:22.151, 630 MHz, 10.28 W, 54, 24 %, 0x0000000000000001
2026/09/26 03:20:23.154, 570 MHz, 10.14 W, 54, 29 %, 0x0000000000000001
2026/09/26 03:20:24.160, 555 MHz, 10.19 W, 54, 42 %, 0x0000000000000001
2026/09/26 03:20:25.161, 630 MHz, 10.22 W, 54, 36 %, 0x0000000000000001
2026/09/26 03:20:26.168, 630 MHz, 10.24 W, 54, 38 %, 0x0000000000000001
2026/09/26 03:20:27.179, 600 MHz, 10.22 W, 54, 36 %, 0x0000000000000001
2026/09/26 03:20:28.182, 630 MHz, 10.22 W, 54, 39 %, 0x0000000000000001
2026/09/26 03:20:29.188, 645 MHz, 10.27 W, 54, 45 %, 0x0000000000000001
2026/09/26 03:20:30.198, 675 MHz, 10.24 W, 54, 25 %, 0x0000000000000001
2026/09/26 03:20:31.199, 780 MHz, 10.38 W, 54, 41 %, 0x0000000000000001
2026/09/26 03:20:32.205, 780 MHz, 10.31 W, 54, 32 %, 0x0000000000000001
2026/09/26 03:20:33.206, 690 MHz, 10.32 W, 54, 25 %, 0x0000000000000001
2026/09/26 03:20:34.208, 765 MHz, 10.25 W, 54, 30 %, 0x0000000000000001
2026/09/26 03:20:35.215, 765 MHz, 10.30 W, 54, 34 %, 0x0000000000000001
2026/09/26 03:20:36.224, 690 MHz, 10.32 W, 54, 22 %, 0x0000000000000001
2026/09/26 03:20:37.233, 690 MHz, 10.22 W, 54, 39 %, 0x0000000000000001
2026/09/26 03:20:38.243, 705 MHz, 10.22 W, 53, 43 %, 0x0000000000000001
2026/09/26 03:20:39.252, 705 MHz, 10.23 W, 53, 40 %, 0x0000000000000001
2026/09/26 03:20:40.257, 780 MHz, 10.31 W, 53, 30 %, 0x0000000000000001
2026/09/26 03:20:41.264, 780 MHz, 10.26 W, 53, 22 %, 0x0000000000000001
2026/09/26 03:20:42.268, 660 MHz, 10.27 W, 53, 41 %, 0x0000000000000001
2026/09/26 03:20:43.274, 630 MHz, 10.27 W, 53, 36 %, 0x0000000000000001
2026/09/26 03:20:44.282, 630 MHz, 10.25 W, 53, 42 %, 0x0000000000000001
2026/09/26 03:20:45.288, 660 MHz, 10.26 W, 53, 43 %, 0x0000000000000001
2026/09/26 03:20:46.294, 690 MHz, 10.22 W, 53, 27 %, 0x0000000000000001
2026/09/26 03:20:47.304, 630 MHz, 10.20 W, 54, 36 %, 0x0000000000000001
2026/09/26 03:20:48.313, 630 MHz, 10.09 W, 54, 19 %, 0x0000000000000001
2026/09/26 03:20:49.321, 630 MHz, 10.19 W, 54, 37 %, 0x0000000000000001
2026/09/26 03:20:50.328, 585 MHz, 10.19 W, 54, 35 %, 0x0000000000000001
2026/09/26 03:20:51.329, 630 MHz, 10.14 W, 54, 32 %, 0x0000000000000001
2026/09/26 03:20:52.338, 630 MHz, 10.16 W, 54, 33 %, 0x0000000000000001
2026/09/26 03:20:53.348, 645 MHz, 10.23 W, 54, 36 %, 0x0000000000000001
2026/09/26 03:20:54.352, 645 MHz, 10.25 W, 54, 41 %, 0x0000000000000001
2026/09/26 03:20:55.359, 675 MHz, 10.11 W, 54, 21 %, 0x0000000000000001
2026/09/26 03:20:56.361, 675 MHz, 10.18 W, 54, 25 %, 0x0000000000000001
2026/09/26 03:20:57.365, 675 MHz, 10.24 W, 54, 34 %, 0x0000000000000001
2026/09/26 03:20:58.374, 690 MHz, 10.37 W, 54, 35 %, 0x0000000000000001
2026/09/26 03:20:59.384, 690 MHz, 10.31 W, 54, 30 %, 0x0000000000000001
2026/09/26 03:21:00.385, 660 MHz, 10.25 W, 54, 41 %, 0x0000000000000001
2026/09/26 03:21:01.387, 750 MHz, 10.38 W, 54, 41 %, 0x0000000000000001
2026/09/26 03:21:02.397, 720 MHz, 10.43 W, 54, 25 %, 0x0000000000000001
2026/09/26 03:21:03.399, 990 MHz, 10.64 W, 54, 26 %, 0x0000000000000001
2026/09/26 03:21:04.404, 990 MHz, 10.69 W, 54, 27 %, 0x0000000000000001
2026/09/26 03:21:05.409, 675 MHz, 9.80 W, 54, 0 %, 0x0000000000000001
2026/09/26 03:21:06.415, 450 MHz, 9.33 W, 53, 58 %, 0x0000000000000001
2026/09/26 03:21:07.419, 630 MHz, 10.36 W, 54, 38 %, 0x0000000000000001
2026/09/26 03:21:08.434, 630 MHz, 8.85 W, 54, 0 %, 0x0000000000000001
2026/09/26 03:21:09.445, 630 MHz, 9.96 W, 54, 23 %, 0x0000000000000001
2026/09/26 03:21:10.446, 630 MHz, 10.13 W, 54, 17 %, 0x0000000000000001
2026/09/26 03:21:11.447, 555 MHz, 10.47 W, 54, 41 %, 0x0000000000000001
2026/09/26 03:21:12.448, 675 MHz, 9.78 W, 53, 0 %, 0x0000000000000001
2026/09/26 03:21:13.457, 675 MHz, 10.40 W, 54, 39 %, 0x0000000000000001
2026/09/26 03:21:14.460, 855 MHz, 10.27 W, 54, 16 %, 0x0000000000000001
2026/09/26 03:21:15.462, 855 MHz, 10.33 W, 54, 19 %, 0x0000000000000001
2026/09/26 03:21:16.463, 720 MHz, 10.31 W, 54, 36 %, 0x0000000000000001
2026/09/26 03:21:17.471, 705 MHz, 10.20 W, 53, 36 %, 0x0000000000000001
2026/09/26 03:21:18.477, 705 MHz, 10.23 W, 53, 35 %, 0x0000000000000001
2026/09/26 03:21:19.481, 735 MHz, 10.30 W, 53, 46 %, 0x0000000000000001
2026/09/26 03:21:20.484, 795 MHz, 10.36 W, 54, 41 %, 0x0000000000000001
2026/09/26 03:21:21.492, 900 MHz, 10.46 W, 54, 40 %, 0x0000000000000001
2026/09/26 03:21:22.501, 960 MHz, 10.62 W, 54, 32 %, 0x0000000000000001
2026/09/26 03:21:23.502, 750 MHz, 10.46 W, 54, 22 %, 0x0000000000000001
2026/09/26 03:21:24.516, 675 MHz, 10.29 W, 54, 28 %, 0x0000000000000001
2026/09/26 03:21:25.523, 555 MHz, 10.14 W, 54, 37 %, 0x0000000000000001
2026/09/26 03:21:26.531, 495 MHz, 10.10 W, 54, 23 %, 0x0000000000000001
2026/09/26 03:21:27.542, 405 MHz, 9.00 W, 54, 39 %, 0x0000000000000001
2026/09/26 03:21:28.556, 390 MHz, 7.75 W, 54, 39 %, 0x0000000000000001
2026/09/26 03:21:29.568, 555 MHz, 10.23 W, 54, 28 %, 0x0000000000000001
2026/09/26 03:21:30.569, 555 MHz, 10.17 W, 54, 26 %, 0x0000000000000001
2026/09/26 03:21:31.581, 450 MHz, 10.15 W, 54, 23 %, 0x0000000000000001
2026/09/26 03:21:32.585, 525 MHz, 10.19 W, 54, 29 %, 0x0000000000000001
2026/09/26 03:21:33.593, 525 MHz, 10.19 W, 54, 38 %, 0x0000000000000001
2026/09/26 03:21:34.595, 525 MHz, 10.19 W, 54, 37 %, 0x0000000000000001
2026/09/26 03:21:35.596, 480 MHz, 10.10 W, 54, 9 %, 0x0000000000000001
2026/09/26 03:21:36.601, 420 MHz, 10.15 W, 55, 32 %, 0x0000000000000001
2026/09/26 03:21:37.612, 525 MHz, 10.22 W, 55, 28 %, 0x0000000000000001
2026/09/26 03:21:38.622, 525 MHz, 10.09 W, 55, 17 %, 0x0000000000000001
2026/09/26 03:21:39.632, 390 MHz, 8.70 W, 55, 41 %, 0x0000000000000001
2026/09/26 03:21:40.646, 465 MHz, 10.19 W, 55, 30 %, 0x0000000000000001
2026/09/26 03:21:41.661, 480 MHz, 10.14 W, 55, 34 %, 0x0000000000000001
2026/09/26 03:21:42.676, 480 MHz, 10.20 W, 55, 31 %, 0x0000000000000001
2026/09/26 03:21:43.691, 435 MHz, 10.16 W, 55, 31 %, 0x0000000000000001
2026/09/26 03:21:44.703, 450 MHz, 10.18 W, 55, 35 %, 0x0000000000000001
2026/09/26 03:21:45.711, 525 MHz, 10.26 W, 55, 45 %, 0x0000000000000001
2026/09/26 03:21:46.727, 570 MHz, 10.22 W, 55, 26 %, 0x0000000000000001
2026/09/26 03:21:47.739, 570 MHz, 10.31 W, 55, 29 %, 0x0000000000000001
2026/09/26 03:21:48.743, 435 MHz, 10.17 W, 55, 33 %, 0x0000000000000001
2026/09/26 03:21:49.747, 495 MHz, 10.19 W, 55, 19 %, 0x0000000000000001
2026/09/26 03:21:50.761, 495 MHz, 10.23 W, 55, 27 %, 0x0000000000000001
2026/09/26 03:21:51.764, 405 MHz, 7.90 W, 55, 29 %, 0x0000000000000001
2026/09/26 03:21:52.776, 540 MHz, 10.22 W, 55, 21 %, 0x0000000000000001
2026/09/26 03:21:53.786, 540 MHz, 10.26 W, 55, 28 %, 0x0000000000000001
2026/09/26 03:21:54.792, 555 MHz, 10.24 W, 55, 36 %, 0x0000000000000001
2026/09/26 03:21:55.801, 570 MHz, 10.25 W, 55, 42 %, 0x0000000000000001
2026/09/26 03:21:56.807, 600 MHz, 10.22 W, 55, 36 %, 0x0000000000000001
2026/09/26 03:21:57.817, 600 MHz, 10.31 W, 55, 36 %, 0x0000000000000001
2026/09/26 03:21:58.826, 480 MHz, 10.17 W, 55, 21 %, 0x0000000000000001
2026/09/26 03:21:59.836, 420 MHz, 10.16 W, 55, 44 %, 0x0000000000000001
2026/09/26 03:22:00.845, 435 MHz, 10.20 W, 55, 31 %, 0x0000000000000001
2026/09/26 03:22:01.855, 510 MHz, 10.20 W, 55, 41 %, 0x0000000000000001
2026/09/26 03:22:02.862, 510 MHz, 10.21 W, 55, 31 %, 0x0000000000000001
2026/09/26 03:22:03.870, 435 MHz, 10.49 W, 55, 49 %, 0x0000000000000001
2026/09/26 03:22:04.877, 495 MHz, 10.26 W, 55, 38 %, 0x0000000000000001
2026/09/26 03:22:05.887, 510 MHz, 10.23 W, 55, 39 %, 0x0000000000000001
2026/09/26 03:22:06.893, 705 MHz, 10.44 W, 55, 42 %, 0x0000000000000001
2026/09/26 03:22:07.896, 705 MHz, 10.40 W, 55, 33 %, 0x0000000000000001
2026/09/26 03:22:08.901, 750 MHz, 10.42 W, 55, 32 %, 0x0000000000000001
2026/09/26 03:22:09.911, 750 MHz, 10.47 W, 55, 21 %, 0x0000000000000001
2026/09/26 03:22:10.919, 540 MHz, 10.21 W, 55, 15 %, 0x0000000000000001
2026/09/26 03:22:11.933, 585 MHz, 10.26 W, 55, 46 %, 0x0000000000000001
2026/09/26 03:22:12.946, 585 MHz, 10.42 W, 55, 29 %, 0x0000000000000001
2026/09/26 03:22:13.960, 570 MHz, 10.34 W, 55, 38 %, 0x0000000000000001
2026/09/26 03:22:14.973, 555 MHz, 10.32 W, 55, 35 %, 0x0000000000000001
2026/09/26 03:22:15.985, 585 MHz, 10.54 W, 55, 42 %, 0x0000000000000001
2026/09/26 03:22:16.987, 615 MHz, 10.30 W, 55, 32 %, 0x0000000000000001
2026/09/26 03:22:17.997, 675 MHz, 10.36 W, 55, 35 %, 0x0000000000000001
2026/09/26 03:22:19.004, 735 MHz, 10.38 W, 55, 24 %, 0x0000000000000001
2026/09/26 03:22:20.020, 720 MHz, 10.58 W, 55, 30 %, 0x0000000000000001
2026/09/26 03:22:21.034, 555 MHz, 10.28 W, 55, 31 %, 0x0000000000000001
2026/09/26 03:22:22.034, 525 MHz, 10.23 W, 55, 22 %, 0x0000000000000001
2026/09/26 03:22:23.047, 420 MHz, 10.21 W, 55, 31 %, 0x0000000000000001
2026/09/26 03:22:24.056, 390 MHz, 7.87 W, 55, 36 %, 0x0000000000000001
2026/09/26 03:22:25.067, 720 MHz, 10.67 W, 56, 35 %, 0x0000000000000001
2026/09/26 03:22:26.068, 720 MHz, 10.48 W, 56, 30 %, 0x0000000000000001
2026/09/26 03:22:27.080, 615 MHz, 10.44 W, 56, 35 %, 0x0000000000000001
2026/09/26 03:22:28.084, 585 MHz, 10.36 W, 56, 35 %, 0x0000000000000001
2026/09/26 03:22:29.086, 690 MHz, 10.66 W, 56, 41 %, 0x0000000000000001
2026/09/26 03:22:30.094, 720 MHz, 10.45 W, 56, 36 %, 0x0000000000000001
2026/09/26 03:22:31.096, 615 MHz, 10.38 W, 56, 23 %, 0x0000000000000001
2026/09/26 03:22:32.104, 510 MHz, 10.26 W, 56, 24 %, 0x0000000000000001
2026/09/26 03:22:33.114, 465 MHz, 10.27 W, 56, 30 %, 0x0000000000000001
2026/09/26 03:22:34.128, 420 MHz, 10.27 W, 56, 29 %, 0x0000000000000001
2026/09/26 03:22:35.141, 570 MHz, 10.35 W, 56, 32 %, 0x0000000000000001
2026/09/26 03:22:36.152, 570 MHz, 10.38 W, 56, 33 %, 0x0000000000000001
2026/09/26 03:22:37.163, 645 MHz, 10.41 W, 56, 31 %, 0x0000000000000001
2026/09/26 03:22:38.178, 690 MHz, 10.60 W, 56, 41 %, 0x0000000000000001
2026/09/26 03:22:39.191, 690 MHz, 10.39 W, 56, 26 %, 0x0000000000000001
2026/09/26 03:22:40.193, 600 MHz, 10.35 W, 56, 39 %, 0x0000000000000001
2026/09/26 03:22:41.193, 555 MHz, 10.35 W, 56, 46 %, 0x0000000000000001
2026/09/26 03:22:42.203, 525 MHz, 10.28 W, 56, 24 %, 0x0000000000000001
2026/09/26 03:22:43.204, 420 MHz, 10.33 W, 56, 29 %, 0x0000000000000001
2026/09/26 03:22:44.216, 465 MHz, 10.29 W, 56, 33 %, 0x0000000000000001
2026/09/26 03:22:45.229, 465 MHz, 10.21 W, 56, 23 %, 0x0000000000000001
2026/09/26 03:22:46.244, 480 MHz, 7.96 W, 56, 38 %, 0x0000000000000001
2026/09/26 03:22:47.257, 480 MHz, 10.26 W, 56, 32 %, 0x0000000000000001
2026/09/26 03:22:48.271, 735 MHz, 10.54 W, 56, 28 %, 0x0000000000000001
2026/09/26 03:22:49.284, 735 MHz, 10.44 W, 56, 27 %, 0x0000000000000001
2026/09/26 03:22:50.295, 660 MHz, 10.43 W, 56, 41 %, 0x0000000000000001
2026/09/26 03:22:51.308, 630 MHz, 10.42 W, 56, 21 %, 0x0000000000000001
2026/09/26 03:22:52.318, 600 MHz, 10.31 W, 56, 23 %, 0x0000000000000001
2026/09/26 03:22:53.326, 660 MHz, 10.37 W, 56, 24 %, 0x0000000000000001
2026/09/26 03:22:54.330, 660 MHz, 10.39 W, 56, 19 %, 0x0000000000000001
2026/09/26 03:22:55.335, 555 MHz, 10.31 W, 56, 26 %, 0x0000000000000001
2026/09/26 03:22:56.338, 525 MHz, 10.39 W, 56, 23 %, 0x0000000000000001
2026/09/26 03:22:57.338, 465 MHz, 10.22 W, 56, 36 %, 0x0000000000000001
2026/09/26 03:22:58.350, 600 MHz, 10.24 W, 56, 54 %, 0x0000000000000001
2026/09/26 03:22:59.355, 765 MHz, 10.37 W, 56, 51 %, 0x0000000000000001
2026/09/26 03:23:00.357, 765 MHz, 10.56 W, 56, 37 %, 0x0000000000000001
2026/09/26 03:23:01.363, 825 MHz, 10.49 W, 56, 29 %, 0x0000000000000001
2026/09/26 03:23:02.364, 750 MHz, 10.52 W, 56, 31 %, 0x0000000000000001
2026/09/26 03:23:03.366, 675 MHz, 10.38 W, 56, 32 %, 0x0000000000000001
2026/09/26 03:23:04.371, 645 MHz, 10.45 W, 56, 36 %, 0x0000000000000001
2026/09/26 03:23:05.376, 555 MHz, 10.40 W, 56, 12 %, 0x0000000000000001
2026/09/26 03:23:06.381, 495 MHz, 10.26 W, 56, 34 %, 0x0000000000000001
2026/09/26 03:23:07.391, 465 MHz, 10.27 W, 56, 34 %, 0x0000000000000001
2026/09/26 03:23:08.404, 510 MHz, 10.32 W, 56, 32 %, 0x0000000000000001
2026/09/26 03:23:09.418, 765 MHz, 10.63 W, 56, 52 %, 0x0000000000000001
2026/09/26 03:23:10.421, 795 MHz, 10.56 W, 56, 30 %, 0x0000000000000001
2026/09/26 03:23:11.429, 765 MHz, 10.40 W, 56, 32 %, 0x0000000000000001
2026/09/26 03:23:12.430, 765 MHz, 10.83 W, 56, 38 %, 0x0000000000000001
2026/09/26 03:23:13.435, 870 MHz, 10.55 W, 56, 21 %, 0x0000000000000001
2026/09/26 03:23:14.443, 870 MHz, 10.56 W, 55, 36 %, 0x0000000000000001
2026/09/26 03:23:15.453, 735 MHz, 10.40 W, 55, 35 %, 0x0000000000000001
2026/09/26 03:23:16.461, 675 MHz, 10.68 W, 55, 47 %, 0x0000000000000001
2026/09/26 03:23:17.468, 660 MHz, 10.38 W, 55, 47 %, 0x0000000000000001
2026/09/26 03:23:18.474, 705 MHz, 10.42 W, 55, 40 %, 0x0000000000000001
2026/09/26 03:23:19.482, 645 MHz, 10.33 W, 55, 28 %, 0x0000000000000001
2026/09/26 03:23:20.483, 585 MHz, 10.31 W, 55, 28 %, 0x0000000000000001
2026/09/26 03:23:21.486, 585 MHz, 10.20 W, 55, 26 %, 0x0000000000000001
2026/09/26 03:23:22.496, 585 MHz, 10.29 W, 55, 33 %, 0x0000000000000001
2026/09/26 03:23:23.504, 585 MHz, 10.27 W, 55, 22 %, 0x0000000000000001
2026/09/26 03:23:24.510, 555 MHz, 10.24 W, 55, 38 %, 0x0000000000000001
2026/09/26 03:23:25.511, 555 MHz, 10.36 W, 55, 32 %, 0x0000000000000001
2026/09/26 03:23:26.513, 540 MHz, 10.24 W, 55, 48 %, 0x0000000000000001
2026/09/26 03:23:27.523, 645 MHz, 10.37 W, 55, 42 %, 0x0000000000000001
2026/09/26 03:23:28.533, 690 MHz, 10.34 W, 55, 41 %, 0x0000000000000001
2026/09/26 03:23:29.534, 645 MHz, 10.23 W, 55, 45 %, 0x0000000000000001
2026/09/26 03:23:30.540, 705 MHz, 10.34 W, 54, 37 %, 0x0000000000000001
2026/09/26 03:23:31.548, 660 MHz, 10.32 W, 54, 22 %, 0x0000000000000001
2026/09/26 03:23:32.555, 735 MHz, 10.34 W, 54, 36 %, 0x0000000000000001
2026/09/26 03:23:33.558, 765 MHz, 10.36 W, 54, 30 %, 0x0000000000000001
2026/09/26 03:23:34.564, 765 MHz, 10.32 W, 54, 34 %, 0x0000000000000001
2026/09/26 03:23:35.567, 705 MHz, 10.38 W, 54, 43 %, 0x0000000000000001
2026/09/26 03:23:36.570, 660 MHz, 10.28 W, 54, 31 %, 0x0000000000000001
2026/09/26 03:23:37.580, 915 MHz, 10.56 W, 54, 36 %, 0x0000000000000001
2026/09/26 03:23:38.580, 915 MHz, 10.48 W, 54, 28 %, 0x0000000000000001
2026/09/26 03:23:39.581, 885 MHz, 10.42 W, 54, 27 %, 0x0000000000000001
2026/09/26 03:23:40.582, 885 MHz, 10.64 W, 54, 43 %, 0x0000000000000001
2026/09/26 03:23:41.590, 1035 MHz, 10.60 W, 54, 21 %, 0x0000000000000001
2026/09/26 03:23:42.592, 900 MHz, 10.65 W, 54, 35 %, 0x0000000000000001
2026/09/26 03:23:43.598, 810 MHz, 10.43 W, 54, 19 %, 0x0000000000000001
2026/09/26 03:23:44.598, 1050 MHz, 10.47 W, 54, 34 %, 0x0000000000000001
2026/09/26 03:23:45.604, 1050 MHz, 10.66 W, 54, 27 %, 0x0000000000000001
2026/09/26 03:23:46.612, 810 MHz, 10.43 W, 54, 38 %, 0x0000000000000001
2026/09/26 03:23:47.619, 705 MHz, 10.22 W, 54, 38 %, 0x0000000000000001
2026/09/26 03:23:48.624, 825 MHz, 10.40 W, 54, 24 %, 0x0000000000000001
2026/09/26 03:23:49.633, 825 MHz, 10.56 W, 54, 37 %, 0x0000000000000001
2026/09/26 03:23:50.641, 765 MHz, 10.38 W, 54, 41 %, 0x0000000000000001
2026/09/26 03:23:51.643, 780 MHz, 10.35 W, 54, 25 %, 0x0000000000000001
2026/09/26 03:23:52.652, 810 MHz, 10.45 W, 54, 30 %, 0x0000000000000001
2026/09/26 03:23:53.661, 810 MHz, 10.34 W, 54, 35 %, 0x0000000000000001
2026/09/26 03:23:54.668, 765 MHz, 10.34 W, 53, 36 %, 0x0000000000000001
2026/09/26 03:23:55.675, 840 MHz, 10.41 W, 53, 50 %, 0x0000000000000001
2026/09/26 03:23:56.676, 1065 MHz, 10.65 W, 53, 33 %, 0x0000000000000001
2026/09/26 03:23:57.683, 930 MHz, 10.62 W, 53, 35 %, 0x0000000000000001
2026/09/26 03:23:58.694, 1020 MHz, 10.59 W, 53, 47 %, 0x0000000000000001
2026/09/26 03:23:59.694, 1155 MHz, 12.45 W, 54, 29 %, 0x0000000000000001
2026/09/26 03:24:00.696, 1155 MHz, 13.56 W, 54, 24 %, 0x0000000000000001
2026/09/26 03:24:01.703, 855 MHz, 10.44 W, 53, 29 %, 0x0000000000000001
2026/09/26 03:24:02.710, 945 MHz, 10.65 W, 53, 40 %, 0x0000000000000001
2026/09/26 03:24:03.714, 945 MHz, 10.44 W, 53, 21 %, 0x0000000000000001
2026/09/26 03:24:04.719, 720 MHz, 10.32 W, 53, 33 %, 0x0000000000000001
2026/09/26 03:24:05.726, 690 MHz, 10.23 W, 53, 31 %, 0x0000000000000001
2026/09/26 03:24:06.730, 795 MHz, 10.31 W, 53, 30 %, 0x0000000000000001
2026/09/26 03:24:07.736, 795 MHz, 10.26 W, 53, 37 %, 0x0000000000000001
2026/09/26 03:24:08.744, 705 MHz, 10.25 W, 53, 29 %, 0x0000000000000001
2026/09/26 03:24:09.747, 630 MHz, 10.12 W, 53, 31 %, 0x0000000000000001
2026/09/26 03:24:10.752, 795 MHz, 10.25 W, 53, 25 %, 0x0000000000000001
2026/09/26 03:24:11.762, 795 MHz, 10.23 W, 53, 35 %, 0x0000000000000001
2026/09/26 03:24:12.763, 765 MHz, 10.22 W, 53, 39 %, 0x0000000000000001
2026/09/26 03:24:13.767, 765 MHz, 10.26 W, 53, 40 %, 0x0000000000000001
2026/09/26 03:24:14.773, 810 MHz, 10.30 W, 53, 27 %, 0x0000000000000001
2026/09/26 03:24:15.782, 810 MHz, 10.24 W, 53, 24 %, 0x0000000000000001
2026/09/26 03:24:16.786, 720 MHz, 10.19 W, 53, 44 %, 0x0000000000000001
2026/09/26 03:24:17.791, 1170 MHz, 10.56 W, 53, 32 %, 0x0000000000000001
2026/09/26 03:24:18.794, 1170 MHz, 12.57 W, 53, 23 %, 0x0000000000000001
2026/09/26 03:24:19.801, 810 MHz, 10.23 W, 53, 37 %, 0x0000000000000001
2026/09/26 03:24:20.805, 855 MHz, 10.32 W, 53, 37 %, 0x0000000000000001
2026/09/26 03:24:21.812, 855 MHz, 10.26 W, 53, 31 %, 0x0000000000000001
2026/09/26 03:24:22.822, 795 MHz, 10.27 W, 53, 38 %, 0x0000000000000001
2026/09/26 03:24:23.823, 825 MHz, 10.27 W, 53, 37 %, 0x0000000000000001
2026/09/26 03:24:24.830, 870 MHz, 10.35 W, 53, 35 %, 0x0000000000000001
2026/09/26 03:24:25.836, 870 MHz, 10.31 W, 53, 24 %, 0x0000000000000001
2026/09/26 03:24:26.840, 855 MHz, 10.26 W, 53, 34 %, 0x0000000000000001
2026/09/26 03:24:27.850, 855 MHz, 10.44 W, 53, 36 %, 0x0000000000000001
2026/09/26 03:24:28.852, 915 MHz, 10.33 W, 53, 35 %, 0x0000000000000001
2026/09/26 03:24:29.862, 915 MHz, 10.38 W, 53, 29 %, 0x0000000000000001
2026/09/26 03:24:30.871, 840 MHz, 10.30 W, 53, 35 %, 0x0000000000000001
2026/09/26 03:24:31.875, 885 MHz, 10.39 W, 53, 46 %, 0x0000000000000001
2026/09/26 03:24:32.875, 915 MHz, 10.42 W, 53, 34 %, 0x0000000000000001
2026/09/26 03:24:33.883, 840 MHz, 10.27 W, 53, 37 %, 0x0000000000000001
2026/09/26 03:24:34.891, 825 MHz, 10.42 W, 53, 37 %, 0x0000000000000001
2026/09/26 03:24:35.901, 825 MHz, 10.33 W, 53, 33 %, 0x0000000000000001
2026/09/26 03:24:36.904, 750 MHz, 10.21 W, 53, 36 %, 0x0000000000000001
2026/09/26 03:24:37.905, 855 MHz, 10.36 W, 53, 45 %, 0x0000000000000001
2026/09/26 03:24:38.908, 930 MHz, 10.39 W, 53, 35 %, 0x0000000000000001
2026/09/26 03:24:39.917, 930 MHz, 10.41 W, 53, 36 %, 0x0000000000000001
2026/09/26 03:24:40.918, 915 MHz, 10.36 W, 53, 30 %, 0x0000000000000001
2026/09/26 03:24:41.919, 915 MHz, 10.60 W, 53, 45 %, 0x0000000000000001
2026/09/26 03:24:42.921, 855 MHz, 10.32 W, 53, 30 %, 0x0000000000000001
2026/09/26 03:24:43.928, 810 MHz, 10.30 W, 53, 31 %, 0x0000000000000001
2026/09/26 03:24:44.934, 780 MHz, 10.27 W, 53, 31 %, 0x0000000000000001
2026/09/26 03:24:45.938, 795 MHz, 10.25 W, 53, 35 %, 0x0000000000000001
2026/09/26 03:24:46.947, 735 MHz, 10.23 W, 53, 37 %, 0x0000000000000001
2026/09/26 03:24:47.956, 795 MHz, 10.37 W, 53, 40 %, 0x0000000000000001
2026/09/26 03:24:48.959, 540 MHz, 8.87 W, 52, 0 %, 0x0000000000000001
2026/09/26 03:24:49.971, 450 MHz, 8.39 W, 52, 0 %, 0x0000000000000001
2026/09/26 03:24:50.981, 225 MHz, 4.73 W, 52, 0 %, 0x0000000000000001
2026/09/26 03:24:51.990, 210 MHz, 4.78 W, 52, 0 %, 0x0000000000000001
2026/09/26 03:24:52.998, 210 MHz, 3.47 W, 51, 26 %, 0x0000000000000001
2026/09/26 03:24:54.000, 315 MHz, 4.86 W, 51, 0 %, 0x0000000000000001
2026/09/26 03:24:55.008, 315 MHz, 5.69 W, 51, 0 %, 0x0000000000000001
2026/09/26 03:24:56.014, 210 MHz, 4.25 W, 51, 0 %, 0x0000000000000001
2026/09/26 03:24:57.023, 210 MHz, 4.59 W, 51, 0 %, 0x0000000000000001
2026/09/26 03:24:58.029, 210 MHz, 3.64 W, 51, 0 %, 0x0000000000000001
2026/09/26 03:24:59.030, 540 MHz, 5.15 W, 51, 39 %, 0x0000000000000001
2026/09/26 03:25:00.038, 735 MHz, 10.07 W, 51, 34 %, 0x0000000000000001
2026/09/26 03:25:01.042, 735 MHz, 10.14 W, 51, 43 %, 0x0000000000000001
2026/09/26 03:25:02.052, 690 MHz, 10.13 W, 51, 43 %, 0x0000000000000001
2026/09/26 03:25:03.064, 570 MHz, 8.33 W, 51, 0 %, 0x0000000000000001
2026/09/26 03:25:04.065, 435 MHz, 7.74 W, 51, 0 %, 0x0000000000000001
2026/09/26 03:25:05.079, 240 MHz, 4.53 W, 51, 0 %, 0x0000000000000001
2026/09/26 03:25:06.094, 210 MHz, 4.71 W, 51, 0 %, 0x0000000000000001
2026/09/26 03:25:07.106, 210 MHz, 3.52 W, 50, 0 %, 0x0000000000000001
2026/09/26 03:25:08.113, 345 MHz, 4.91 W, 51, 57 %, 0x0000000000000001
2026/09/26 03:25:09.123, 660 MHz, 9.55 W, 51, 30 %, 0x0000000000000001
2026/09/26 03:25:10.124, 750 MHz, 10.06 W, 51, 36 %, 0x0000000000000001
2026/09/26 03:25:11.129, 765 MHz, 10.10 W, 51, 21 %, 0x0000000000000001
2026/09/26 03:25:12.133, 765 MHz, 10.11 W, 51, 42 %, 0x0000000000000001
2026/09/26 03:25:13.143, 795 MHz, 10.15 W, 51, 35 %, 0x0000000000000001
2026/09/26 03:25:14.144, 825 MHz, 10.16 W, 51, 36 %, 0x0000000000000001
2026/09/26 03:25:15.146, 915 MHz, 10.22 W, 51, 38 %, 0x0000000000000001
2026/09/26 03:25:16.156, 915 MHz, 10.26 W, 51, 37 %, 0x0000000000000001
2026/09/26 03:25:17.165, 870 MHz, 10.27 W, 51, 34 %, 0x0000000000000001
2026/09/26 03:25:18.165, 810 MHz, 10.18 W, 51, 41 %, 0x0000000000000001
2026/09/26 03:25:19.173, 705 MHz, 9.96 W, 51, 0 %, 0x0000000000000001
2026/09/26 03:25:20.182, 1530 MHz, 17.46 W, 53, 0 %, 0x0000000000000024
2026/09/26 03:25:21.510, 1530 MHz, 17.51 W, 53, 0 %, 0x0000000000000024
2026/09/26 03:25:23.016, 1530 MHz, 17.42 W, 53, 0 %, 0x0000000000000024
2026/09/26 03:25:24.513, 1530 MHz, 17.52 W, 53, 0 %, 0x0000000000000024
2026/09/26 03:25:26.019, 1530 MHz, 16.49 W, 53, 0 %, 0x0000000000000024
2026/09/26 03:25:27.521, 1530 MHz, 365.89 W, 53, 0 %, 0x0000000000000024
2026/09/26 03:25:29.002, 1530 MHz, 16.22 W, 53, 0 %, 0x0000000000000024
2026/09/26 03:25:30.512, 1530 MHz, 17.75 W, 53, 0 %, 0x0000000000000024
2026/09/26 03:25:31.667, 1530 MHz, 17.71 W, 53, 0 %, 0x0000000000000024
2026/09/26 03:25:32.817, 1530 MHz, 17.66 W, 53, 0 %, 0x0000000000000024
2026/09/26 03:25:34.325, 1530 MHz, 17.71 W, 53, 0 %, 0x0000000000000024
2026/09/26 03:25:35.824, 1530 MHz, 15.49 W, 53, 0 %, 0x0000000000000024
2026/09/26 03:25:37.318, 1530 MHz, 365.89 W, 53, 0 %, 0x0000000000000024
2026/09/26 03:25:38.819, 1530 MHz, 15.73 W, 53, 0 %, 0x0000000000000024
2026/09/26 03:25:40.322, 1530 MHz, 17.56 W, 53, 0 %, 0x0000000000000024
2026/09/26 03:25:41.450, 1530 MHz, 15.57 W, 53, 0 %, 0x0000000000000024
2026/09/26 03:25:42.954, 1530 MHz, 15.71 W, 53, 0 %, 0x0000000000000024
2026/09/26 03:25:44.460, 1530 MHz, 15.71 W, 53, 0 %, 0x0000000000000024
2026/09/26 03:25:45.817, 1530 MHz, 15.73 W, 53, 0 %, 0x0000000000000024
2026/09/26 03:25:47.323, 1530 MHz, 17.91 W, 53, 0 %, 0x0000000000000024
2026/09/26 03:25:48.826, 1530 MHz, 15.52 W, 53, 0 %, 0x0000000000000024
2026/09/26 03:25:50.340, 1530 MHz, 365.89 W, 53, 0 %, 0x0000000000000024
2026/09/26 03:25:51.838, 1530 MHz, 15.85 W, 53, 0 %, 0x0000000000000024
2026/09/26 03:25:53.355, 1530 MHz, 15.56 W, 53, 0 %, 0x0000000000000024
2026/09/26 03:25:54.863, 1530 MHz, 15.68 W, 53, 0 %, 0x0000000000000024
2026/09/26 03:25:56.360, 1530 MHz, 365.89 W, 53, 0 %, 0x0000000000000024
2026/09/26 03:25:57.475, 1530 MHz, 365.89 W, 53, 0 %, 0x0000000000000024
2026/09/26 03:25:58.982, 1530 MHz, 17.98 W, 53, 0 %, 0x0000000000000024
2026/09/26 03:26:00.477, 1530 MHz, 17.93 W, 53, 0 %, 0x0000000000000024
2026/09/26 03:26:01.994, 1530 MHz, 365.89 W, 53, 0 %, 0x0000000000000024
2026/09/26 03:26:03.480, 1530 MHz, 17.80 W, 53, 0 %, 0x0000000000000024
2026/09/26 03:26:04.977, 1530 MHz, 17.97 W, 53, 0 %, 0x0000000000000024
2026/09/26 03:26:06.208, 1530 MHz, 15.95 W, 53, 0 %, 0x0000000000000024
2026/09/26 03:26:07.753, 1530 MHz, 14.78 W, 56, 0 %, 0x0000000000000024
2026/09/26 03:26:08.764, 1530 MHz, 14.18 W, 56, 0 %, 0x0000000000000024
2026/09/26 03:26:09.774, 1530 MHz, 18.41 W, 57, 29 %, 0x0000000000000001
2026/09/26 03:26:10.783, 1995 MHz, 45.54 W, 61, 89 %, 0x0000000000000000
2026/09/26 03:26:11.798, 1965 MHz, 48.52 W, 63, 95 %, 0x0000000000000004
2026/09/26 03:26:12.801, 1995 MHz, 53.07 W, 64, 88 %, 0x0000000000000000
2026/09/26 03:26:13.806, 1995 MHz, 47.11 W, 64, 75 %, 0x0000000000000004
2026/09/26 03:26:14.819, 1410 MHz, 49.54 W, 63, 78 %, 0x0000000000000004
2026/09/26 03:26:15.822, 1995 MHz, 36.62 W, 62, 50 %, 0x0000000000000004
2026/09/26 03:26:16.831, 1995 MHz, 32.45 W, 62, 34 %, 0x0000000000000000
2026/09/26 03:26:17.843, 1995 MHz, 21.68 W, 61, 11 %, 0x0000000000000000
2026/09/26 03:26:18.854, 1995 MHz, 18.98 W, 60, 13 %, 0x0000000000000000
2026/09/26 03:26:19.867, 765 MHz, 12.33 W, 59, 17 %, 0x0000000000000001
2026/09/26 03:26:20.881, 615 MHz, 12.08 W, 58, 23 %, 0x0000000000000001
2026/09/26 03:26:21.882, 555 MHz, 10.63 W, 58, 29 %, 0x0000000000000001
2026/09/26 03:26:22.892, 465 MHz, 10.25 W, 58, 9 %, 0x0000000000000001
2026/09/26 03:26:23.906, 630 MHz, 10.64 W, 58, 42 %, 0x0000000000000001
2026/09/26 03:26:24.917, 630 MHz, 10.64 W, 57, 20 %, 0x0000000000000001
2026/09/26 03:26:25.929, 540 MHz, 10.47 W, 57, 28 %, 0x0000000000000001
2026/09/26 03:26:26.942, 495 MHz, 10.41 W, 57, 40 %, 0x0000000000000001
2026/09/26 03:26:27.950, 420 MHz, 10.22 W, 57, 19 %, 0x0000000000000001
2026/09/26 03:26:28.964, 525 MHz, 10.38 W, 57, 28 %, 0x0000000000000001
2026/09/26 03:26:29.967, 525 MHz, 10.37 W, 57, 37 %, 0x0000000000000001
2026/09/26 03:26:30.980, 450 MHz, 10.28 W, 57, 33 %, 0x0000000000000001
2026/09/26 03:26:31.995, 555 MHz, 10.43 W, 57, 42 %, 0x0000000000000001
2026/09/26 03:26:33.007, 690 MHz, 10.51 W, 57, 39 %, 0x0000000000000001
2026/09/26 03:26:34.008, 690 MHz, 10.52 W, 57, 32 %, 0x0000000000000001
2026/09/26 03:26:35.012, 645 MHz, 10.47 W, 57, 30 %, 0x0000000000000001
2026/09/26 03:26:36.021, 645 MHz, 10.48 W, 57, 31 %, 0x0000000000000001
2026/09/26 03:26:37.025, 480 MHz, 10.30 W, 57, 23 %, 0x0000000000000001
2026/09/26 03:26:38.032, 510 MHz, 10.53 W, 57, 21 %, 0x0000000000000001
2026/09/26 03:26:39.042, 570 MHz, 10.32 W, 57, 17 %, 0x0000000000000001
2026/09/26 03:26:40.044, 570 MHz, 10.41 W, 57, 27 %, 0x0000000000000001
2026/09/26 03:26:41.045, 450 MHz, 10.33 W, 57, 30 %, 0x0000000000000001
2026/09/26 03:26:42.048, 465 MHz, 10.40 W, 57, 33 %, 0x0000000000000001
2026/09/26 03:26:43.059, 465 MHz, 10.42 W, 57, 49 %, 0x0000000000000001
2026/09/26 03:26:44.061, 555 MHz, 10.42 W, 57, 33 %, 0x0000000000000001
2026/09/26 03:26:45.077, 555 MHz, 10.42 W, 57, 42 %, 0x0000000000000001
2026/09/26 03:26:46.079, 510 MHz, 10.39 W, 57, 28 %, 0x0000000000000001
2026/09/26 03:26:47.088, 510 MHz, 10.43 W, 57, 44 %, 0x0000000000000001
2026/09/26 03:26:48.092, 510 MHz, 10.24 W, 57, 17 %, 0x0000000000000001
2026/09/26 03:26:49.101, 450 MHz, 10.29 W, 57, 31 %, 0x0000000000000001
2026/09/26 03:26:50.112, 405 MHz, 10.05 W, 57, 22 %, 0x0000000000000001
2026/09/26 03:26:51.123, 345 MHz, 7.98 W, 57, 36 %, 0x0000000000000001
2026/09/26 03:26:52.137, 495 MHz, 10.44 W, 57, 28 %, 0x0000000000000001
2026/09/26 03:26:53.145, 495 MHz, 10.40 W, 57, 34 %, 0x0000000000000001
2026/09/26 03:26:54.147, 525 MHz, 10.39 W, 57, 42 %, 0x0000000000000001
2026/09/26 03:26:55.155, 570 MHz, 10.36 W, 57, 29 %, 0x0000000000000001
2026/09/26 03:26:56.162, 645 MHz, 10.49 W, 57, 43 %, 0x0000000000000001
2026/09/26 03:26:57.167, 720 MHz, 10.47 W, 57, 25 %, 0x0000000000000001
2026/09/26 03:26:58.180, 810 MHz, 10.60 W, 57, 34 %, 0x0000000000000001
2026/09/26 03:26:59.183, 810 MHz, 10.57 W, 57, 18 %, 0x0000000000000001
2026/09/26 03:27:00.189, 555 MHz, 10.41 W, 57, 30 %, 0x0000000000000001
2026/09/26 03:27:01.193, 495 MHz, 10.27 W, 57, 34 %, 0x0000000000000001
2026/09/26 03:27:02.205, 405 MHz, 7.89 W, 57, 24 %, 0x0000000000000001
2026/09/26 03:27:03.218, 405 MHz, 7.93 W, 57, 45 %, 0x0000000000000001
2026/09/26 03:27:04.230, 480 MHz, 10.42 W, 57, 44 %, 0x0000000000000001
2026/09/26 03:27:05.230, 570 MHz, 10.43 W, 57, 35 %, 0x0000000000000001
2026/09/26 03:27:06.241, 660 MHz, 10.50 W, 57, 33 %, 0x0000000000000001
2026/09/26 03:27:07.254, 885 MHz, 10.65 W, 57, 36 %, 0x0000000000000001
2026/09/26 03:27:08.271, 885 MHz, 10.69 W, 57, 35 %, 0x0000000000000001
2026/09/26 03:27:09.271, 780 MHz, 10.58 W, 56, 40 %, 0x0000000000000001
2026/09/26 03:27:10.282, 735 MHz, 10.50 W, 56, 26 %, 0x0000000000000001
2026/09/26 03:27:11.286, 600 MHz, 10.45 W, 56, 41 %, 0x0000000000000001
2026/09/26 03:27:12.294, 630 MHz, 10.41 W, 56, 25 %, 0x0000000000000001
2026/09/26 03:27:13.296, 450 MHz, 10.29 W, 56, 22 %, 0x0000000000000001
2026/09/26 03:27:14.299, 405 MHz, 7.99 W, 56, 36 %, 0x0000000000000001
2026/09/26 03:27:15.309, 450 MHz, 10.30 W, 56, 31 %, 0x0000000000000001
2026/09/26 03:27:16.314, 450 MHz, 10.33 W, 56, 38 %, 0x0000000000000001
2026/09/26 03:27:17.326, 495 MHz, 10.27 W, 56, 28 %, 0x0000000000000001
2026/09/26 03:27:18.327, 540 MHz, 10.35 W, 56, 39 %, 0x0000000000000001
2026/09/26 03:27:19.340, 540 MHz, 10.26 W, 56, 28 %, 0x0000000000000001
2026/09/26 03:27:20.345, 750 MHz, 10.60 W, 56, 34 %, 0x0000000000000001
2026/09/26 03:27:21.355, 795 MHz, 10.46 W, 56, 16 %, 0x0000000000000001
2026/09/26 03:27:22.370, 795 MHz, 10.52 W, 56, 20 %, 0x0000000000000001
2026/09/26 03:27:23.385, 525 MHz, 10.32 W, 56, 21 %, 0x0000000000000001
2026/09/26 03:27:24.388, 480 MHz, 10.39 W, 56, 31 %, 0x0000000000000001
2026/09/26 03:27:25.394, 675 MHz, 10.53 W, 56, 28 %, 0x0000000000000001
2026/09/26 03:27:26.403, 600 MHz, 10.39 W, 56, 37 %, 0x0000000000000001
2026/09/26 03:27:27.415, 705 MHz, 10.55 W, 56, 34 %, 0x0000000000000001
2026/09/26 03:27:28.429, 750 MHz, 10.54 W, 56, 34 %, 0x0000000000000001
2026/09/26 03:27:29.439, 825 MHz, 10.72 W, 56, 43 %, 0x0000000000000001
2026/09/26 03:27:30.442, 840 MHz, 10.69 W, 56, 46 %, 0x0000000000000001
2026/09/26 03:27:31.446, 855 MHz, 10.65 W, 56, 27 %, 0x0000000000000001
2026/09/26 03:27:32.456, 630 MHz, 10.48 W, 56, 25 %, 0x0000000000000001
2026/09/26 03:27:33.466, 600 MHz, 10.36 W, 56, 33 %, 0x0000000000000001
2026/09/26 03:27:34.477, 555 MHz, 10.36 W, 56, 20 %, 0x0000000000000001
2026/09/26 03:27:35.487, 465 MHz, 10.30 W, 56, 28 %, 0x0000000000000001
2026/09/26 03:27:36.494, 540 MHz, 10.36 W, 56, 29 %, 0x0000000000000001
2026/09/26 03:27:37.495, 630 MHz, 10.52 W, 56, 31 %, 0x0000000000000001
2026/09/26 03:27:38.498, 720 MHz, 10.47 W, 56, 31 %, 0x0000000000000001
2026/09/26 03:27:39.499, 720 MHz, 10.54 W, 56, 35 %, 0x0000000000000001
2026/09/26 03:27:40.509, 660 MHz, 10.36 W, 56, 28 %, 0x0000000000000001
2026/09/26 03:27:41.514, 600 MHz, 10.37 W, 56, 26 %, 0x0000000000000001
2026/09/26 03:27:42.518, 630 MHz, 10.36 W, 56, 24 %, 0x0000000000000001
2026/09/26 03:27:43.528, 630 MHz, 10.47 W, 56, 24 %, 0x0000000000000001
2026/09/26 03:27:44.530, 525 MHz, 10.36 W, 56, 42 %, 0x0000000000000001
2026/09/26 03:27:45.534, 495 MHz, 10.31 W, 56, 29 %, 0x0000000000000001
2026/09/26 03:27:46.536, 450 MHz, 10.33 W, 56, 41 %, 0x0000000000000001
2026/09/26 03:27:47.541, 420 MHz, 10.31 W, 56, 35 %, 0x0000000000000001
2026/09/26 03:27:48.553, 510 MHz, 10.31 W, 56, 27 %, 0x0000000000000001
2026/09/26 03:27:49.554, 570 MHz, 10.27 W, 56, 27 %, 0x0000000000000001
2026/09/26 03:27:50.569, 570 MHz, 10.53 W, 56, 37 %, 0x0000000000000001
2026/09/26 03:27:51.573, 525 MHz, 10.31 W, 56, 34 %, 0x0000000000000001
2026/09/26 03:27:52.581, 540 MHz, 10.38 W, 56, 48 %, 0x0000000000000001
2026/09/26 03:27:53.588, 645 MHz, 10.37 W, 56, 27 %, 0x0000000000000001
2026/09/26 03:27:54.588, 645 MHz, 10.30 W, 56, 14 %, 0x0000000000000001
2026/09/26 03:27:55.599, 570 MHz, 10.35 W, 56, 32 %, 0x0000000000000001
2026/09/26 03:27:56.604, 525 MHz, 10.32 W, 56, 31 %, 0x0000000000000001
2026/09/26 03:27:57.609, 450 MHz, 10.28 W, 56, 32 %, 0x0000000000000001
2026/09/26 03:27:58.619, 435 MHz, 10.42 W, 56, 45 %, 0x0000000000000001
2026/09/26 03:27:59.631, 525 MHz, 10.35 W, 56, 34 %, 0x0000000000000001
2026/09/26 03:28:00.644, 525 MHz, 10.34 W, 56, 33 %, 0x0000000000000001
2026/09/26 03:28:01.647, 585 MHz, 10.35 W, 56, 30 %, 0x0000000000000001
2026/09/26 03:28:02.658, 585 MHz, 10.37 W, 56, 28 %, 0x0000000000000001
2026/09/26 03:28:03.662, 540 MHz, 10.46 W, 56, 35 %, 0x0000000000000001
2026/09/26 03:28:04.669, 525 MHz, 10.30 W, 56, 35 %, 0x0000000000000001
2026/09/26 03:28:05.676, 465 MHz, 10.25 W, 56, 26 %, 0x0000000000000001
2026/09/26 03:28:06.678, 435 MHz, 10.31 W, 56, 52 %, 0x0000000000000001
2026/09/26 03:28:07.686, 510 MHz, 10.30 W, 56, 38 %, 0x0000000000000001
2026/09/26 03:28:08.692, 690 MHz, 10.50 W, 56, 28 %, 0x0000000000000001
2026/09/26 03:28:09.706, 690 MHz, 10.46 W, 56, 25 %, 0x0000000000000001
2026/09/26 03:28:10.713, 510 MHz, 10.30 W, 56, 22 %, 0x0000000000000001
2026/09/26 03:28:11.726, 435 MHz, 10.29 W, 56, 29 %, 0x0000000000000001
2026/09/26 03:28:12.730, 495 MHz, 10.28 W, 56, 31 %, 0x0000000000000001
2026/09/26 03:28:13.735, 495 MHz, 10.32 W, 56, 42 %, 0x0000000000000001
2026/09/26 03:28:14.735, 540 MHz, 10.41 W, 56, 37 %, 0x0000000000000001
2026/09/26 03:28:15.748, 540 MHz, 10.27 W, 56, 23 %, 0x0000000000000001
2026/09/26 03:28:16.748, 465 MHz, 10.26 W, 56, 34 %, 0x0000000000000001
2026/09/26 03:28:17.757, 615 MHz, 10.42 W, 56, 28 %, 0x0000000000000001
2026/09/26 03:28:18.764, 645 MHz, 10.46 W, 56, 24 %, 0x0000000000000001
2026/09/26 03:28:19.767, 645 MHz, 10.45 W, 56, 24 %, 0x0000000000000001
2026/09/26 03:28:20.776, 570 MHz, 10.32 W, 56, 30 %, 0x0000000000000001
2026/09/26 03:28:21.780, 600 MHz, 10.50 W, 56, 43 %, 0x0000000000000001
2026/09/26 03:28:22.782, 645 MHz, 10.55 W, 56, 35 %, 0x0000000000000001
2026/09/26 03:28:23.791, 645 MHz, 10.35 W, 56, 28 %, 0x0000000000000001
2026/09/26 03:28:24.793, 495 MHz, 10.27 W, 56, 37 %, 0x0000000000000001
2026/09/26 03:28:25.797, 510 MHz, 10.35 W, 56, 38 %, 0x0000000000000001
2026/09/26 03:28:26.803, 510 MHz, 10.29 W, 56, 36 %, 0x0000000000000001
2026/09/26 03:28:27.806, 525 MHz, 10.35 W, 56, 20 %, 0x0000000000000001
2026/09/26 03:28:28.819, 510 MHz, 10.43 W, 56, 37 %, 0x0000000000000001
2026/09/26 03:28:29.821, 480 MHz, 10.23 W, 56, 23 %, 0x0000000000000001
2026/09/26 03:28:30.837, 390 MHz, 7.94 W, 56, 38 %, 0x0000000000000001
2026/09/26 03:28:31.838, 435 MHz, 10.25 W, 56, 34 %, 0x0000000000000001
2026/09/26 03:28:32.840, 465 MHz, 10.20 W, 56, 26 %, 0x0000000000000001
2026/09/26 03:28:33.851, 465 MHz, 10.31 W, 56, 32 %, 0x0000000000000001
2026/09/26 03:28:34.852, 435 MHz, 7.86 W, 56, 44 %, 0x0000000000000001
2026/09/26 03:28:35.866, 525 MHz, 10.22 W, 56, 20 %, 0x0000000000000001
2026/09/26 03:28:36.875, 555 MHz, 10.39 W, 56, 39 %, 0x0000000000000001
2026/09/26 03:28:37.882, 600 MHz, 10.27 W, 56, 19 %, 0x0000000000000001
2026/09/26 03:28:38.894, 600 MHz, 10.41 W, 56, 30 %, 0x0000000000000001
2026/09/26 03:28:39.902, 585 MHz, 10.45 W, 56, 59 %, 0x0000000000000001
2026/09/26 03:28:40.917, 585 MHz, 10.41 W, 56, 22 %, 0x0000000000000001
2026/09/26 03:28:41.924, 525 MHz, 10.35 W, 56, 26 %, 0x0000000000000001
2026/09/26 03:28:42.935, 555 MHz, 10.33 W, 56, 33 %, 0x0000000000000001
2026/09/26 03:28:43.942, 660 MHz, 10.45 W, 56, 37 %, 0x0000000000000001
2026/09/26 03:28:44.951, 660 MHz, 10.47 W, 56, 27 %, 0x0000000000000001
2026/09/26 03:28:45.955, 585 MHz, 10.40 W, 56, 33 %, 0x0000000000000001
2026/09/26 03:28:46.961, 630 MHz, 10.40 W, 56, 36 %, 0x0000000000000001
2026/09/26 03:28:47.965, 645 MHz, 10.26 W, 56, 18 %, 0x0000000000000001
2026/09/26 03:28:48.965, 645 MHz, 10.39 W, 56, 22 %, 0x0000000000000001
2026/09/26 03:28:49.967, 510 MHz, 10.18 W, 56, 16 %, 0x0000000000000001
2026/09/26 03:28:50.981, 465 MHz, 10.36 W, 56, 38 %, 0x0000000000000001
2026/09/26 03:28:51.988, 540 MHz, 10.48 W, 56, 40 %, 0x0000000000000001
2026/09/26 03:28:52.993, 540 MHz, 10.42 W, 56, 30 %, 0x0000000000000001
2026/09/26 03:28:54.004, 435 MHz, 10.35 W, 56, 35 %, 0x0000000000000001
2026/09/26 03:28:55.012, 570 MHz, 10.15 W, 56, 10 %, 0x0000000000000001
2026/09/26 03:28:56.027, 570 MHz, 10.45 W, 56, 38 %, 0x0000000000000001
2026/09/26 03:28:57.033, 525 MHz, 10.38 W, 56, 39 %, 0x0000000000000001
2026/09/26 03:28:58.047, 660 MHz, 10.41 W, 56, 38 %, 0x0000000000000001
2026/09/26 03:28:59.048, 660 MHz, 10.40 W, 56, 29 %, 0x0000000000000001
2026/09/26 03:29:00.059, 615 MHz, 10.39 W, 56, 35 %, 0x0000000000000001
2026/09/26 03:29:01.071, 615 MHz, 10.32 W, 56, 19 %, 0x0000000000000001
2026/09/26 03:29:02.084, 510 MHz, 10.24 W, 56, 42 %, 0x0000000000000001
2026/09/26 03:29:03.088, 510 MHz, 10.34 W, 56, 31 %, 0x0000000000000001
2026/09/26 03:29:04.089, 390 MHz, 7.90 W, 56, 30 %, 0x0000000000000001
2026/09/26 03:29:05.098, 465 MHz, 10.26 W, 56, 26 %, 0x0000000000000001
2026/09/26 03:29:06.109, 465 MHz, 10.25 W, 56, 22 %, 0x0000000000000001
2026/09/26 03:29:07.120, 450 MHz, 10.24 W, 56, 36 %, 0x0000000000000001
2026/09/26 03:29:08.124, 690 MHz, 10.46 W, 56, 29 %, 0x0000000000000001
2026/09/26 03:29:09.135, 720 MHz, 10.54 W, 56, 31 %, 0x0000000000000001
2026/09/26 03:29:10.141, 720 MHz, 10.47 W, 56, 36 %, 0x0000000000000001
2026/09/26 03:29:11.154, 690 MHz, 10.43 W, 56, 32 %, 0x0000000000000001
2026/09/26 03:29:12.169, 600 MHz, 10.37 W, 56, 21 %, 0x0000000000000001
2026/09/26 03:29:13.183, 510 MHz, 10.38 W, 56, 42 %, 0x0000000000000001
2026/09/26 03:29:14.186, 450 MHz, 10.25 W, 56, 33 %, 0x0000000000000001
2026/09/26 03:29:15.188, 390 MHz, 7.91 W, 56, 29 %, 0x0000000000000001
2026/09/26 03:29:16.188, 390 MHz, 7.91 W, 56, 35 %, 0x0000000000000001
2026/09/26 03:29:17.194, 420 MHz, 10.25 W, 56, 31 %, 0x0000000000000001
2026/09/26 03:29:18.205, 465 MHz, 10.22 W, 56, 33 %, 0x0000000000000001
2026/09/26 03:29:19.216, 555 MHz, 10.45 W, 56, 35 %, 0x0000000000000001
2026/09/26 03:29:20.224, 630 MHz, 10.40 W, 56, 22 %, 0x0000000000000001
2026/09/26 03:29:21.237, 750 MHz, 10.48 W, 56, 41 %, 0x0000000000000001
2026/09/26 03:29:22.244, 750 MHz, 10.52 W, 56, 31 %, 0x0000000000000001
2026/09/26 03:29:23.248, 705 MHz, 10.49 W, 56, 26 %, 0x0000000000000001
2026/09/26 03:29:24.260, 555 MHz, 10.35 W, 56, 22 %, 0x0000000000000001
2026/09/26 03:29:25.271, 480 MHz, 10.31 W, 56, 25 %, 0x0000000000000001
2026/09/26 03:29:26.278, 420 MHz, 10.24 W, 56, 34 %, 0x0000000000000001
2026/09/26 03:29:27.288, 450 MHz, 10.18 W, 56, 43 %, 0x0000000000000001
2026/09/26 03:29:28.299, 540 MHz, 10.36 W, 56, 28 %, 0x0000000000000001
2026/09/26 03:29:29.308, 495 MHz, 10.38 W, 56, 30 %, 0x0000000000000001
2026/09/26 03:29:30.311, 480 MHz, 10.20 W, 56, 33 %, 0x0000000000000001
2026/09/26 03:29:31.314, 450 MHz, 10.23 W, 56, 36 %, 0x0000000000000001
2026/09/26 03:29:32.323, 450 MHz, 10.17 W, 56, 28 %, 0x0000000000000001
2026/09/26 03:29:33.326, 480 MHz, 10.32 W, 56, 38 %, 0x0000000000000001
2026/09/26 03:29:34.347, 555 MHz, 10.30 W, 56, 18 %, 0x0000000000000001
2026/09/26 03:29:35.359, 555 MHz, 10.34 W, 56, 37 %, 0x0000000000000001
2026/09/26 03:29:36.373, 540 MHz, 10.33 W, 56, 37 %, 0x0000000000000001
2026/09/26 03:29:37.381, 540 MHz, 10.33 W, 56, 25 %, 0x0000000000000001
2026/09/26 03:29:38.395, 525 MHz, 10.27 W, 56, 24 %, 0x0000000000000001
2026/09/26 03:29:39.404, 525 MHz, 10.37 W, 56, 40 %, 0x0000000000000001
2026/09/26 03:29:40.416, 510 MHz, 10.28 W, 56, 37 %, 0x0000000000000001
2026/09/26 03:29:41.431, 510 MHz, 10.26 W, 56, 35 %, 0x0000000000000001
2026/09/26 03:29:42.438, 510 MHz, 10.25 W, 56, 30 %, 0x0000000000000001
2026/09/26 03:29:43.439, 570 MHz, 10.26 W, 55, 21 %, 0x0000000000000001
2026/09/26 03:29:44.454, 570 MHz, 10.30 W, 55, 29 %, 0x0000000000000001
2026/09/26 03:29:45.470, 450 MHz, 10.24 W, 55, 40 %, 0x0000000000000001
2026/09/26 03:29:46.472, 495 MHz, 10.27 W, 55, 47 %, 0x0000000000000001
2026/09/26 03:29:47.474, 570 MHz, 10.31 W, 55, 31 %, 0x0000000000000001
2026/09/26 03:29:48.481, 570 MHz, 10.31 W, 55, 24 %, 0x0000000000000001
2026/09/26 03:29:49.493, 630 MHz, 10.33 W, 56, 24 %, 0x0000000000000001
2026/09/26 03:29:50.496, 630 MHz, 10.44 W, 56, 34 %, 0x0000000000000001
2026/09/26 03:29:51.506, 585 MHz, 10.33 W, 56, 35 %, 0x0000000000000001
2026/09/26 03:29:52.521, 540 MHz, 10.31 W, 55, 32 %, 0x0000000000000001
2026/09/26 03:29:53.522, 525 MHz, 10.24 W, 55, 31 %, 0x0000000000000001
2026/09/26 03:29:54.534, 495 MHz, 10.27 W, 55, 33 %, 0x0000000000000001
2026/09/26 03:29:55.540, 555 MHz, 10.29 W, 55, 36 %, 0x0000000000000001
2026/09/26 03:29:56.548, 645 MHz, 10.41 W, 55, 27 %, 0x0000000000000001
2026/09/26 03:29:57.549, 645 MHz, 10.36 W, 55, 30 %, 0x0000000000000001
2026/09/26 03:29:58.555, 570 MHz, 10.31 W, 55, 36 %, 0x0000000000000001
2026/09/26 03:29:59.571, 555 MHz, 10.29 W, 55, 34 %, 0x0000000000000001
2026/09/26 03:30:00.574, 555 MHz, 10.31 W, 55, 27 %, 0x0000000000000001
2026/09/26 03:30:01.577, 510 MHz, 10.23 W, 55, 39 %, 0x0000000000000001
2026/09/26 03:30:02.579, 540 MHz, 10.25 W, 55, 36 %, 0x0000000000000001
2026/09/26 03:30:03.582, 540 MHz, 10.35 W, 55, 41 %, 0x0000000000000001
2026/09/26 03:30:04.591, 480 MHz, 10.26 W, 55, 39 %, 0x0000000000000001
2026/09/26 03:30:05.594, 450 MHz, 10.22 W, 55, 29 %, 0x0000000000000001
2026/09/26 03:30:06.595, 465 MHz, 10.28 W, 55, 34 %, 0x0000000000000001
2026/09/26 03:30:07.598, 495 MHz, 10.30 W, 55, 35 %, 0x0000000000000001
2026/09/26 03:30:08.613, 495 MHz, 10.31 W, 56, 30 %, 0x0000000000000001
2026/09/26 03:30:09.614, 435 MHz, 10.22 W, 56, 35 %, 0x0000000000000001
2026/09/26 03:30:10.619, 390 MHz, 7.90 W, 56, 31 %, 0x0000000000000001
2026/09/26 03:30:11.624, 405 MHz, 7.85 W, 56, 26 %, 0x0000000000000001
2026/09/26 03:30:12.625, 555 MHz, 10.59 W, 56, 36 %, 0x0000000000000001
2026/09/26 03:30:13.630, 645 MHz, 10.42 W, 56, 35 %, 0x0000000000000001
2026/09/26 03:30:14.643, 645 MHz, 10.44 W, 56, 35 %, 0x0000000000000001
2026/09/26 03:30:15.650, 555 MHz, 10.32 W, 56, 30 %, 0x0000000000000001
2026/09/26 03:30:16.665, 645 MHz, 10.54 W, 56, 47 %, 0x0000000000000001
2026/09/26 03:30:17.666, 645 MHz, 10.34 W, 56, 35 %, 0x0000000000000001
2026/09/26 03:30:18.668, 570 MHz, 10.37 W, 56, 29 %, 0x0000000000000001
2026/09/26 03:30:19.680, 495 MHz, 10.26 W, 56, 25 %, 0x0000000000000001
2026/09/26 03:30:20.680, 510 MHz, 10.29 W, 56, 36 %, 0x0000000000000001
2026/09/26 03:30:21.686, 585 MHz, 10.36 W, 56, 29 %, 0x0000000000000001
2026/09/26 03:30:22.702, 585 MHz, 10.40 W, 56, 33 %, 0x0000000000000001
2026/09/26 03:30:23.712, 510 MHz, 10.28 W, 56, 39 %, 0x0000000000000001
2026/09/26 03:30:24.716, 495 MHz, 10.21 W, 56, 28 %, 0x0000000000000001
2026/09/26 03:30:25.726, 510 MHz, 10.28 W, 56, 37 %, 0x0000000000000001
2026/09/26 03:30:26.738, 510 MHz, 10.23 W, 56, 33 %, 0x0000000000000001
2026/09/26 03:30:27.751, 450 MHz, 10.16 W, 56, 30 %, 0x0000000000000001
2026/09/26 03:30:28.759, 420 MHz, 10.12 W, 55, 30 %, 0x0000000000000001
2026/09/26 03:30:29.768, 510 MHz, 10.23 W, 55, 38 %, 0x0000000000000001
2026/09/26 03:30:30.771, 630 MHz, 10.38 W, 55, 48 %, 0x0000000000000001
2026/09/26 03:30:31.781, 735 MHz, 10.45 W, 55, 24 %, 0x0000000000000001
2026/09/26 03:30:32.789, 735 MHz, 10.51 W, 55, 44 %, 0x0000000000000001
2026/09/26 03:30:33.799, 780 MHz, 10.50 W, 56, 27 %, 0x0000000000000001
2026/09/26 03:30:34.807, 660 MHz, 10.48 W, 56, 37 %, 0x0000000000000001
2026/09/26 03:30:35.816, 660 MHz, 10.37 W, 56, 35 %, 0x0000000000000001
2026/09/26 03:30:36.827, 660 MHz, 10.50 W, 56, 36 %, 0x0000000000000001
2026/09/26 03:30:37.829, 600 MHz, 10.37 W, 56, 31 %, 0x0000000000000001
2026/09/26 03:30:38.840, 570 MHz, 10.31 W, 56, 36 %, 0x0000000000000001
2026/09/26 03:30:39.842, 570 MHz, 10.32 W, 55, 31 %, 0x0000000000000001
2026/09/26 03:30:40.851, 570 MHz, 10.43 W, 55, 47 %, 0x0000000000000001
2026/09/26 03:30:41.863, 645 MHz, 10.36 W, 55, 33 %, 0x0000000000000001
2026/09/26 03:30:42.878, 675 MHz, 10.35 W, 55, 35 %, 0x0000000000000001
2026/09/26 03:30:43.888, 675 MHz, 10.44 W, 55, 25 %, 0x0000000000000001
2026/09/26 03:30:44.892, 555 MHz, 10.38 W, 55, 26 %, 0x0000000000000001
2026/09/26 03:30:45.893, 510 MHz, 10.25 W, 55, 35 %, 0x0000000000000001
2026/09/26 03:30:46.899, 480 MHz, 10.20 W, 55, 38 %, 0x0000000000000001
2026/09/26 03:30:47.914, 540 MHz, 10.28 W, 55, 33 %, 0x0000000000000001
2026/09/26 03:30:48.915, 540 MHz, 10.24 W, 55, 38 %, 0x0000000000000001
2026/09/26 03:30:49.930, 465 MHz, 10.16 W, 55, 33 %, 0x0000000000000001
2026/09/26 03:30:50.944, 450 MHz, 10.09 W, 55, 25 %, 0x0000000000000001
2026/09/26 03:30:51.948, 435 MHz, 10.13 W, 55, 30 %, 0x0000000000000001
2026/09/26 03:30:52.952, 480 MHz, 10.23 W, 55, 31 %, 0x0000000000000001
2026/09/26 03:30:53.964, 480 MHz, 10.18 W, 55, 31 %, 0x0000000000000001
2026/09/26 03:30:54.967, 555 MHz, 10.26 W, 55, 25 %, 0x0000000000000001
2026/09/26 03:30:55.972, 630 MHz, 10.36 W, 55, 31 %, 0x0000000000000001
2026/09/26 03:30:56.982, 675 MHz, 10.54 W, 55, 29 %, 0x0000000000000001
2026/09/26 03:30:57.988, 675 MHz, 10.34 W, 55, 29 %, 0x0000000000000001
2026/09/26 03:30:59.000, 585 MHz, 10.28 W, 55, 31 %, 0x0000000000000001
2026/09/26 03:31:00.001, 540 MHz, 10.28 W, 55, 42 %, 0x0000000000000001
2026/09/26 03:31:01.003, 600 MHz, 10.27 W, 55, 40 %, 0x0000000000000001
2026/09/26 03:31:02.005, 600 MHz, 10.27 W, 55, 37 %, 0x0000000000000001
2026/09/26 03:31:03.006, 525 MHz, 10.18 W, 55, 30 %, 0x0000000000000001
2026/09/26 03:31:04.008, 480 MHz, 10.33 W, 55, 44 %, 0x0000000000000001
2026/09/26 03:31:05.022, 465 MHz, 10.17 W, 55, 42 %, 0x0000000000000001
2026/09/26 03:31:06.030, 420 MHz, 10.13 W, 55, 25 %, 0x0000000000000001
2026/09/26 03:31:07.036, 390 MHz, 7.85 W, 55, 34 %, 0x0000000000000001
2026/09/26 03:31:08.039, 330 MHz, 7.79 W, 55, 34 %, 0x0000000000000001
2026/09/26 03:31:09.046, 510 MHz, 10.21 W, 55, 43 %, 0x0000000000000001
2026/09/26 03:31:10.053, 570 MHz, 10.24 W, 55, 19 %, 0x0000000000000001
2026/09/26 03:31:11.054, 495 MHz, 10.30 W, 55, 37 %, 0x0000000000000001
2026/09/26 03:31:12.076, 510 MHz, 10.21 W, 55, 36 %, 0x0000000000000001
2026/09/26 03:31:13.086, 570 MHz, 10.27 W, 55, 31 %, 0x0000000000000001
2026/09/26 03:31:14.096, 705 MHz, 10.35 W, 55, 21 %, 0x0000000000000001
2026/09/26 03:31:15.098, 705 MHz, 10.43 W, 55, 24 %, 0x0000000000000001
2026/09/26 03:31:16.103, 660 MHz, 10.36 W, 55, 34 %, 0x0000000000000001
2026/09/26 03:31:17.109, 600 MHz, 10.36 W, 55, 24 %, 0x0000000000000001
2026/09/26 03:31:18.116, 555 MHz, 10.29 W, 55, 31 %, 0x0000000000000001
2026/09/26 03:31:19.120, 555 MHz, 10.36 W, 55, 43 %, 0x0000000000000001
2026/09/26 03:31:20.123, 570 MHz, 10.32 W, 55, 38 %, 0x0000000000000001
2026/09/26 03:31:21.133, 570 MHz, 10.31 W, 55, 40 %, 0x0000000000000001
2026/09/26 03:31:22.146, 615 MHz, 10.34 W, 55, 35 %, 0x0000000000000001
2026/09/26 03:31:23.146, 615 MHz, 10.31 W, 55, 37 %, 0x0000000000000001
2026/09/26 03:31:24.161, 645 MHz, 10.37 W, 55, 29 %, 0x0000000000000001
2026/09/26 03:31:25.166, 645 MHz, 10.40 W, 55, 31 %, 0x0000000000000001
2026/09/26 03:31:26.176, 585 MHz, 10.32 W, 55, 26 %, 0x0000000000000001
2026/09/26 03:31:27.189, 525 MHz, 10.26 W, 55, 31 %, 0x0000000000000001
2026/09/26 03:31:28.200, 495 MHz, 10.21 W, 55, 28 %, 0x0000000000000001
2026/09/26 03:31:29.207, 480 MHz, 10.22 W, 55, 42 %, 0x0000000000000001
2026/09/26 03:31:30.220, 495 MHz, 10.19 W, 55, 36 %, 0x0000000000000001
2026/09/26 03:31:31.225, 585 MHz, 10.27 W, 55, 41 %, 0x0000000000000001
2026/09/26 03:31:32.225, 645 MHz, 10.32 W, 55, 42 %, 0x0000000000000001
2026/09/26 03:31:33.236, 675 MHz, 10.48 W, 55, 44 %, 0x0000000000000001
2026/09/26 03:31:34.248, 675 MHz, 10.40 W, 55, 36 %, 0x0000000000000001
2026/09/26 03:31:35.249, 615 MHz, 10.31 W, 55, 31 %, 0x0000000000000001
2026/09/26 03:31:36.255, 705 MHz, 10.53 W, 55, 49 %, 0x0000000000000001
2026/09/26 03:31:37.270, 750 MHz, 10.48 W, 55, 34 %, 0x0000000000000001
2026/09/26 03:31:38.284, 615 MHz, 10.40 W, 55, 23 %, 0x0000000000000001
2026/09/26 03:31:39.285, 600 MHz, 10.30 W, 55, 34 %, 0x0000000000000001
2026/09/26 03:31:40.293, 600 MHz, 10.45 W, 55, 42 %, 0x0000000000000001
2026/09/26 03:31:41.301, 495 MHz, 10.24 W, 55, 27 %, 0x0000000000000001
2026/09/26 03:31:42.302, 510 MHz, 10.21 W, 55, 39 %, 0x0000000000000001
2026/09/26 03:31:43.312, 585 MHz, 10.40 W, 55, 35 %, 0x0000000000000001
2026/09/26 03:31:44.319, 675 MHz, 10.40 W, 55, 20 %, 0x0000000000000001
2026/09/26 03:31:45.327, 675 MHz, 10.35 W, 55, 29 %, 0x0000000000000001
2026/09/26 03:31:46.333, 630 MHz, 10.37 W, 55, 32 %, 0x0000000000000001
2026/09/26 03:31:47.334, 630 MHz, 10.37 W, 55, 36 %, 0x0000000000000001
2026/09/26 03:31:48.345, 630 MHz, 10.45 W, 55, 24 %, 0x0000000000000001
2026/09/26 03:31:49.355, 555 MHz, 10.22 W, 55, 21 %, 0x0000000000000001
2026/09/26 03:31:50.365, 555 MHz, 10.25 W, 55, 34 %, 0x0000000000000001
2026/09/26 03:31:51.369, 480 MHz, 10.15 W, 55, 15 %, 0x0000000000000001
2026/09/26 03:31:52.374, 405 MHz, 7.89 W, 55, 45 %, 0x0000000000000001
2026/09/26 03:31:53.377, 510 MHz, 10.25 W, 55, 23 %, 0x0000000000000001
2026/09/26 03:31:54.377, 510 MHz, 10.28 W, 56, 35 %, 0x0000000000000001
2026/09/26 03:31:55.386, 480 MHz, 10.27 W, 56, 37 %, 0x0000000000000001
2026/09/26 03:31:56.386, 495 MHz, 10.29 W, 56, 37 %, 0x0000000000000001
2026/09/26 03:31:57.394, 495 MHz, 10.23 W, 56, 33 %, 0x0000000000000001
2026/09/26 03:31:58.402, 585 MHz, 10.34 W, 56, 48 %, 0x0000000000000001
2026/09/26 03:31:59.409, 750 MHz, 10.51 W, 56, 13 %, 0x0000000000000001
2026/09/26 03:32:00.422, 480 MHz, 10.48 W, 56, 21 %, 0x0000000000000001
2026/09/26 03:32:01.434, 480 MHz, 10.50 W, 56, 46 %, 0x0000000000000001
2026/09/26 03:32:02.436, 480 MHz, 10.19 W, 56, 16 %, 0x0000000000000001
2026/09/26 03:32:03.437, 330 MHz, 9.63 W, 56, 39 %, 0x0000000000000001
2026/09/26 03:32:04.447, 345 MHz, 7.89 W, 56, 37 %, 0x0000000000000001
2026/09/26 03:32:05.452, 480 MHz, 7.93 W, 56, 48 %, 0x0000000000000001
2026/09/26 03:32:06.452, 525 MHz, 10.42 W, 56, 43 %, 0x0000000000000001
2026/09/26 03:32:07.465, 540 MHz, 10.32 W, 56, 33 %, 0x0000000000000001
2026/09/26 03:32:08.481, 585 MHz, 10.38 W, 56, 47 %, 0x0000000000000001
2026/09/26 03:32:09.482, 585 MHz, 10.29 W, 56, 38 %, 0x0000000000000001
2026/09/26 03:32:10.497, 495 MHz, 10.51 W, 56, 44 %, 0x0000000000000001
2026/09/26 03:32:11.510, 450 MHz, 10.24 W, 56, 40 %, 0x0000000000000001
2026/09/26 03:32:12.518, 405 MHz, 8.72 W, 56, 31 %, 0x0000000000000001
2026/09/26 03:32:13.531, 570 MHz, 10.29 W, 56, 25 %, 0x0000000000000001
2026/09/26 03:32:14.545, 570 MHz, 10.42 W, 56, 41 %, 0x0000000000000001
2026/09/26 03:32:15.553, 645 MHz, 10.35 W, 56, 47 %, 0x0000000000000001
2026/09/26 03:32:16.568, 645 MHz, 10.43 W, 56, 39 %, 0x0000000000000001
2026/09/26 03:32:17.573, 600 MHz, 10.30 W, 56, 42 %, 0x0000000000000001
2026/09/26 03:32:18.582, 600 MHz, 10.49 W, 56, 39 %, 0x0000000000000001
2026/09/26 03:32:19.590, 690 MHz, 10.43 W, 56, 38 %, 0x0000000000000001
2026/09/26 03:32:20.601, 660 MHz, 10.48 W, 56, 38 %, 0x0000000000000001
2026/09/26 03:32:21.603, 780 MHz, 10.50 W, 56, 22 %, 0x0000000000000001
2026/09/26 03:32:22.614, 780 MHz, 10.52 W, 56, 29 %, 0x0000000000000001
2026/09/26 03:32:23.624, 585 MHz, 10.31 W, 56, 28 %, 0x0000000000000001
2026/09/26 03:32:24.640, 525 MHz, 10.35 W, 56, 30 %, 0x0000000000000001
2026/09/26 03:32:25.654, 465 MHz, 10.27 W, 56, 38 %, 0x0000000000000001
2026/09/26 03:32:26.659, 510 MHz, 10.33 W, 56, 47 %, 0x0000000000000001
2026/09/26 03:32:27.663, 525 MHz, 10.27 W, 56, 31 %, 0x0000000000000001
2026/09/26 03:32:28.663, 525 MHz, 10.30 W, 56, 44 %, 0x0000000000000001
2026/09/26 03:32:29.667, 540 MHz, 10.31 W, 55, 42 %, 0x0000000000000001
2026/09/26 03:32:30.678, 585 MHz, 10.35 W, 55, 41 %, 0x0000000000000001
2026/09/26 03:32:31.690, 585 MHz, 10.27 W, 55, 33 %, 0x0000000000000001
2026/09/26 03:32:32.695, 510 MHz, 10.49 W, 55, 30 %, 0x0000000000000001
2026/09/26 03:32:33.709, 510 MHz, 9.94 W, 55, 31 %, 0x0000000000000001
2026/09/26 03:32:34.710, 675 MHz, 10.51 W, 55, 22 %, 0x0000000000000001
2026/09/26 03:32:35.719, 675 MHz, 10.50 W, 55, 26 %, 0x0000000000000001
2026/09/26 03:32:36.719, 585 MHz, 10.41 W, 55, 28 %, 0x0000000000000001
2026/09/26 03:32:37.725, 600 MHz, 10.28 W, 55, 25 %, 0x0000000000000001
2026/09/26 03:32:38.732, 840 MHz, 10.63 W, 55, 32 %, 0x0000000000000001
2026/09/26 03:32:39.739, 840 MHz, 10.52 W, 55, 26 %, 0x0000000000000001
2026/09/26 03:32:40.743, 885 MHz, 10.59 W, 55, 25 %, 0x0000000000000001
2026/09/26 03:32:41.752, 840 MHz, 10.74 W, 55, 33 %, 0x0000000000000001
2026/09/26 03:32:42.754, 945 MHz, 10.80 W, 55, 31 %, 0x0000000000000001
2026/09/26 03:32:43.758, 945 MHz, 10.77 W, 55, 26 %, 0x0000000000000001
2026/09/26 03:32:44.762, 780 MHz, 10.48 W, 55, 36 %, 0x0000000000000001
2026/09/26 03:32:45.769, 690 MHz, 10.41 W, 55, 28 %, 0x0000000000000001
2026/09/26 03:32:46.774, 585 MHz, 10.30 W, 55, 34 %, 0x0000000000000001
2026/09/26 03:32:47.776, 525 MHz, 10.23 W, 55, 24 %, 0x0000000000000001
2026/09/26 03:32:48.777, 585 MHz, 10.25 W, 55, 33 %, 0x0000000000000001
2026/09/26 03:32:49.778, 585 MHz, 10.30 W, 55, 27 %, 0x0000000000000001
2026/09/26 03:32:50.779, 615 MHz, 10.23 W, 55, 37 %, 0x0000000000000001
2026/09/26 03:32:51.781, 615 MHz, 10.34 W, 55, 29 %, 0x0000000000000001
2026/09/26 03:32:52.787, 600 MHz, 10.29 W, 55, 40 %, 0x0000000000000001
2026/09/26 03:32:53.794, 675 MHz, 10.31 W, 55, 35 %, 0x0000000000000001
2026/09/26 03:32:54.801, 675 MHz, 10.36 W, 55, 37 %, 0x0000000000000001
2026/09/26 03:32:55.804, 570 MHz, 10.29 W, 55, 26 %, 0x0000000000000001
2026/09/26 03:32:56.816, 600 MHz, 10.22 W, 55, 39 %, 0x0000000000000001
2026/09/26 03:32:57.820, 600 MHz, 10.38 W, 55, 27 %, 0x0000000000000001
2026/09/26 03:32:58.827, 675 MHz, 10.35 W, 55, 26 %, 0x0000000000000001
2026/09/26 03:32:59.833, 675 MHz, 10.38 W, 55, 30 %, 0x0000000000000001
2026/09/26 03:33:00.849, 495 MHz, 10.21 W, 55, 25 %, 0x0000000000000001
2026/09/26 03:33:01.855, 465 MHz, 10.18 W, 55, 33 %, 0x0000000000000001
2026/09/26 03:33:02.867, 510 MHz, 10.18 W, 55, 42 %, 0x0000000000000001
2026/09/26 03:33:03.873, 600 MHz, 10.26 W, 55, 49 %, 0x0000000000000001
2026/09/26 03:33:04.879, 600 MHz, 10.29 W, 55, 36 %, 0x0000000000000001
2026/09/26 03:33:05.894, 540 MHz, 10.32 W, 55, 32 %, 0x0000000000000001
2026/09/26 03:33:06.896, 540 MHz, 10.37 W, 55, 42 %, 0x0000000000000001
2026/09/26 03:33:07.910, 555 MHz, 10.28 W, 55, 23 %, 0x0000000000000001
2026/09/26 03:33:08.911, 495 MHz, 10.22 W, 55, 23 %, 0x0000000000000001
2026/09/26 03:33:09.926, 495 MHz, 10.21 W, 55, 37 %, 0x0000000000000001
2026/09/26 03:33:10.938, 600 MHz, 10.26 W, 55, 43 %, 0x0000000000000001
2026/09/26 03:33:11.948, 675 MHz, 10.34 W, 55, 36 %, 0x0000000000000001
2026/09/26 03:33:12.954, 675 MHz, 10.32 W, 55, 32 %, 0x0000000000000001
2026/09/26 03:33:13.961, 555 MHz, 10.29 W, 55, 42 %, 0x0000000000000001
2026/09/26 03:33:14.975, 540 MHz, 10.19 W, 55, 27 %, 0x0000000000000001
2026/09/26 03:33:15.983, 510 MHz, 10.17 W, 55, 35 %, 0x0000000000000001
2026/09/26 03:33:16.998, 480 MHz, 10.22 W, 55, 40 %, 0x0000000000000001
2026/09/26 03:33:17.999, 525 MHz, 10.26 W, 55, 28 %, 0x0000000000000001
2026/09/26 03:33:19.009, 540 MHz, 10.22 W, 55, 41 %, 0x0000000000000001
2026/09/26 03:33:20.019, 540 MHz, 10.15 W, 55, 24 %, 0x0000000000000001
2026/09/26 03:33:21.023, 525 MHz, 10.41 W, 55, 51 %, 0x0000000000000001
2026/09/26 03:33:22.031, 645 MHz, 10.32 W, 55, 24 %, 0x0000000000000001
2026/09/26 03:33:23.035, 570 MHz, 10.34 W, 55, 36 %, 0x0000000000000001
2026/09/26 03:33:24.039, 570 MHz, 10.26 W, 55, 37 %, 0x0000000000000001
2026/09/26 03:33:25.044, 570 MHz, 10.23 W, 55, 27 %, 0x0000000000000001
2026/09/26 03:33:26.050, 570 MHz, 10.31 W, 55, 46 %, 0x0000000000000001
2026/09/26 03:33:27.065, 600 MHz, 10.26 W, 55, 42 %, 0x0000000000000001
2026/09/26 03:33:28.069, 540 MHz, 10.23 W, 55, 29 %, 0x0000000000000001
2026/09/26 03:33:29.071, 495 MHz, 10.24 W, 55, 33 %, 0x0000000000000001
2026/09/26 03:33:30.078, 465 MHz, 10.50 W, 55, 49 %, 0x0000000000000001
2026/09/26 03:33:31.081, 495 MHz, 10.22 W, 55, 34 %, 0x0000000000000001
2026/09/26 03:33:32.083, 615 MHz, 10.24 W, 55, 23 %, 0x0000000000000001
2026/09/26 03:33:33.093, 615 MHz, 10.25 W, 55, 29 %, 0x0000000000000001
2026/09/26 03:33:34.104, 480 MHz, 10.25 W, 55, 40 %, 0x0000000000000001
2026/09/26 03:33:35.112, 570 MHz, 10.25 W, 55, 32 %, 0x0000000000000001
2026/09/26 03:33:36.117, 600 MHz, 10.23 W, 55, 24 %, 0x0000000000000001
2026/09/26 03:33:37.118, 645 MHz, 10.30 W, 55, 30 %, 0x0000000000000001
2026/09/26 03:33:38.120, 645 MHz, 10.42 W, 55, 42 %, 0x0000000000000001
2026/09/26 03:33:39.128, 825 MHz, 10.52 W, 55, 22 %, 0x0000000000000001
2026/09/26 03:33:40.131, 825 MHz, 10.55 W, 55, 20 %, 0x0000000000000001
2026/09/26 03:33:41.141, 615 MHz, 10.22 W, 55, 27 %, 0x0000000000000001
2026/09/26 03:33:42.153, 555 MHz, 10.30 W, 55, 29 %, 0x0000000000000001
2026/09/26 03:33:43.161, 555 MHz, 10.25 W, 55, 34 %, 0x0000000000000001
2026/09/26 03:33:44.164, 555 MHz, 10.29 W, 55, 27 %, 0x0000000000000001
2026/09/26 03:33:45.175, 690 MHz, 10.32 W, 55, 23 %, 0x0000000000000001
2026/09/26 03:33:46.181, 690 MHz, 10.40 W, 55, 39 %, 0x0000000000000001
2026/09/26 03:33:47.190, 1020 MHz, 10.72 W, 55, 31 %, 0x0000000000000001
2026/09/26 03:33:48.200, 1020 MHz, 10.78 W, 55, 37 %, 0x0000000000000001
2026/09/26 03:33:49.203, 885 MHz, 10.57 W, 55, 40 %, 0x0000000000000001
2026/09/26 03:33:50.204, 975 MHz, 10.80 W, 55, 31 %, 0x0000000000000001
2026/09/26 03:33:51.206, 975 MHz, 10.75 W, 55, 23 %, 0x0000000000000001
2026/09/26 03:33:52.210, 750 MHz, 10.49 W, 55, 30 %, 0x0000000000000001
2026/09/26 03:33:53.223, 675 MHz, 10.37 W, 55, 15 %, 0x0000000000000001
2026/09/26 03:33:54.227, 555 MHz, 10.36 W, 55, 26 %, 0x0000000000000001
2026/09/26 03:33:55.241, 570 MHz, 10.28 W, 55, 22 %, 0x0000000000000001
2026/09/26 03:33:56.243, 570 MHz, 10.34 W, 55, 40 %, 0x0000000000000001
2026/09/26 03:33:57.259, 525 MHz, 10.29 W, 55, 39 %, 0x0000000000000001
2026/09/26 03:33:58.263, 540 MHz, 10.28 W, 55, 31 %, 0x0000000000000001
2026/09/26 03:33:59.270, 630 MHz, 10.36 W, 55, 32 %, 0x0000000000000001
2026/09/26 03:34:00.272, 645 MHz, 10.53 W, 55, 34 %, 0x0000000000000001
2026/09/26 03:34:01.282, 615 MHz, 10.37 W, 55, 29 %, 0x0000000000000001
2026/09/26 03:34:02.287, 510 MHz, 10.19 W, 55, 24 %, 0x0000000000000001
2026/09/26 03:34:03.296, 450 MHz, 10.35 W, 55, 38 %, 0x0000000000000001
2026/09/26 03:34:04.308, 585 MHz, 10.32 W, 55, 30 %, 0x0000000000000001
2026/09/26 03:34:05.322, 585 MHz, 10.35 W, 55, 24 %, 0x0000000000000001
2026/09/26 03:34:06.338, 405 MHz, 7.84 W, 55, 42 %, 0x0000000000000001
2026/09/26 03:34:07.353, 555 MHz, 8.73 W, 55, 43 %, 0x0000000000000001
2026/09/26 03:34:08.364, 555 MHz, 10.40 W, 55, 47 %, 0x0000000000000001
2026/09/26 03:34:09.371, 705 MHz, 10.36 W, 55, 32 %, 0x0000000000000001
2026/09/26 03:34:10.381, 705 MHz, 10.41 W, 55, 28 %, 0x0000000000000001
2026/09/26 03:34:11.391, 690 MHz, 10.38 W, 55, 36 %, 0x0000000000000001
2026/09/26 03:34:12.405, 705 MHz, 10.59 W, 55, 25 %, 0x0000000000000001
2026/09/26 03:34:13.410, 705 MHz, 10.41 W, 55, 28 %, 0x0000000000000001
2026/09/26 03:34:14.413, 465 MHz, 10.21 W, 55, 33 %, 0x0000000000000001
2026/09/26 03:34:15.415, 435 MHz, 10.33 W, 55, 29 %, 0x0000000000000001
2026/09/26 03:34:16.420, 555 MHz, 10.28 W, 55, 22 %, 0x0000000000000001
2026/09/26 03:34:17.428, 660 MHz, 10.56 W, 56, 26 %, 0x0000000000000001
2026/09/26 03:34:18.443, 660 MHz, 10.47 W, 56, 31 %, 0x0000000000000001
2026/09/26 03:34:19.460, 525 MHz, 10.30 W, 56, 36 %, 0x0000000000000001
2026/09/26 03:34:20.471, 705 MHz, 10.44 W, 56, 30 %, 0x0000000000000001
2026/09/26 03:34:21.481, 705 MHz, 10.58 W, 56, 29 %, 0x0000000000000001
2026/09/26 03:34:22.488, 630 MHz, 10.41 W, 56, 39 %, 0x0000000000000001
2026/09/26 03:34:23.499, 585 MHz, 10.29 W, 55, 26 %, 0x0000000000000001
2026/09/26 03:34:24.504, 465 MHz, 10.24 W, 55, 29 %, 0x0000000000000001
2026/09/26 03:34:25.513, 420 MHz, 10.22 W, 56, 42 %, 0x0000000000000001
2026/09/26 03:34:26.515, 390 MHz, 8.00 W, 55, 45 %, 0x0000000000000001
2026/09/26 03:34:27.526, 510 MHz, 10.23 W, 56, 34 %, 0x0000000000000001
2026/09/26 03:34:28.538, 510 MHz, 10.26 W, 56, 30 %, 0x0000000000000001
2026/09/26 03:34:29.549, 465 MHz, 10.59 W, 56, 51 %, 0x0000000000000001
2026/09/26 03:34:30.565, 600 MHz, 10.37 W, 56, 34 %, 0x0000000000000001
2026/09/26 03:34:31.578, 765 MHz, 10.48 W, 56, 35 %, 0x0000000000000001
2026/09/26 03:34:32.591, 765 MHz, 10.44 W, 55, 31 %, 0x0000000000000001
2026/09/26 03:34:33.602, 930 MHz, 10.65 W, 55, 22 %, 0x0000000000000001
2026/09/26 03:34:34.607, 930 MHz, 10.62 W, 55, 23 %, 0x0000000000000001
2026/09/26 03:34:35.622, 600 MHz, 10.68 W, 55, 43 %, 0x0000000000000001
2026/09/26 03:34:36.623, 510 MHz, 10.22 W, 55, 19 %, 0x0000000000000001
2026/09/26 03:34:37.631, 450 MHz, 10.35 W, 55, 28 %, 0x0000000000000001
2026/09/26 03:34:38.646, 390 MHz, 7.93 W, 55, 35 %, 0x0000000000000001
2026/09/26 03:34:39.650, 345 MHz, 7.81 W, 56, 39 %, 0x0000000000000001
2026/09/26 03:34:40.662, 360 MHz, 7.92 W, 56, 38 %, 0x0000000000000001
2026/09/26 03:34:41.672, 495 MHz, 10.30 W, 56, 28 %, 0x0000000000000001
2026/09/26 03:34:42.681, 495 MHz, 10.32 W, 56, 29 %, 0x0000000000000001
2026/09/26 03:34:43.681, 420 MHz, 10.24 W, 56, 31 %, 0x0000000000000001
2026/09/26 03:34:44.691, 450 MHz, 10.26 W, 56, 41 %, 0x0000000000000001
2026/09/26 03:34:45.695, 495 MHz, 10.38 W, 56, 38 %, 0x0000000000000001
2026/09/26 03:34:46.697, 630 MHz, 10.39 W, 56, 18 %, 0x0000000000000001
2026/09/26 03:34:47.699, 630 MHz, 10.37 W, 56, 24 %, 0x0000000000000001
2026/09/26 03:34:48.707, 540 MHz, 10.31 W, 56, 26 %, 0x0000000000000001
2026/09/26 03:34:49.711, 525 MHz, 10.32 W, 56, 45 %, 0x0000000000000001
2026/09/26 03:34:50.717, 540 MHz, 10.44 W, 56, 32 %, 0x0000000000000001
2026/09/26 03:34:51.723, 630 MHz, 10.44 W, 56, 38 %, 0x0000000000000001
2026/09/26 03:34:52.733, 630 MHz, 10.30 W, 56, 23 %, 0x0000000000000001
2026/09/26 03:34:53.743, 630 MHz, 10.40 W, 56, 37 %, 0x0000000000000001
2026/09/26 03:34:54.750, 675 MHz, 10.89 W, 56, 44 %, 0x0000000000000001
2026/09/26 03:34:55.764, 675 MHz, 10.41 W, 56, 26 %, 0x0000000000000001
2026/09/26 03:34:56.774, 540 MHz, 10.27 W, 56, 33 %, 0x0000000000000001
2026/09/26 03:34:57.789, 495 MHz, 10.26 W, 56, 36 %, 0x0000000000000001
2026/09/26 03:34:58.790, 480 MHz, 10.33 W, 56, 36 %, 0x0000000000000001
2026/09/26 03:34:59.796, 600 MHz, 10.42 W, 56, 26 %, 0x0000000000000001
2026/09/26 03:35:00.803, 600 MHz, 10.34 W, 56, 26 %, 0x0000000000000001
2026/09/26 03:35:01.804, 585 MHz, 10.39 W, 56, 29 %, 0x0000000000000001
2026/09/26 03:35:02.809, 660 MHz, 10.46 W, 56, 32 %, 0x0000000000000001
2026/09/26 03:35:03.813, 690 MHz, 10.81 W, 56, 53 %, 0x0000000000000001
2026/09/26 03:35:04.821, 750 MHz, 10.62 W, 56, 37 %, 0x0000000000000001
2026/09/26 03:35:05.825, 660 MHz, 10.47 W, 56, 39 %, 0x0000000000000001
2026/09/26 03:35:06.836, 720 MHz, 10.51 W, 56, 38 %, 0x0000000000000001
2026/09/26 03:35:07.851, 810 MHz, 10.58 W, 56, 31 %, 0x0000000000000001
2026/09/26 03:35:08.863, 810 MHz, 10.55 W, 56, 22 %, 0x0000000000000001
2026/09/26 03:35:09.866, 645 MHz, 10.44 W, 56, 33 %, 0x0000000000000001
2026/09/26 03:35:10.869, 570 MHz, 10.32 W, 56, 19 %, 0x0000000000000001
2026/09/26 03:35:11.880, 495 MHz, 10.37 W, 56, 31 %, 0x0000000000000001
2026/09/26 03:35:12.887, 435 MHz, 10.16 W, 56, 20 %, 0x0000000000000001
2026/09/26 03:35:13.888, 405 MHz, 8.02 W, 56, 47 %, 0x0000000000000001
2026/09/26 03:35:14.902, 405 MHz, 7.91 W, 56, 35 %, 0x0000000000000001
2026/09/26 03:35:15.916, 465 MHz, 10.33 W, 56, 41 %, 0x0000000000000001
2026/09/26 03:35:16.918, 720 MHz, 10.37 W, 56, 47 %, 0x0000000000000001
2026/09/26 03:35:17.932, 720 MHz, 10.48 W, 56, 24 %, 0x0000000000000001
2026/09/26 03:35:18.941, 615 MHz, 10.36 W, 56, 25 %, 0x0000000000000001
2026/09/26 03:35:19.953, 525 MHz, 10.36 W, 56, 37 %, 0x0000000000000001
2026/09/26 03:35:20.967, 540 MHz, 10.38 W, 56, 34 %, 0x0000000000000001
2026/09/26 03:35:21.969, 705 MHz, 10.48 W, 56, 24 %, 0x0000000000000001
2026/09/26 03:35:22.977, 675 MHz, 10.44 W, 56, 27 %, 0x0000000000000001
2026/09/26 03:35:23.985, 585 MHz, 10.31 W, 56, 31 %, 0x0000000000000001
2026/09/26 03:35:24.995, 675 MHz, 10.48 W, 56, 41 %, 0x0000000000000001
2026/09/26 03:35:25.999, 720 MHz, 10.43 W, 56, 30 %, 0x0000000000000001
2026/09/26 03:35:27.008, 720 MHz, 10.39 W, 56, 40 %, 0x0000000000000001
2026/09/26 03:35:28.021, 675 MHz, 10.39 W, 56, 33 %, 0x0000000000000001
2026/09/26 03:35:29.022, 630 MHz, 10.40 W, 56, 45 %, 0x0000000000000001
2026/09/26 03:35:30.037, 720 MHz, 10.42 W, 56, 34 %, 0x0000000000000001
2026/09/26 03:35:31.049, 585 MHz, 10.45 W, 56, 36 %, 0x0000000000000001
2026/09/26 03:35:32.049, 570 MHz, 10.37 W, 55, 37 %, 0x0000000000000001
2026/09/26 03:35:33.059, 660 MHz, 10.49 W, 55, 37 %, 0x0000000000000001
2026/09/26 03:35:34.068, 660 MHz, 10.41 W, 55, 26 %, 0x0000000000000001
2026/09/26 03:35:35.083, 540 MHz, 10.28 W, 55, 35 %, 0x0000000000000001
2026/09/26 03:35:36.088, 570 MHz, 10.38 W, 55, 45 %, 0x0000000000000001
2026/09/26 03:35:37.089, 570 MHz, 10.32 W, 55, 35 %, 0x0000000000000001
2026/09/26 03:35:38.092, 750 MHz, 10.43 W, 55, 36 %, 0x0000000000000001
2026/09/26 03:35:39.107, 750 MHz, 10.47 W, 55, 34 %, 0x0000000000000001
2026/09/26 03:35:40.118, 720 MHz, 10.39 W, 55, 30 %, 0x0000000000000001
2026/09/26 03:35:41.119, 720 MHz, 10.57 W, 55, 31 %, 0x0000000000000001
2026/09/26 03:35:42.133, 615 MHz, 10.31 W, 55, 25 %, 0x0000000000000001
2026/09/26 03:35:43.133, 585 MHz, 10.32 W, 55, 30 %, 0x0000000000000001
2026/09/26 03:35:44.136, 645 MHz, 10.36 W, 55, 32 %, 0x0000000000000001
2026/09/26 03:35:45.146, 645 MHz, 10.39 W, 55, 34 %, 0x0000000000000001
2026/09/26 03:35:46.152, 690 MHz, 10.60 W, 55, 53 %, 0x0000000000000001
2026/09/26 03:35:47.170, 690 MHz, 10.35 W, 55, 29 %, 0x0000000000000001
2026/09/26 03:35:48.183, 615 MHz, 10.43 W, 55, 36 %, 0x0000000000000001
2026/09/26 03:35:49.184, 570 MHz, 10.31 W, 55, 39 %, 0x0000000000000001
2026/09/26 03:35:50.189, 855 MHz, 10.53 W, 55, 40 %, 0x0000000000000001
2026/09/26 03:35:51.193, 855 MHz, 10.52 W, 55, 30 %, 0x0000000000000001
2026/09/26 03:35:52.194, 840 MHz, 10.49 W, 55, 44 %, 0x0000000000000001
2026/09/26 03:35:53.195, 840 MHz, 10.67 W, 55, 34 %, 0x0000000000000001
2026/09/26 03:35:54.206, 855 MHz, 10.60 W, 55, 32 %, 0x0000000000000001
2026/09/26 03:35:55.218, 855 MHz, 10.56 W, 55, 38 %, 0x0000000000000001
2026/09/26 03:35:56.223, 870 MHz, 10.60 W, 55, 20 %, 0x0000000000000001
2026/09/26 03:35:57.238, 795 MHz, 10.73 W, 55, 38 %, 0x0000000000000001
2026/09/26 03:35:58.248, 795 MHz, 10.50 W, 55, 27 %, 0x0000000000000001
2026/09/26 03:35:59.252, 795 MHz, 10.44 W, 55, 30 %, 0x0000000000000001
2026/09/26 03:36:00.262, 735 MHz, 10.41 W, 55, 28 %, 0x0000000000000001
2026/09/26 03:36:01.267, 735 MHz, 10.55 W, 55, 40 %, 0x0000000000000001
2026/09/26 03:36:02.273, 885 MHz, 10.49 W, 55, 25 %, 0x0000000000000001
2026/09/26 03:36:03.284, 885 MHz, 10.54 W, 55, 25 %, 0x0000000000000001
2026/09/26 03:36:04.297, 855 MHz, 10.58 W, 55, 24 %, 0x0000000000000001
2026/09/26 03:36:05.312, 855 MHz, 10.64 W, 55, 32 %, 0x0000000000000001
2026/09/26 03:36:06.327, 690 MHz, 10.40 W, 55, 15 %, 0x0000000000000001
2026/09/26 03:36:07.341, 555 MHz, 10.34 W, 55, 24 %, 0x0000000000000001
2026/09/26 03:36:08.354, 465 MHz, 10.25 W, 55, 29 %, 0x0000000000000001
2026/09/26 03:36:09.357, 435 MHz, 10.19 W, 55, 33 %, 0x0000000000000001
2026/09/26 03:36:10.359, 435 MHz, 10.25 W, 55, 33 %, 0x0000000000000001
2026/09/26 03:36:11.364, 810 MHz, 10.51 W, 55, 38 %, 0x0000000000000001
2026/09/26 03:36:12.380, 810 MHz, 10.49 W, 56, 29 %, 0x0000000000000001
2026/09/26 03:36:13.386, 705 MHz, 10.49 W, 55, 33 %, 0x0000000000000001
2026/09/26 03:36:14.391, 705 MHz, 10.49 W, 55, 39 %, 0x0000000000000001
2026/09/26 03:36:15.405, 765 MHz, 10.46 W, 55, 36 %, 0x0000000000000001
2026/09/26 03:36:16.420, 765 MHz, 10.50 W, 55, 32 %, 0x0000000000000001
2026/09/26 03:36:17.421, 600 MHz, 10.50 W, 55, 35 %, 0x0000000000000001
2026/09/26 03:36:18.422, 525 MHz, 10.30 W, 55, 34 %, 0x0000000000000001
2026/09/26 03:36:19.432, 810 MHz, 10.52 W, 55, 25 %, 0x0000000000000001
2026/09/26 03:36:20.444, 810 MHz, 10.52 W, 56, 33 %, 0x0000000000000001
2026/09/26 03:36:21.459, 645 MHz, 10.33 W, 55, 25 %, 0x0000000000000001
2026/09/26 03:36:22.469, 780 MHz, 10.60 W, 55, 32 %, 0x0000000000000001
2026/09/26 03:36:23.470, 780 MHz, 10.51 W, 55, 38 %, 0x0000000000000001
2026/09/26 03:36:24.482, 750 MHz, 10.41 W, 55, 31 %, 0x0000000000000001
2026/09/26 03:36:25.497, 690 MHz, 10.46 W, 55, 32 %, 0x0000000000000001
2026/09/26 03:36:26.513, 615 MHz, 10.75 W, 55, 49 %, 0x0000000000000001
2026/09/26 03:36:27.517, 660 MHz, 10.39 W, 55, 29 %, 0x0000000000000001
2026/09/26 03:36:28.523, 525 MHz, 10.21 W, 55, 13 %, 0x0000000000000001
2026/09/26 03:36:29.526, 450 MHz, 10.21 W, 55, 26 %, 0x0000000000000001
2026/09/26 03:36:30.529, 390 MHz, 9.15 W, 55, 30 %, 0x0000000000000001
2026/09/26 03:36:31.542, 465 MHz, 9.67 W, 56, 40 %, 0x0000000000000001
2026/09/26 03:36:32.552, 465 MHz, 10.31 W, 56, 36 %, 0x0000000000000001
2026/09/26 03:36:33.564, 420 MHz, 10.21 W, 56, 38 %, 0x0000000000000001
2026/09/26 03:36:34.572, 570 MHz, 10.36 W, 56, 37 %, 0x0000000000000001
2026/09/26 03:36:35.575, 570 MHz, 10.34 W, 56, 32 %, 0x0000000000000001
2026/09/26 03:36:36.585, 540 MHz, 10.35 W, 55, 43 %, 0x0000000000000001
2026/09/26 03:36:37.596, 570 MHz, 10.38 W, 55, 24 %, 0x0000000000000001
2026/09/26 03:36:38.600, 480 MHz, 10.36 W, 55, 33 %, 0x0000000000000001
2026/09/26 03:36:39.602, 555 MHz, 10.36 W, 56, 48 %, 0x0000000000000001
2026/09/26 03:36:40.613, 555 MHz, 10.36 W, 56, 31 %, 0x0000000000000001
2026/09/26 03:36:41.628, 495 MHz, 10.40 W, 56, 52 %, 0x0000000000000001
2026/09/26 03:36:42.631, 600 MHz, 10.35 W, 56, 16 %, 0x0000000000000001
2026/09/26 03:36:43.639, 495 MHz, 10.39 W, 56, 28 %, 0x0000000000000001
2026/09/26 03:36:44.647, 450 MHz, 10.31 W, 56, 31 %, 0x0000000000000001
2026/09/26 03:36:45.648, 465 MHz, 10.30 W, 56, 34 %, 0x0000000000000001
2026/09/26 03:36:46.656, 525 MHz, 10.34 W, 56, 39 %, 0x0000000000000001
2026/09/26 03:36:47.667, 525 MHz, 10.32 W, 56, 32 %, 0x0000000000000001
2026/09/26 03:36:48.677, 435 MHz, 10.27 W, 56, 29 %, 0x0000000000000001
2026/09/26 03:36:49.688, 450 MHz, 10.21 W, 56, 37 %, 0x0000000000000001
2026/09/26 03:36:50.696, 450 MHz, 10.34 W, 56, 29 %, 0x0000000000000001
2026/09/26 03:36:51.698, 420 MHz, 8.77 W, 56, 34 %, 0x0000000000000001
2026/09/26 03:36:52.704, 420 MHz, 9.83 W, 56, 0 %, 0x0000000000000001
2026/09/26 03:36:53.717, 1530 MHz, 18.04 W, 55, 0 %, 0x0000000000000024
2026/09/26 03:36:55.215, 1530 MHz, 365.89 W, 55, 0 %, 0x0000000000000024
2026/09/26 03:36:56.709, 1530 MHz, 15.82 W, 55, 0 %, 0x0000000000000024
2026/09/26 03:36:58.207, 1530 MHz, 365.89 W, 55, 0 %, 0x0000000000000024
2026/09/26 03:36:59.699, 1530 MHz, 17.97 W, 55, 0 %, 0x0000000000000024
2026/09/26 03:37:01.210, 1530 MHz, 15.72 W, 55, 0 %, 0x0000000000000024
2026/09/26 03:37:02.614, 1530 MHz, 18.09 W, 55, 0 %, 0x0000000000000024
2026/09/26 03:37:04.030, 1530 MHz, 17.98 W, 55, 0 %, 0x0000000000000024
2026/09/26 03:37:05.523, 1530 MHz, 365.89 W, 55, 0 %, 0x0000000000000024
2026/09/26 03:37:07.019, 1530 MHz, 365.89 W, 55, 0 %, 0x0000000000000024
2026/09/26 03:37:08.512, 1530 MHz, 365.89 W, 55, 0 %, 0x0000000000000024
2026/09/26 03:37:09.997, 1530 MHz, 17.95 W, 55, 0 %, 0x0000000000000024
2026/09/26 03:37:11.397, 1530 MHz, 365.89 W, 55, 0 %, 0x0000000000000024
2026/09/26 03:37:12.472, 1530 MHz, 365.89 W, 55, 0 %, 0x0000000000000024
2026/09/26 03:37:13.551, 1530 MHz, 17.98 W, 55, 0 %, 0x0000000000000024
2026/09/26 03:37:15.060, 1530 MHz, 15.86 W, 55, 0 %, 0x0000000000000024
2026/09/26 03:37:16.579, 1530 MHz, 18.00 W, 55, 0 %, 0x0000000000000024
2026/09/26 03:37:18.095, 1530 MHz, 17.93 W, 55, 0 %, 0x0000000000000024
2026/09/26 03:37:19.591, 1530 MHz, 18.00 W, 55, 0 %, 0x0000000000000024
2026/09/26 03:37:21.086, 1530 MHz, 18.03 W, 55, 0 %, 0x0000000000000024
2026/09/26 03:37:22.589, 1530 MHz, 16.80 W, 55, 0 %, 0x0000000000000024
2026/09/26 03:37:24.105, 1530 MHz, 17.99 W, 55, 0 %, 0x0000000000000024
2026/09/26 03:37:25.297, 1530 MHz, 16.90 W, 55, 0 %, 0x0000000000000024
2026/09/26 03:37:26.436, 1530 MHz, 17.73 W, 55, 0 %, 0x0000000000000024
2026/09/26 03:37:27.939, 1530 MHz, 365.89 W, 55, 0 %, 0x0000000000000024
2026/09/26 03:37:29.435, 1530 MHz, 365.89 W, 55, 0 %, 0x0000000000000024
2026/09/26 03:37:30.932, 1530 MHz, 365.89 W, 55, 0 %, 0x0000000000000024
2026/09/26 03:37:32.440, 1530 MHz, 18.02 W, 55, 0 %, 0x0000000000000024
2026/09/26 03:37:33.688, 1530 MHz, 17.98 W, 55, 0 %, 0x0000000000000024
2026/09/26 03:37:34.749, 1530 MHz, 17.97 W, 55, 0 %, 0x0000000000000024
2026/09/26 03:37:35.938, 1530 MHz, 18.01 W, 55, 0 %, 0x0000000000000024
2026/09/26 03:37:37.449, 1530 MHz, 15.78 W, 55, 0 %, 0x0000000000000024
2026/09/26 03:37:38.971, 1530 MHz, 365.89 W, 55, 0 %, 0x0000000000000024
2026/09/26 03:37:40.459, 1530 MHz, 365.89 W, 55, 0 %, 0x0000000000000024
2026/09/26 03:37:41.966, 1530 MHz, 365.89 W, 55, 0 %, 0x0000000000000024
2026/09/26 03:37:43.453, 1530 MHz, 17.95 W, 55, 0 %, 0x0000000000000024
2026/09/26 03:37:44.950, 1530 MHz, 14.33 W, 55, 0 %, 0x0000000000000024
2026/09/26 03:37:45.962, 1530 MHz, 14.00 W, 55, 0 %, 0x0000000000000024
2026/09/26 03:37:46.963, 1530 MHz, 13.87 W, 55, 4 %, 0x0000000000000001
2026/09/26 03:37:47.972, 1815 MHz, 43.78 W, 60, 85 %, 0x0000000000000004
2026/09/26 03:37:48.984, 1350 MHz, 42.41 W, 60, 92 %, 0x0000000000000004
2026/09/26 03:37:49.990, 1995 MHz, 47.02 W, 61, 73 %, 0x0000000000000004
2026/09/26 03:37:50.993, 1530 MHz, 47.01 W, 62, 91 %, 0x0000000000000004
2026/09/26 03:37:52.000, 1935 MHz, 34.79 W, 62, 33 %, 0x0000000000000000
2026/09/26 03:37:53.004, 1995 MHz, 25.46 W, 60, 22 %, 0x0000000000000000
2026/09/26 03:37:54.007, 1995 MHz, 18.23 W, 58, 8 %, 0x0000000000000000
2026/09/26 03:37:55.020, 915 MHz, 12.47 W, 57, 16 %, 0x0000000000000001
2026/09/26 03:37:56.034, 720 MHz, 12.36 W, 57, 30 %, 0x0000000000000001
2026/09/26 03:37:57.036, 630 MHz, 12.05 W, 56, 14 %, 0x0000000000000001
2026/09/26 03:37:58.044, 510 MHz, 10.53 W, 56, 39 %, 0x0000000000000001
2026/09/26 03:37:59.056, 675 MHz, 10.63 W, 56, 30 %, 0x0000000000000001
2026/09/26 03:38:00.066, 675 MHz, 10.47 W, 56, 37 %, 0x0000000000000001
2026/09/26 03:38:01.075, 675 MHz, 10.42 W, 56, 32 %, 0x0000000000000001
2026/09/26 03:38:02.078, 675 MHz, 10.47 W, 56, 40 %, 0x0000000000000001
2026/09/26 03:38:03.085, 690 MHz, 10.38 W, 56, 27 %, 0x0000000000000001
2026/09/26 03:38:04.094, 690 MHz, 10.45 W, 56, 36 %, 0x0000000000000001
2026/09/26 03:38:05.096, 570 MHz, 10.29 W, 56, 30 %, 0x0000000000000001
2026/09/26 03:38:06.108, 630 MHz, 10.41 W, 56, 28 %, 0x0000000000000001
2026/09/26 03:38:07.120, 630 MHz, 10.35 W, 56, 38 %, 0x0000000000000001
2026/09/26 03:38:08.129, 690 MHz, 10.44 W, 56, 33 %, 0x0000000000000001
2026/09/26 03:38:09.142, 690 MHz, 10.48 W, 56, 30 %, 0x0000000000000001
2026/09/26 03:38:10.148, 615 MHz, 10.48 W, 56, 37 %, 0x0000000000000001
2026/09/26 03:38:11.150, 630 MHz, 10.43 W, 56, 48 %, 0x0000000000000001
2026/09/26 03:38:12.156, 690 MHz, 10.46 W, 56, 42 %, 0x0000000000000001
2026/09/26 03:38:13.164, 750 MHz, 10.45 W, 55, 30 %, 0x0000000000000001
2026/09/26 03:38:14.175, 825 MHz, 10.53 W, 55, 29 %, 0x0000000000000001
2026/09/26 03:38:15.182, 825 MHz, 10.55 W, 55, 36 %, 0x0000000000000001
2026/09/26 03:38:16.185, 765 MHz, 10.42 W, 55, 31 %, 0x0000000000000001
2026/09/26 03:38:17.190, 705 MHz, 10.58 W, 55, 22 %, 0x0000000000000001
2026/09/26 03:38:18.203, 630 MHz, 10.36 W, 55, 40 %, 0x0000000000000001
2026/09/26 03:38:19.210, 645 MHz, 10.36 W, 55, 40 %, 0x0000000000000001
2026/09/26 03:38:20.219, 645 MHz, 10.44 W, 55, 26 %, 0x0000000000000001
2026/09/26 03:38:21.220, 645 MHz, 10.39 W, 55, 34 %, 0x0000000000000001
2026/09/26 03:38:22.227, 585 MHz, 10.33 W, 55, 35 %, 0x0000000000000001
2026/09/26 03:38:23.234, 600 MHz, 10.36 W, 55, 43 %, 0x0000000000000001
2026/09/26 03:38:24.238, 645 MHz, 10.34 W, 55, 30 %, 0x0000000000000001
2026/09/26 03:38:25.248, 660 MHz, 10.39 W, 55, 34 %, 0x0000000000000001
2026/09/26 03:38:26.258, 660 MHz, 10.38 W, 55, 41 %, 0x0000000000000001
2026/09/26 03:38:27.262, 690 MHz, 10.38 W, 55, 35 %, 0x0000000000000001
2026/09/26 03:38:28.265, 645 MHz, 10.42 W, 55, 24 %, 0x0000000000000001
2026/09/26 03:38:29.270, 585 MHz, 10.31 W, 55, 29 %, 0x0000000000000001
2026/09/26 03:38:30.282, 690 MHz, 10.43 W, 55, 33 %, 0x0000000000000001
2026/09/26 03:38:31.282, 690 MHz, 10.42 W, 55, 27 %, 0x0000000000000001
2026/09/26 03:38:32.291, 885 MHz, 10.57 W, 55, 20 %, 0x0000000000000001
2026/09/26 03:38:33.296, 885 MHz, 10.66 W, 55, 26 %, 0x0000000000000001
2026/09/26 03:38:34.305, 735 MHz, 10.51 W, 55, 35 %, 0x0000000000000001
2026/09/26 03:38:35.320, 690 MHz, 10.34 W, 55, 44 %, 0x0000000000000001
2026/09/26 03:38:36.334, 720 MHz, 10.51 W, 55, 42 %, 0x0000000000000001
2026/09/26 03:38:37.337, 780 MHz, 10.47 W, 55, 29 %, 0x0000000000000001
2026/09/26 03:38:38.338, 870 MHz, 10.58 W, 55, 36 %, 0x0000000000000001
2026/09/26 03:38:39.346, 915 MHz, 10.62 W, 55, 29 %, 0x0000000000000001
2026/09/26 03:38:40.360, 915 MHz, 10.69 W, 55, 25 %, 0x0000000000000001
2026/09/26 03:38:41.374, 765 MHz, 10.50 W, 55, 37 %, 0x0000000000000001
2026/09/26 03:38:42.384, 705 MHz, 10.46 W, 55, 28 %, 0x0000000000000001
2026/09/26 03:38:43.387, 690 MHz, 10.42 W, 55, 36 %, 0x0000000000000001
2026/09/26 03:38:44.397, 690 MHz, 10.53 W, 55, 43 %, 0x0000000000000001
2026/09/26 03:38:45.401, 660 MHz, 10.41 W, 55, 41 %, 0x0000000000000001
2026/09/26 03:38:46.405, 675 MHz, 10.41 W, 55, 41 %, 0x0000000000000001
2026/09/26 03:38:47.418, 660 MHz, 10.40 W, 55, 35 %, 0x0000000000000001
2026/09/26 03:38:48.426, 645 MHz, 10.37 W, 55, 44 %, 0x0000000000000001
2026/09/26 03:38:49.431, 675 MHz, 10.40 W, 55, 46 %, 0x0000000000000001
2026/09/26 03:38:50.442, 720 MHz, 10.43 W, 55, 31 %, 0x0000000000000001
2026/09/26 03:38:51.455, 720 MHz, 10.47 W, 55, 26 %, 0x0000000000000001
2026/09/26 03:38:52.458, 810 MHz, 10.53 W, 55, 28 %, 0x0000000000000001
2026/09/26 03:38:53.460, 810 MHz, 10.52 W, 55, 33 %, 0x0000000000000001
2026/09/26 03:38:54.464, 825 MHz, 10.51 W, 55, 40 %, 0x0000000000000001
2026/09/26 03:38:55.474, 825 MHz, 10.44 W, 55, 42 %, 0x0000000000000001
2026/09/26 03:38:56.484, 795 MHz, 10.47 W, 55, 34 %, 0x0000000000000001
2026/09/26 03:38:57.489, 735 MHz, 10.36 W, 55, 29 %, 0x0000000000000001
2026/09/26 03:38:58.493, 780 MHz, 10.57 W, 55, 46 %, 0x0000000000000001
2026/09/26 03:38:59.499, 825 MHz, 10.63 W, 55, 26 %, 0x0000000000000001
2026/09/26 03:39:00.503, 795 MHz, 10.50 W, 55, 33 %, 0x0000000000000001
2026/09/26 03:39:01.510, 720 MHz, 10.49 W, 55, 40 %, 0x0000000000000001
2026/09/26 03:39:02.516, 960 MHz, 10.81 W, 55, 29 %, 0x0000000000000001
2026/09/26 03:39:03.521, 960 MHz, 10.71 W, 55, 29 %, 0x0000000000000001
2026/09/26 03:39:04.533, 630 MHz, 10.44 W, 55, 31 %, 0x0000000000000001
2026/09/26 03:39:05.547, 570 MHz, 10.33 W, 55, 29 %, 0x0000000000000001
2026/09/26 03:39:06.559, 495 MHz, 10.31 W, 55, 34 %, 0x0000000000000001
2026/09/26 03:39:07.569, 450 MHz, 10.22 W, 55, 29 %, 0x0000000000000001
2026/09/26 03:39:08.581, 420 MHz, 10.30 W, 55, 38 %, 0x0000000000000001
2026/09/26 03:39:09.584, 525 MHz, 10.48 W, 55, 45 %, 0x0000000000000001
2026/09/26 03:39:10.591, 675 MHz, 10.46 W, 55, 30 %, 0x0000000000000001
2026/09/26 03:39:11.599, 735 MHz, 10.46 W, 55, 30 %, 0x0000000000000001
2026/09/26 03:39:12.604, 840 MHz, 10.60 W, 55, 23 %, 0x0000000000000001
2026/09/26 03:39:13.606, 840 MHz, 10.56 W, 55, 31 %, 0x0000000000000001
2026/09/26 03:39:14.617, 720 MHz, 10.58 W, 55, 31 %, 0x0000000000000001
2026/09/26 03:39:15.622, 630 MHz, 10.42 W, 55, 26 %, 0x0000000000000001
2026/09/26 03:39:16.631, 525 MHz, 10.35 W, 55, 32 %, 0x0000000000000001
2026/09/26 03:39:17.643, 450 MHz, 10.22 W, 55, 26 %, 0x0000000000000001
2026/09/26 03:39:18.645, 405 MHz, 8.04 W, 55, 37 %, 0x0000000000000001
2026/09/26 03:39:19.646, 450 MHz, 10.26 W, 56, 35 %, 0x0000000000000001
2026/09/26 03:39:20.659, 480 MHz, 10.39 W, 56, 47 %, 0x0000000000000001
2026/09/26 03:39:21.677, 645 MHz, 10.39 W, 56, 32 %, 0x0000000000000001
2026/09/26 03:39:22.681, 870 MHz, 10.68 W, 56, 43 %, 0x0000000000000001
2026/09/26 03:39:23.690, 870 MHz, 10.65 W, 56, 39 %, 0x0000000000000001
2026/09/26 03:39:24.703, 750 MHz, 10.54 W, 56, 24 %, 0x0000000000000001
2026/09/26 03:39:25.716, 675 MHz, 10.44 W, 56, 21 %, 0x0000000000000001
2026/09/26 03:39:26.723, 840 MHz, 10.74 W, 56, 20 %, 0x0000000000000001
2026/09/26 03:39:27.727, 840 MHz, 10.63 W, 56, 24 %, 0x0000000000000001
2026/09/26 03:39:28.741, 585 MHz, 10.37 W, 56, 30 %, 0x0000000000000001
2026/09/26 03:39:29.751, 540 MHz, 10.37 W, 56, 28 %, 0x0000000000000001
2026/09/26 03:39:30.755, 630 MHz, 10.41 W, 56, 29 %, 0x0000000000000001
2026/09/26 03:39:31.768, 705 MHz, 10.44 W, 56, 37 %, 0x0000000000000001
2026/09/26 03:39:32.776, 765 MHz, 10.51 W, 56, 43 %, 0x0000000000000001
2026/09/26 03:39:33.790, 870 MHz, 10.64 W, 56, 38 %, 0x0000000000000001
2026/09/26 03:39:34.803, 870 MHz, 10.65 W, 56, 29 %, 0x0000000000000001
2026/09/26 03:39:35.815, 675 MHz, 10.44 W, 56, 36 %, 0x0000000000000001
2026/09/26 03:39:36.816, 630 MHz, 10.45 W, 56, 30 %, 0x0000000000000001
2026/09/26 03:39:37.823, 585 MHz, 10.36 W, 56, 23 %, 0x0000000000000001
2026/09/26 03:39:38.838, 525 MHz, 10.32 W, 56, 29 %, 0x0000000000000001
2026/09/26 03:39:39.848, 480 MHz, 10.39 W, 56, 45 %, 0x0000000000000001
2026/09/26 03:39:40.859, 525 MHz, 10.34 W, 56, 40 %, 0x0000000000000001
2026/09/26 03:39:41.864, 525 MHz, 10.43 W, 56, 39 %, 0x0000000000000001
2026/09/26 03:39:42.873, 690 MHz, 10.46 W, 56, 38 %, 0x0000000000000001
2026/09/26 03:39:43.883, 735 MHz, 10.62 W, 56, 41 %, 0x0000000000000001
2026/09/26 03:39:44.889, 735 MHz, 10.44 W, 56, 31 %, 0x0000000000000001
2026/09/26 03:39:45.891, 765 MHz, 10.59 W, 56, 25 %, 0x0000000000000001
2026/09/26 03:39:46.905, 810 MHz, 10.53 W, 56, 21 %, 0x0000000000000001
2026/09/26 03:39:47.916, 840 MHz, 10.57 W, 56, 29 %, 0x0000000000000001
2026/09/26 03:39:48.924, 840 MHz, 10.60 W, 56, 28 %, 0x0000000000000001
2026/09/26 03:39:49.933, 735 MHz, 10.49 W, 56, 32 %, 0x0000000000000001
2026/09/26 03:39:50.935, 885 MHz, 10.47 W, 56, 17 %, 0x0000000000000001
2026/09/26 03:39:51.941, 885 MHz, 10.72 W, 56, 26 %, 0x0000000000000001
2026/09/26 03:39:52.950, 750 MHz, 10.61 W, 55, 33 %, 0x0000000000000001
2026/09/26 03:39:53.956, 660 MHz, 10.38 W, 55, 28 %, 0x0000000000000001
2026/09/26 03:39:54.964, 810 MHz, 10.73 W, 55, 37 %, 0x0000000000000001
2026/09/26 03:39:55.979, 855 MHz, 10.66 W, 55, 30 %, 0x0000000000000001
2026/09/26 03:39:56.983, 855 MHz, 10.56 W, 55, 21 %, 0x0000000000000001
2026/09/26 03:39:57.996, 765 MHz, 10.59 W, 55, 26 %, 0x0000000000000001
2026/09/26 03:39:59.008, 840 MHz, 10.52 W, 55, 34 %, 0x0000000000000001
2026/09/26 03:40:00.018, 840 MHz, 10.51 W, 55, 22 %, 0x0000000000000001
2026/09/26 03:40:01.032, 615 MHz, 10.33 W, 55, 36 %, 0x0000000000000001
2026/09/26 03:40:02.044, 570 MHz, 10.36 W, 55, 38 %, 0x0000000000000001
2026/09/26 03:40:03.058, 540 MHz, 10.26 W, 55, 32 %, 0x0000000000000001
2026/09/26 03:40:04.075, 495 MHz, 10.28 W, 55, 38 %, 0x0000000000000001
2026/09/26 03:40:05.085, 465 MHz, 10.20 W, 55, 27 %, 0x0000000000000001
2026/09/26 03:40:06.088, 420 MHz, 10.20 W, 55, 32 %, 0x0000000000000001
2026/09/26 03:40:07.088, 480 MHz, 10.20 W, 55, 32 %, 0x0000000000000001
2026/09/26 03:40:08.089, 450 MHz, 10.22 W, 55, 33 %, 0x0000000000000001
2026/09/26 03:40:09.098, 420 MHz, 10.16 W, 55, 27 %, 0x0000000000000001
2026/09/26 03:40:10.102, 390 MHz, 7.88 W, 55, 33 %, 0x0000000000000001
2026/09/26 03:40:11.104, 360 MHz, 7.79 W, 55, 25 %, 0x0000000000000001
2026/09/26 03:40:12.118, 330 MHz, 7.82 W, 55, 31 %, 0x0000000000000001
2026/09/26 03:40:13.128, 345 MHz, 7.84 W, 55, 29 %, 0x0000000000000001
2026/09/26 03:40:14.140, 345 MHz, 7.84 W, 55, 32 %, 0x0000000000000001
2026/09/26 03:40:15.153, 360 MHz, 7.87 W, 55, 36 %, 0x0000000000000001
2026/09/26 03:40:16.167, 435 MHz, 7.86 W, 55, 52 %, 0x0000000000000001
2026/09/26 03:40:17.183, 480 MHz, 10.26 W, 56, 45 %, 0x0000000000000001
2026/09/26 03:40:18.187, 585 MHz, 10.33 W, 56, 30 %, 0x0000000000000001
2026/09/26 03:40:19.200, 465 MHz, 10.32 W, 56, 28 %, 0x0000000000000001
2026/09/26 03:40:20.213, 390 MHz, 7.86 W, 56, 31 %, 0x0000000000000001
2026/09/26 03:40:21.217, 510 MHz, 10.33 W, 56, 30 %, 0x0000000000000001
2026/09/26 03:40:22.225, 435 MHz, 10.31 W, 56, 26 %, 0x0000000000000001
2026/09/26 03:40:23.231, 420 MHz, 7.95 W, 56, 49 %, 0x0000000000000001
2026/09/26 03:40:24.241, 450 MHz, 10.30 W, 56, 42 %, 0x0000000000000001
2026/09/26 03:40:25.243, 525 MHz, 10.31 W, 56, 29 %, 0x0000000000000001
2026/09/26 03:40:26.245, 525 MHz, 10.29 W, 56, 27 %, 0x0000000000000001
2026/09/26 03:40:27.252, 435 MHz, 10.18 W, 56, 27 %, 0x0000000000000001
2026/09/26 03:40:28.254, 480 MHz, 10.24 W, 56, 28 %, 0x0000000000000001
2026/09/26 03:40:29.265, 660 MHz, 10.44 W, 56, 30 %, 0x0000000000000001
2026/09/26 03:40:30.270, 660 MHz, 10.37 W, 56, 30 %, 0x0000000000000001
2026/09/26 03:40:31.273, 570 MHz, 10.35 W, 56, 23 %, 0x0000000000000001
2026/09/26 03:40:32.286, 510 MHz, 10.31 W, 56, 38 %, 0x0000000000000001
2026/09/26 03:40:33.295, 570 MHz, 10.49 W, 56, 31 %, 0x0000000000000001
2026/09/26 03:40:34.307, 450 MHz, 10.40 W, 56, 31 %, 0x0000000000000001
2026/09/26 03:40:35.314, 495 MHz, 10.35 W, 56, 39 %, 0x0000000000000001
2026/09/26 03:40:36.319, 465 MHz, 10.30 W, 56, 28 %, 0x0000000000000001
2026/09/26 03:40:37.327, 570 MHz, 10.27 W, 56, 43 %, 0x0000000000000001
2026/09/26 03:40:38.342, 570 MHz, 10.35 W, 56, 39 %, 0x0000000000000001
2026/09/26 03:40:39.354, 645 MHz, 10.35 W, 56, 42 %, 0x0000000000000001
2026/09/26 03:40:40.370, 735 MHz, 10.51 W, 56, 31 %, 0x0000000000000001
2026/09/26 03:40:41.385, 735 MHz, 10.48 W, 56, 35 %, 0x0000000000000001
2026/09/26 03:40:42.394, 645 MHz, 10.54 W, 55, 31 %, 0x0000000000000001
2026/09/26 03:40:43.396, 555 MHz, 10.45 W, 56, 37 %, 0x0000000000000001
2026/09/26 03:40:44.400, 540 MHz, 10.28 W, 55, 29 %, 0x0000000000000001
2026/09/26 03:40:45.411, 480 MHz, 10.25 W, 55, 29 %, 0x0000000000000001
2026/09/26 03:40:46.411, 450 MHz, 10.27 W, 56, 36 %, 0x0000000000000001
2026/09/26 03:40:47.426, 495 MHz, 10.28 W, 56, 42 %, 0x0000000000000001
2026/09/26 03:40:48.427, 540 MHz, 10.32 W, 56, 34 %, 0x0000000000000001
2026/09/26 03:40:49.436, 495 MHz, 10.25 W, 55, 22 %, 0x0000000000000001
2026/09/26 03:40:50.446, 450 MHz, 10.23 W, 55, 38 %, 0x0000000000000001
2026/09/26 03:40:51.456, 510 MHz, 10.28 W, 55, 34 %, 0x0000000000000001
2026/09/26 03:40:52.469, 510 MHz, 10.23 W, 55, 40 %, 0x0000000000000001
2026/09/26 03:40:53.478, 495 MHz, 10.43 W, 55, 36 %, 0x0000000000000001
2026/09/26 03:40:54.480, 465 MHz, 10.27 W, 55, 38 %, 0x0000000000000001
2026/09/26 03:40:55.495, 540 MHz, 10.27 W, 55, 24 %, 0x0000000000000001
2026/09/26 03:40:56.498, 540 MHz, 10.36 W, 55, 30 %, 0x0000000000000001
2026/09/26 03:40:57.513, 705 MHz, 10.56 W, 56, 56 %, 0x0000000000000001
2026/09/26 03:40:58.524, 750 MHz, 10.46 W, 56, 30 %, 0x0000000000000001
2026/09/26 03:40:59.533, 600 MHz, 10.46 W, 56, 30 %, 0x0000000000000001
2026/09/26 03:41:00.549, 615 MHz, 10.41 W, 56, 32 %, 0x0000000000000001
2026/09/26 03:41:01.563, 630 MHz, 10.38 W, 55, 37 %, 0x0000000000000001
2026/09/26 03:41:02.577, 585 MHz, 10.38 W, 55, 41 %, 0x0000000000000001
2026/09/26 03:41:03.590, 570 MHz, 10.37 W, 55, 37 %, 0x0000000000000001
2026/09/26 03:41:04.598, 525 MHz, 10.32 W, 55, 31 %, 0x0000000000000001
2026/09/26 03:41:05.604, 480 MHz, 10.29 W, 55, 31 %, 0x0000000000000001
2026/09/26 03:41:06.612, 420 MHz, 10.21 W, 55, 21 %, 0x0000000000000001
2026/09/26 03:41:07.628, 525 MHz, 10.39 W, 55, 45 %, 0x0000000000000001
2026/09/26 03:41:08.641, 645 MHz, 10.43 W, 56, 22 %, 0x0000000000000001
2026/09/26 03:41:09.656, 645 MHz, 10.43 W, 56, 25 %, 0x0000000000000001
2026/09/26 03:41:10.661, 420 MHz, 10.29 W, 56, 30 %, 0x0000000000000001
2026/09/26 03:41:11.669, 450 MHz, 10.29 W, 56, 34 %, 0x0000000000000001
2026/09/26 03:41:12.669, 480 MHz, 10.32 W, 56, 33 %, 0x0000000000000001
2026/09/26 03:41:13.679, 480 MHz, 10.32 W, 56, 41 %, 0x0000000000000001
2026/09/26 03:41:14.691, 510 MHz, 10.32 W, 56, 39 %, 0x0000000000000001
2026/09/26 03:41:15.696, 510 MHz, 10.39 W, 56, 30 %, 0x0000000000000001
2026/09/26 03:41:16.708, 540 MHz, 10.29 W, 56, 36 %, 0x0000000000000001
2026/09/26 03:41:17.709, 540 MHz, 10.26 W, 56, 22 %, 0x0000000000000001
2026/09/26 03:41:18.721, 450 MHz, 10.31 W, 56, 53 %, 0x0000000000000001
2026/09/26 03:41:19.733, 600 MHz, 10.41 W, 56, 27 %, 0x0000000000000001
2026/09/26 03:41:20.734, 525 MHz, 10.34 W, 56, 39 %, 0x0000000000000001
2026/09/26 03:41:21.737, 600 MHz, 10.35 W, 56, 36 %, 0x0000000000000001
2026/09/26 03:41:22.738, 630 MHz, 10.33 W, 56, 27 %, 0x0000000000000001
2026/09/26 03:41:23.743, 630 MHz, 10.48 W, 56, 38 %, 0x0000000000000001
2026/09/26 03:41:24.745, 585 MHz, 10.33 W, 56, 24 %, 0x0000000000000001
2026/09/26 03:41:25.747, 525 MHz, 10.31 W, 56, 41 %, 0x0000000000000001
2026/09/26 03:41:26.758, 570 MHz, 10.31 W, 56, 22 %, 0x0000000000000001
2026/09/26 03:41:27.767, 660 MHz, 10.38 W, 56, 30 %, 0x0000000000000001
2026/09/26 03:41:28.770, 660 MHz, 10.35 W, 56, 22 %, 0x0000000000000001
2026/09/26 03:41:29.783, 525 MHz, 10.37 W, 56, 35 %, 0x0000000000000001
2026/09/26 03:41:30.794, 510 MHz, 10.32 W, 56, 38 %, 0x0000000000000001
2026/09/26 03:41:31.797, 615 MHz, 10.38 W, 56, 38 %, 0x0000000000000001
2026/09/26 03:41:32.803, 630 MHz, 10.34 W, 56, 24 %, 0x0000000000000001
2026/09/26 03:41:33.808, 675 MHz, 10.31 W, 55, 18 %, 0x0000000000000001
2026/09/26 03:41:34.821, 675 MHz, 10.51 W, 55, 35 %, 0x0000000000000001
2026/09/26 03:41:35.825, 720 MHz, 10.41 W, 55, 28 %, 0x0000000000000001
2026/09/26 03:41:36.827, 720 MHz, 10.51 W, 55, 31 %, 0x0000000000000001
2026/09/26 03:41:37.834, 615 MHz, 10.42 W, 55, 25 %, 0x0000000000000001
2026/09/26 03:41:38.849, 660 MHz, 10.36 W, 55, 29 %, 0x0000000000000001
2026/09/26 03:41:39.849, 660 MHz, 10.35 W, 55, 19 %, 0x0000000000000001
2026/09/26 03:41:40.864, 525 MHz, 10.32 W, 55, 30 %, 0x0000000000000001
2026/09/26 03:41:41.866, 540 MHz, 10.23 W, 55, 28 %, 0x0000000000000001
2026/09/26 03:41:42.877, 540 MHz, 10.26 W, 55, 39 %, 0x0000000000000001
2026/09/26 03:41:43.878, 645 MHz, 10.38 W, 55, 41 %, 0x0000000000000001
2026/09/26 03:41:44.880, 645 MHz, 10.37 W, 55, 31 %, 0x0000000000000001
2026/09/26 03:41:45.888, 585 MHz, 10.31 W, 55, 30 %, 0x0000000000000001
2026/09/26 03:41:46.890, 540 MHz, 10.26 W, 55, 45 %, 0x0000000000000001
2026/09/26 03:41:47.891, 570 MHz, 10.28 W, 55, 35 %, 0x0000000000000001
2026/09/26 03:41:48.899, 510 MHz, 10.34 W, 55, 26 %, 0x0000000000000001
2026/09/26 03:41:49.907, 525 MHz, 10.27 W, 55, 36 %, 0x0000000000000001
2026/09/26 03:41:50.916, 525 MHz, 10.26 W, 55, 38 %, 0x0000000000000001
2026/09/26 03:41:51.923, 525 MHz, 10.29 W, 55, 33 %, 0x0000000000000001
2026/09/26 03:41:52.933, 555 MHz, 10.38 W, 55, 41 %, 0x0000000000000001
2026/09/26 03:41:53.945, 555 MHz, 10.32 W, 55, 34 %, 0x0000000000000001
2026/09/26 03:41:54.959, 525 MHz, 10.26 W, 55, 36 %, 0x0000000000000001
2026/09/26 03:41:55.972, 630 MHz, 10.31 W, 55, 41 %, 0x0000000000000001
2026/09/26 03:41:56.974, 735 MHz, 10.46 W, 55, 28 %, 0x0000000000000001
2026/09/26 03:41:57.980, 735 MHz, 10.46 W, 55, 38 %, 0x0000000000000001
2026/09/26 03:41:58.992, 705 MHz, 10.44 W, 55, 25 %, 0x0000000000000001
2026/09/26 03:42:00.011, 930 MHz, 10.59 W, 55, 32 %, 0x0000000000000001
2026/09/26 03:42:01.026, 930 MHz, 10.68 W, 55, 26 %, 0x0000000000000001
2026/09/26 03:42:02.027, 795 MHz, 10.43 W, 55, 36 %, 0x0000000000000001
2026/09/26 03:42:03.029, 705 MHz, 10.62 W, 55, 31 %, 0x0000000000000001
2026/09/26 03:42:04.029, 630 MHz, 10.31 W, 55, 28 %, 0x0000000000000001
2026/09/26 03:42:05.042, 585 MHz, 10.29 W, 55, 32 %, 0x0000000000000001
2026/09/26 03:42:06.045, 615 MHz, 10.34 W, 55, 29 %, 0x0000000000000001
2026/09/26 03:42:07.058, 615 MHz, 10.35 W, 55, 40 %, 0x0000000000000001
2026/09/26 03:42:08.073, 570 MHz, 10.27 W, 55, 37 %, 0x0000000000000001
2026/09/26 03:42:09.086, 555 MHz, 10.25 W, 55, 32 %, 0x0000000000000001
2026/09/26 03:42:10.099, 600 MHz, 10.30 W, 55, 42 %, 0x0000000000000001
2026/09/26 03:42:11.113, 675 MHz, 10.41 W, 55, 27 %, 0x0000000000000001
2026/09/26 03:42:12.114, 675 MHz, 10.37 W, 55, 39 %, 0x0000000000000001
2026/09/26 03:42:13.123, 570 MHz, 10.33 W, 55, 27 %, 0x0000000000000001
2026/09/26 03:42:14.128, 585 MHz, 10.27 W, 55, 40 %, 0x0000000000000001
2026/09/26 03:42:15.141, 585 MHz, 10.31 W, 55, 37 %, 0x0000000000000001
2026/09/26 03:42:16.153, 735 MHz, 10.38 W, 55, 28 %, 0x0000000000000001
2026/09/26 03:42:17.167, 855 MHz, 10.53 W, 55, 32 %, 0x0000000000000001
2026/09/26 03:42:18.180, 855 MHz, 10.51 W, 55, 37 %, 0x0000000000000001
2026/09/26 03:42:19.193, 735 MHz, 10.35 W, 55, 42 %, 0x0000000000000001
2026/09/26 03:42:20.205, 735 MHz, 10.65 W, 55, 43 %, 0x0000000000000001
2026/09/26 03:42:21.220, 750 MHz, 10.40 W, 55, 22 %, 0x0000000000000001
2026/09/26 03:42:22.234, 585 MHz, 10.44 W, 55, 24 %, 0x0000000000000001
2026/09/26 03:42:23.245, 585 MHz, 10.29 W, 55, 27 %, 0x0000000000000001
2026/09/26 03:42:24.259, 675 MHz, 10.40 W, 55, 26 %, 0x0000000000000001
2026/09/26 03:42:25.267, 675 MHz, 10.28 W, 55, 18 %, 0x0000000000000001
2026/09/26 03:42:26.274, 705 MHz, 10.40 W, 55, 30 %, 0x0000000000000001
2026/09/26 03:42:27.289, 705 MHz, 10.49 W, 55, 37 %, 0x0000000000000001
2026/09/26 03:42:28.300, 720 MHz, 10.43 W, 55, 31 %, 0x0000000000000001
2026/09/26 03:42:29.301, 720 MHz, 10.44 W, 55, 32 %, 0x0000000000000001
2026/09/26 03:42:30.313, 600 MHz, 10.37 W, 55, 34 %, 0x0000000000000001
2026/09/26 03:42:31.314, 570 MHz, 10.32 W, 55, 41 %, 0x0000000000000001
2026/09/26 03:42:32.324, 690 MHz, 10.34 W, 55, 29 %, 0x0000000000000001
2026/09/26 03:42:33.336, 690 MHz, 10.42 W, 55, 29 %, 0x0000000000000001
2026/09/26 03:42:34.345, 585 MHz, 10.32 W, 55, 36 %, 0x0000000000000001
2026/09/26 03:42:35.353, 690 MHz, 10.38 W, 55, 46 %, 0x0000000000000001
2026/09/26 03:42:36.362, 810 MHz, 10.55 W, 55, 22 %, 0x0000000000000001
2026/09/26 03:42:37.374, 810 MHz, 10.53 W, 55, 32 %, 0x0000000000000001
2026/09/26 03:42:38.384, 690 MHz, 10.38 W, 55, 30 %, 0x0000000000000001
2026/09/26 03:42:39.398, 645 MHz, 10.34 W, 55, 36 %, 0x0000000000000001
2026/09/26 03:42:40.412, 585 MHz, 10.27 W, 55, 35 %, 0x0000000000000001
2026/09/26 03:42:41.422, 675 MHz, 10.37 W, 55, 32 %, 0x0000000000000001
2026/09/26 03:42:42.433, 675 MHz, 10.27 W, 55, 21 %, 0x0000000000000001
2026/09/26 03:42:43.446, 645 MHz, 10.31 W, 55, 33 %, 0x0000000000000001
2026/09/26 03:42:44.458, 645 MHz, 10.31 W, 55, 25 %, 0x0000000000000001
2026/09/26 03:42:45.471, 705 MHz, 10.39 W, 55, 34 %, 0x0000000000000001
2026/09/26 03:42:46.482, 705 MHz, 10.35 W, 55, 23 %, 0x0000000000000001
2026/09/26 03:42:47.492, 555 MHz, 10.28 W, 55, 30 %, 0x0000000000000001
2026/09/26 03:42:48.505, 555 MHz, 10.37 W, 55, 46 %, 0x0000000000000001
2026/09/26 03:42:49.515, 675 MHz, 10.34 W, 55, 26 %, 0x0000000000000001
2026/09/26 03:42:50.519, 660 MHz, 10.36 W, 55, 37 %, 0x0000000000000001
2026/09/26 03:42:51.529, 615 MHz, 10.30 W, 55, 38 %, 0x0000000000000001
2026/09/26 03:42:52.543, 660 MHz, 10.30 W, 55, 27 %, 0x0000000000000001
2026/09/26 03:42:53.544, 660 MHz, 10.26 W, 55, 31 %, 0x0000000000000001
2026/09/26 03:42:54.553, 720 MHz, 10.40 W, 55, 34 %, 0x0000000000000001
2026/09/26 03:42:55.564, 720 MHz, 10.47 W, 55, 32 %, 0x0000000000000001
2026/09/26 03:42:56.568, 615 MHz, 10.35 W, 55, 33 %, 0x0000000000000001
2026/09/26 03:42:57.579, 570 MHz, 10.31 W, 55, 27 %, 0x0000000000000001
2026/09/26 03:42:58.582, 555 MHz, 10.39 W, 55, 36 %, 0x0000000000000001
2026/09/26 03:42:59.595, 555 MHz, 10.26 W, 55, 28 %, 0x0000000000000001
2026/09/26 03:43:00.604, 540 MHz, 10.28 W, 55, 37 %, 0x0000000000000001
2026/09/26 03:43:01.617, 585 MHz, 10.38 W, 55, 42 %, 0x0000000000000001
2026/09/26 03:43:02.628, 705 MHz, 10.39 W, 55, 40 %, 0x0000000000000001
2026/09/26 03:43:03.640, 720 MHz, 10.36 W, 55, 30 %, 0x0000000000000001
2026/09/26 03:43:04.655, 720 MHz, 10.38 W, 55, 38 %, 0x0000000000000001
2026/09/26 03:43:05.670, 645 MHz, 10.31 W, 55, 34 %, 0x0000000000000001
2026/09/26 03:43:06.676, 645 MHz, 10.34 W, 55, 33 %, 0x0000000000000001
2026/09/26 03:43:07.686, 645 MHz, 10.35 W, 55, 41 %, 0x0000000000000001
2026/09/26 03:43:08.686, 675 MHz, 10.51 W, 55, 31 %, 0x0000000000000001
2026/09/26 03:43:09.699, 675 MHz, 10.39 W, 55, 26 %, 0x0000000000000001
2026/09/26 03:43:10.712, 600 MHz, 10.36 W, 55, 30 %, 0x0000000000000001
2026/09/26 03:43:11.727, 555 MHz, 10.27 W, 55, 36 %, 0x0000000000000001
2026/09/26 03:43:12.741, 600 MHz, 10.31 W, 55, 26 %, 0x0000000000000001
2026/09/26 03:43:13.755, 630 MHz, 10.34 W, 55, 31 %, 0x0000000000000001
2026/09/26 03:43:14.766, 675 MHz, 10.41 W, 55, 33 %, 0x0000000000000001
2026/09/26 03:43:15.767, 675 MHz, 10.33 W, 55, 13 %, 0x0000000000000001
2026/09/26 03:43:16.780, 765 MHz, 10.59 W, 55, 35 %, 0x0000000000000001
2026/09/26 03:43:17.781, 765 MHz, 10.55 W, 55, 23 %, 0x0000000000000001
2026/09/26 03:43:18.793, 795 MHz, 10.73 W, 55, 37 %, 0x0000000000000001
2026/09/26 03:43:19.807, 855 MHz, 10.69 W, 55, 37 %, 0x0000000000000001
2026/09/26 03:43:20.813, 975 MHz, 10.85 W, 55, 29 %, 0x0000000000000001
2026/09/26 03:43:21.825, 975 MHz, 10.94 W, 55, 42 %, 0x0000000000000001
2026/09/26 03:43:22.838, 810 MHz, 10.45 W, 55, 21 %, 0x0000000000000001
2026/09/26 03:43:23.852, 720 MHz, 10.36 W, 55, 25 %, 0x0000000000000001
2026/09/26 03:43:24.862, 645 MHz, 10.32 W, 55, 24 %, 0x0000000000000001
2026/09/26 03:43:25.874, 555 MHz, 10.17 W, 55, 30 %, 0x0000000000000001
2026/09/26 03:43:26.884, 495 MHz, 10.26 W, 55, 42 %, 0x0000000000000001
2026/09/26 03:43:27.892, 510 MHz, 10.22 W, 55, 28 %, 0x0000000000000001
2026/09/26 03:43:28.896, 480 MHz, 10.21 W, 54, 32 %, 0x0000000000000001
2026/09/26 03:43:29.907, 435 MHz, 10.11 W, 55, 36 %, 0x0000000000000001
2026/09/26 03:43:30.921, 525 MHz, 10.16 W, 55, 29 %, 0x0000000000000001
2026/09/26 03:43:31.931, 525 MHz, 10.24 W, 55, 29 %, 0x0000000000000001
2026/09/26 03:43:32.942, 510 MHz, 10.19 W, 55, 38 %, 0x0000000000000001
2026/09/26 03:43:33.944, 600 MHz, 10.27 W, 55, 36 %, 0x0000000000000001
2026/09/26 03:43:34.955, 600 MHz, 10.22 W, 55, 32 %, 0x0000000000000001
2026/09/26 03:43:35.967, 510 MHz, 10.20 W, 55, 35 %, 0x0000000000000001
2026/09/26 03:43:36.981, 540 MHz, 10.15 W, 55, 26 %, 0x0000000000000001
2026/09/26 03:43:37.991, 540 MHz, 10.12 W, 55, 26 %, 0x0000000000000001
2026/09/26 03:43:39.003, 495 MHz, 10.09 W, 54, 19 %, 0x0000000000000001
2026/09/26 03:43:40.010, 495 MHz, 10.11 W, 54, 32 %, 0x0000000000000001
2026/09/26 03:43:41.018, 435 MHz, 10.13 W, 54, 32 %, 0x0000000000000001
2026/09/26 03:43:42.033, 525 MHz, 10.21 W, 54, 37 %, 0x0000000000000001
2026/09/26 03:43:43.035, 630 MHz, 10.20 W, 55, 46 %, 0x0000000000000001
2026/09/26 03:43:44.045, 630 MHz, 10.66 W, 55, 42 %, 0x0000000000000001
2026/09/26 03:43:45.049, 600 MHz, 10.55 W, 55, 43 %, 0x0000000000000001
2026/09/26 03:43:46.056, 615 MHz, 10.33 W, 55, 37 %, 0x0000000000000001
2026/09/26 03:43:47.069, 615 MHz, 10.32 W, 55, 44 %, 0x0000000000000001
2026/09/26 03:43:48.082, 645 MHz, 10.29 W, 55, 28 %, 0x0000000000000001
2026/09/26 03:43:49.093, 660 MHz, 10.30 W, 55, 28 %, 0x0000000000000001
2026/09/26 03:43:50.103, 705 MHz, 10.33 W, 55, 32 %, 0x0000000000000001
2026/09/26 03:43:51.111, 705 MHz, 10.41 W, 55, 25 %, 0x0000000000000001
2026/09/26 03:43:52.126, 765 MHz, 10.40 W, 55, 33 %, 0x0000000000000001
2026/09/26 03:43:53.135, 765 MHz, 10.39 W, 55, 23 %, 0x0000000000000001
2026/09/26 03:43:54.147, 630 MHz, 10.73 W, 55, 43 %, 0x0000000000000001
2026/09/26 03:43:55.155, 645 MHz, 10.40 W, 55, 41 %, 0x0000000000000001
2026/09/26 03:43:56.168, 645 MHz, 10.28 W, 55, 28 %, 0x0000000000000001
2026/09/26 03:43:57.169, 555 MHz, 10.30 W, 55, 38 %, 0x0000000000000001
2026/09/26 03:43:58.169, 510 MHz, 10.17 W, 55, 25 %, 0x0000000000000001
2026/09/26 03:43:59.183, 660 MHz, 10.39 W, 55, 38 %, 0x0000000000000001
2026/09/26 03:44:00.192, 690 MHz, 10.37 W, 55, 31 %, 0x0000000000000001
2026/09/26 03:44:01.205, 690 MHz, 10.40 W, 54, 37 %, 0x0000000000000001
2026/09/26 03:44:02.206, 585 MHz, 10.29 W, 54, 25 %, 0x0000000000000001
2026/09/26 03:44:03.207, 690 MHz, 10.36 W, 55, 25 %, 0x0000000000000001
2026/09/26 03:44:04.222, 690 MHz, 10.34 W, 54, 24 %, 0x0000000000000001
2026/09/26 03:44:05.236, 600 MHz, 10.25 W, 55, 34 %, 0x0000000000000001
2026/09/26 03:44:06.250, 675 MHz, 10.47 W, 55, 33 %, 0x0000000000000001
2026/09/26 03:44:07.252, 840 MHz, 10.51 W, 55, 34 %, 0x0000000000000001
2026/09/26 03:44:08.258, 870 MHz, 10.50 W, 55, 29 %, 0x0000000000000001
2026/09/26 03:44:09.261, 870 MHz, 10.56 W, 55, 27 %, 0x0000000000000001
2026/09/26 03:44:10.276, 795 MHz, 10.46 W, 55, 26 %, 0x0000000000000001
2026/09/26 03:44:11.289, 795 MHz, 10.48 W, 55, 27 %, 0x0000000000000001
2026/09/26 03:44:12.301, 855 MHz, 10.56 W, 55, 37 %, 0x0000000000000001
2026/09/26 03:44:13.308, 855 MHz, 10.58 W, 55, 24 %, 0x0000000000000001
2026/09/26 03:44:14.309, 765 MHz, 10.38 W, 55, 28 %, 0x0000000000000001
2026/09/26 03:44:15.317, 765 MHz, 10.62 W, 55, 39 %, 0x0000000000000001
2026/09/26 03:44:16.326, 660 MHz, 10.37 W, 55, 30 %, 0x0000000000000001
2026/09/26 03:44:17.335, 660 MHz, 10.41 W, 55, 30 %, 0x0000000000000001
2026/09/26 03:44:18.344, 660 MHz, 10.43 W, 55, 40 %, 0x0000000000000001
2026/09/26 03:44:19.352, 1230 MHz, 13.26 W, 55, 21 %, 0x0000000000000001
2026/09/26 03:44:20.358, 1230 MHz, 14.13 W, 55, 24 %, 0x0000000000000001
2026/09/26 03:44:21.366, 900 MHz, 10.66 W, 55, 21 %, 0x0000000000000001
2026/09/26 03:44:22.376, 735 MHz, 10.62 W, 55, 39 %, 0x0000000000000001
2026/09/26 03:44:23.389, 690 MHz, 10.38 W, 55, 28 %, 0x0000000000000001
2026/09/26 03:44:24.391, 600 MHz, 10.28 W, 55, 26 %, 0x0000000000000001
2026/09/26 03:44:25.393, 540 MHz, 10.34 W, 55, 32 %, 0x0000000000000001
2026/09/26 03:44:26.402, 495 MHz, 10.24 W, 55, 32 %, 0x0000000000000001
2026/09/26 03:44:27.412, 585 MHz, 10.24 W, 55, 23 %, 0x0000000000000001
2026/09/26 03:44:28.424, 585 MHz, 10.57 W, 55, 52 %, 0x0000000000000001
2026/09/26 03:44:29.435, 750 MHz, 10.50 W, 55, 27 %, 0x0000000000000001
2026/09/26 03:44:30.447, 750 MHz, 10.56 W, 55, 38 %, 0x0000000000000001
2026/09/26 03:44:31.456, 660 MHz, 10.37 W, 55, 34 %, 0x0000000000000001
2026/09/26 03:44:32.459, 690 MHz, 10.29 W, 55, 27 %, 0x0000000000000001
2026/09/26 03:44:33.463, 705 MHz, 10.31 W, 55, 33 %, 0x0000000000000001
2026/09/26 03:44:34.474, 705 MHz, 10.70 W, 55, 55 %, 0x0000000000000001
2026/09/26 03:44:35.476, 855 MHz, 10.53 W, 55, 29 %, 0x0000000000000001
2026/09/26 03:44:36.491, 855 MHz, 10.63 W, 55, 21 %, 0x0000000000000001
2026/09/26 03:44:37.501, 615 MHz, 10.29 W, 55, 29 %, 0x0000000000000001
2026/09/26 03:44:38.503, 540 MHz, 10.35 W, 55, 35 %, 0x0000000000000001
2026/09/26 03:44:39.514, 480 MHz, 10.11 W, 55, 21 %, 0x0000000000000001
2026/09/26 03:44:40.518, 435 MHz, 10.09 W, 55, 25 %, 0x0000000000000001
2026/09/26 03:44:41.525, 480 MHz, 10.18 W, 55, 29 %, 0x0000000000000001
2026/09/26 03:44:42.537, 480 MHz, 10.15 W, 55, 29 %, 0x0000000000000001
2026/09/26 03:44:43.546, 495 MHz, 10.28 W, 55, 37 %, 0x0000000000000001
2026/09/26 03:44:44.552, 495 MHz, 10.21 W, 55, 38 %, 0x0000000000000001
2026/09/26 03:44:45.565, 450 MHz, 10.17 W, 55, 35 %, 0x0000000000000001
2026/09/26 03:44:46.578, 495 MHz, 10.23 W, 55, 33 %, 0x0000000000000001
2026/09/26 03:44:47.582, 585 MHz, 10.61 W, 55, 55 %, 0x0000000000000001
2026/09/26 03:44:48.596, 765 MHz, 10.41 W, 55, 22 %, 0x0000000000000001
2026/09/26 03:44:49.606, 525 MHz, 10.32 W, 55, 31 %, 0x0000000000000001
2026/09/26 03:44:50.607, 480 MHz, 10.23 W, 55, 26 %, 0x0000000000000001
2026/09/26 03:44:51.607, 435 MHz, 10.35 W, 55, 38 %, 0x0000000000000001
2026/09/26 03:44:52.620, 630 MHz, 10.31 W, 55, 26 %, 0x0000000000000001
2026/09/26 03:44:53.623, 630 MHz, 10.37 W, 55, 33 %, 0x0000000000000001
2026/09/26 03:44:54.638, 615 MHz, 10.34 W, 55, 35 %, 0x0000000000000001
2026/09/26 03:44:55.639, 660 MHz, 10.47 W, 55, 43 %, 0x0000000000000001
2026/09/26 03:44:56.640, 660 MHz, 10.29 W, 55, 34 %, 0x0000000000000001
2026/09/26 03:44:57.642, 705 MHz, 10.36 W, 55, 23 %, 0x0000000000000001
2026/09/26 03:44:58.655, 720 MHz, 10.37 W, 55, 28 %, 0x0000000000000001
2026/09/26 03:44:59.658, 735 MHz, 10.58 W, 55, 34 %, 0x0000000000000001
2026/09/26 03:45:00.665, 735 MHz, 10.42 W, 55, 27 %, 0x0000000000000001
2026/09/26 03:45:01.673, 660 MHz, 10.39 W, 55, 34 %, 0x0000000000000001
2026/09/26 03:45:02.674, 600 MHz, 10.28 W, 55, 31 %, 0x0000000000000001
2026/09/26 03:45:03.677, 870 MHz, 10.56 W, 55, 42 %, 0x0000000000000001
2026/09/26 03:45:04.687, 870 MHz, 10.56 W, 55, 40 %, 0x0000000000000001
2026/09/26 03:45:05.693, 885 MHz, 10.53 W, 55, 27 %, 0x0000000000000001
2026/09/26 03:45:06.697, 930 MHz, 10.79 W, 55, 36 %, 0x0000000000000001
2026/09/26 03:45:07.701, 930 MHz, 10.63 W, 55, 27 %, 0x0000000000000001
2026/09/26 03:45:08.703, 945 MHz, 10.82 W, 55, 39 %, 0x0000000000000001
2026/09/26 03:45:09.713, 945 MHz, 10.65 W, 55, 35 %, 0x0000000000000001
2026/09/26 03:45:10.718, 780 MHz, 10.44 W, 55, 26 %, 0x0000000000000001
2026/09/26 03:45:11.731, 615 MHz, 10.30 W, 55, 19 %, 0x0000000000000001
2026/09/26 03:45:12.739, 510 MHz, 10.30 W, 55, 29 %, 0x0000000000000001
2026/09/26 03:45:13.740, 480 MHz, 10.22 W, 55, 35 %, 0x0000000000000001
2026/09/26 03:45:14.748, 555 MHz, 10.39 W, 55, 44 %, 0x0000000000000001
2026/09/26 03:45:15.750, 630 MHz, 10.34 W, 55, 26 %, 0x0000000000000001
2026/09/26 03:45:16.765, 630 MHz, 10.35 W, 56, 30 %, 0x0000000000000001
2026/09/26 03:45:17.780, 510 MHz, 10.19 W, 55, 43 %, 0x0000000000000001
2026/09/26 03:45:18.782, 645 MHz, 10.36 W, 55, 53 %, 0x0000000000000001
2026/09/26 03:45:19.784, 795 MHz, 10.49 W, 55, 20 %, 0x0000000000000001
2026/09/26 03:45:20.797, 795 MHz, 10.44 W, 55, 31 %, 0x0000000000000001
2026/09/26 03:45:21.809, 660 MHz, 10.33 W, 55, 32 %, 0x0000000000000001
2026/09/26 03:45:22.811, 585 MHz, 10.41 W, 55, 28 %, 0x0000000000000001
2026/09/26 03:45:23.826, 615 MHz, 10.24 W, 55, 19 %, 0x0000000000000001
2026/09/26 03:45:24.835, 585 MHz, 10.33 W, 55, 28 %, 0x0000000000000001
2026/09/26 03:45:25.841, 540 MHz, 10.23 W, 55, 33 %, 0x0000000000000001
2026/09/26 03:45:26.845, 780 MHz, 10.53 W, 55, 47 %, 0x0000000000000001
2026/09/26 03:45:27.850, 960 MHz, 10.59 W, 55, 27 %, 0x0000000000000001
2026/09/26 03:45:28.859, 765 MHz, 10.64 W, 55, 25 %, 0x0000000000000001
2026/09/26 03:45:29.860, 720 MHz, 10.44 W, 55, 37 %, 0x0000000000000001
2026/09/26 03:45:30.863, 900 MHz, 10.51 W, 55, 22 %, 0x0000000000000001
2026/09/26 03:45:31.877, 900 MHz, 10.63 W, 55, 37 %, 0x0000000000000001
2026/09/26 03:45:32.887, 660 MHz, 10.36 W, 55, 36 %, 0x0000000000000001
2026/09/26 03:45:33.900, 720 MHz, 10.47 W, 55, 25 %, 0x0000000000000001
2026/09/26 03:45:34.904, 900 MHz, 10.64 W, 55, 51 %, 0x0000000000000001
2026/09/26 03:45:35.920, 915 MHz, 10.66 W, 55, 42 %, 0x0000000000000001
2026/09/26 03:45:36.925, 990 MHz, 10.76 W, 55, 25 %, 0x0000000000000001
2026/09/26 03:45:37.939, 960 MHz, 10.88 W, 55, 38 %, 0x0000000000000001
2026/09/26 03:45:38.945, 870 MHz, 10.59 W, 55, 31 %, 0x0000000000000001
2026/09/26 03:45:39.952, 765 MHz, 10.40 W, 55, 30 %, 0x0000000000000001
2026/09/26 03:45:40.966, 825 MHz, 10.44 W, 55, 28 %, 0x0000000000000001
2026/09/26 03:45:41.972, 825 MHz, 10.64 W, 55, 38 %, 0x0000000000000001
2026/09/26 03:45:42.980, 690 MHz, 10.36 W, 55, 33 %, 0x0000000000000001
2026/09/26 03:45:43.994, 600 MHz, 10.36 W, 55, 27 %, 0x0000000000000001
2026/09/26 03:45:45.005, 510 MHz, 10.24 W, 55, 24 %, 0x0000000000000001
2026/09/26 03:45:46.008, 435 MHz, 10.16 W, 55, 27 %, 0x0000000000000001
2026/09/26 03:45:47.016, 465 MHz, 10.36 W, 55, 26 %, 0x0000000000000001
2026/09/26 03:45:48.018, 465 MHz, 10.60 W, 55, 29 %, 0x0000000000000001
2026/09/26 03:45:49.021, 420 MHz, 10.21 W, 55, 38 %, 0x0000000000000001
2026/09/26 03:45:50.031, 450 MHz, 10.19 W, 55, 43 %, 0x0000000000000001
2026/09/26 03:45:51.036, 555 MHz, 10.23 W, 55, 36 %, 0x0000000000000001
2026/09/26 03:45:52.044, 555 MHz, 10.32 W, 55, 44 %, 0x0000000000000001
2026/09/26 03:45:53.055, 540 MHz, 10.28 W, 55, 43 %, 0x0000000000000001
2026/09/26 03:45:54.056, 495 MHz, 10.22 W, 55, 42 %, 0x0000000000000001
2026/09/26 03:45:55.071, 675 MHz, 10.32 W, 55, 26 %, 0x0000000000000001
2026/09/26 03:45:56.078, 675 MHz, 10.36 W, 55, 32 %, 0x0000000000000001
2026/09/26 03:45:57.087, 750 MHz, 10.49 W, 55, 35 %, 0x0000000000000001
2026/09/26 03:45:58.095, 750 MHz, 10.36 W, 55, 23 %, 0x0000000000000001
2026/09/26 03:45:59.105, 705 MHz, 10.37 W, 55, 33 %, 0x0000000000000001
2026/09/26 03:46:00.109, 780 MHz, 10.43 W, 55, 28 %, 0x0000000000000001
2026/09/26 03:46:01.109, 780 MHz, 10.45 W, 55, 42 %, 0x0000000000000001
2026/09/26 03:46:02.123, 870 MHz, 10.62 W, 55, 29 %, 0x0000000000000001
2026/09/26 03:46:03.125, 870 MHz, 10.51 W, 55, 22 %, 0x0000000000000001
2026/09/26 03:46:04.126, 690 MHz, 10.32 W, 55, 26 %, 0x0000000000000001
2026/09/26 03:46:05.136, 630 MHz, 10.43 W, 55, 48 %, 0x0000000000000001
2026/09/26 03:46:06.148, 990 MHz, 10.71 W, 55, 29 %, 0x0000000000000001
2026/09/26 03:46:07.149, 990 MHz, 10.74 W, 55, 21 %, 0x0000000000000001
2026/09/26 03:46:08.158, 795 MHz, 10.40 W, 55, 23 %, 0x0000000000000001
2026/09/26 03:46:09.166, 795 MHz, 10.56 W, 55, 25 %, 0x0000000000000001
2026/09/26 03:46:10.176, 930 MHz, 10.55 W, 55, 29 %, 0x0000000000000001
2026/09/26 03:46:11.183, 930 MHz, 10.72 W, 55, 45 %, 0x0000000000000001
2026/09/26 03:46:12.185, 1050 MHz, 10.93 W, 55, 32 %, 0x0000000000000001
2026/09/26 03:46:13.191, 1050 MHz, 10.79 W, 55, 29 %, 0x0000000000000001
2026/09/26 03:46:14.206, 810 MHz, 10.34 W, 55, 24 %, 0x0000000000000001
2026/09/26 03:46:15.217, 735 MHz, 10.37 W, 55, 35 %, 0x0000000000000001
2026/09/26 03:46:16.229, 645 MHz, 10.35 W, 55, 29 %, 0x0000000000000001
2026/09/26 03:46:17.233, 795 MHz, 10.43 W, 55, 29 %, 0x0000000000000001
2026/09/26 03:46:18.241, 795 MHz, 10.41 W, 55, 22 %, 0x0000000000000001
2026/09/26 03:46:19.248, 555 MHz, 10.34 W, 55, 30 %, 0x0000000000000001
2026/09/26 03:46:20.253, 615 MHz, 10.34 W, 55, 51 %, 0x0000000000000001
2026/09/26 03:46:21.262, 795 MHz, 10.43 W, 55, 24 %, 0x0000000000000001
2026/09/26 03:46:22.265, 795 MHz, 10.51 W, 55, 39 %, 0x0000000000000001
2026/09/26 03:46:23.270, 720 MHz, 10.37 W, 55, 30 %, 0x0000000000000001
2026/09/26 03:46:24.274, 705 MHz, 10.70 W, 55, 47 %, 0x0000000000000001
2026/09/26 03:46:25.278, 705 MHz, 10.34 W, 55, 19 %, 0x0000000000000001
2026/09/26 03:46:26.280, 615 MHz, 10.44 W, 55, 27 %, 0x0000000000000001
2026/09/26 03:46:27.294, 555 MHz, 10.28 W, 55, 35 %, 0x0000000000000001
2026/09/26 03:46:28.300, 570 MHz, 10.55 W, 55, 44 %, 0x0000000000000001
2026/09/26 03:46:29.307, 570 MHz, 10.27 W, 55, 26 %, 0x0000000000000001
2026/09/26 03:46:30.319, 495 MHz, 10.16 W, 55, 24 %, 0x0000000000000001
2026/09/26 03:46:31.326, 555 MHz, 10.05 W, 55, 12 %, 0x0000000000000001
2026/09/26 03:46:32.329, 555 MHz, 10.30 W, 55, 25 %, 0x0000000000000001
2026/09/26 03:46:33.341, 660 MHz, 10.36 W, 55, 24 %, 0x0000000000000001
2026/09/26 03:46:34.342, 660 MHz, 10.32 W, 55, 27 %, 0x0000000000000001
2026/09/26 03:46:35.367, 570 MHz, 10.35 W, 55, 39 %, 0x0000000000000001
2026/09/26 03:46:36.374, 690 MHz, 10.63 W, 55, 45 %, 0x0000000000000001
2026/09/26 03:46:37.389, 675 MHz, 10.37 W, 55, 32 %, 0x0000000000000001
2026/09/26 03:46:38.405, 600 MHz, 10.29 W, 55, 28 %, 0x0000000000000001
2026/09/26 03:46:39.408, 555 MHz, 10.18 W, 55, 27 %, 0x0000000000000001
2026/09/26 03:46:40.413, 510 MHz, 10.40 W, 55, 37 %, 0x0000000000000001
2026/09/26 03:46:41.415, 750 MHz, 10.40 W, 55, 26 %, 0x0000000000000001
2026/09/26 03:46:42.416, 840 MHz, 10.49 W, 55, 25 %, 0x0000000000000001
2026/09/26 03:46:43.425, 840 MHz, 10.51 W, 55, 28 %, 0x0000000000000001
2026/09/26 03:46:44.427, 840 MHz, 10.68 W, 55, 41 %, 0x0000000000000001
2026/09/26 03:46:45.441, 870 MHz, 10.52 W, 55, 24 %, 0x0000000000000001
2026/09/26 03:46:46.443, 870 MHz, 10.55 W, 55, 32 %, 0x0000000000000001
2026/09/26 03:46:47.455, 810 MHz, 10.45 W, 55, 29 %, 0x0000000000000001
2026/09/26 03:46:48.465, 810 MHz, 10.49 W, 55, 32 %, 0x0000000000000001
2026/09/26 03:46:49.478, 600 MHz, 10.33 W, 55, 30 %, 0x0000000000000001
2026/09/26 03:46:50.491, 570 MHz, 10.28 W, 55, 40 %, 0x0000000000000001
2026/09/26 03:46:51.492, 510 MHz, 10.17 W, 55, 33 %, 0x0000000000000001
2026/09/26 03:46:52.505, 450 MHz, 10.28 W, 55, 26 %, 0x0000000000000001
2026/09/26 03:46:53.513, 405 MHz, 7.94 W, 55, 36 %, 0x0000000000000001
2026/09/26 03:46:54.520, 375 MHz, 7.81 W, 55, 29 %, 0x0000000000000001
2026/09/26 03:46:55.534, 420 MHz, 8.90 W, 55, 30 %, 0x0000000000000001
2026/09/26 03:46:56.549, 435 MHz, 10.22 W, 55, 37 %, 0x0000000000000001
2026/09/26 03:46:57.563, 495 MHz, 10.27 W, 55, 40 %, 0x0000000000000001
2026/09/26 03:46:58.575, 525 MHz, 10.33 W, 55, 42 %, 0x0000000000000001
2026/09/26 03:46:59.580, 540 MHz, 10.24 W, 55, 40 %, 0x0000000000000001
2026/09/26 03:47:00.591, 555 MHz, 10.25 W, 55, 21 %, 0x0000000000000001
2026/09/26 03:47:01.598, 555 MHz, 10.25 W, 55, 30 %, 0x0000000000000001
2026/09/26 03:47:02.603, 480 MHz, 10.23 W, 55, 29 %, 0x0000000000000001
2026/09/26 03:47:03.610, 450 MHz, 10.26 W, 55, 35 %, 0x0000000000000001
2026/09/26 03:47:04.616, 450 MHz, 10.24 W, 55, 47 %, 0x0000000000000001
2026/09/26 03:47:05.619, 435 MHz, 10.22 W, 55, 44 %, 0x0000000000000001
2026/09/26 03:47:06.622, 465 MHz, 10.20 W, 55, 40 %, 0x0000000000000001
2026/09/26 03:47:07.634, 465 MHz, 10.16 W, 55, 28 %, 0x0000000000000001
2026/09/26 03:47:08.635, 345 MHz, 7.48 W, 55, 2 %, 0x0000000000000001
2026/09/26 03:47:09.642, 1530 MHz, 365.89 W, 55, 0 %, 0x0000000000000024
2026/09/26 03:47:11.144, 1530 MHz, 15.67 W, 55, 0 %, 0x0000000000000024
2026/09/26 03:47:12.669, 1530 MHz, 17.97 W, 55, 0 %, 0x0000000000000024
2026/09/26 03:47:14.168, 1530 MHz, 15.81 W, 55, 0 %, 0x0000000000000024
2026/09/26 03:47:15.681, 1530 MHz, 18.00 W, 55, 0 %, 0x0000000000000024
2026/09/26 03:47:17.199, 1530 MHz, 15.78 W, 55, 0 %, 0x0000000000000024
2026/09/26 03:47:18.710, 1530 MHz, 15.77 W, 55, 0 %, 0x0000000000000024
2026/09/26 03:47:20.217, 1530 MHz, 365.89 W, 55, 0 %, 0x0000000000000024
2026/09/26 03:47:21.703, 1530 MHz, 365.89 W, 55, 0 %, 0x0000000000000024
2026/09/26 03:47:23.195, 1530 MHz, 15.42 W, 55, 0 %, 0x0000000000000024
2026/09/26 03:47:24.695, 1530 MHz, 16.92 W, 55, 0 %, 0x0000000000000024
2026/09/26 03:47:25.819, 1530 MHz, 16.86 W, 55, 0 %, 0x0000000000000024
2026/09/26 03:47:27.176, 1530 MHz, 17.97 W, 55, 0 %, 0x0000000000000024
2026/09/26 03:47:28.398, 1530 MHz, 15.84 W, 55, 0 %, 0x0000000000000024
2026/09/26 03:47:29.896, 1530 MHz, 14.61 W, 56, 1 %, 0x0000000000000024
2026/09/26 03:47:30.896, 1530 MHz, 14.10 W, 56, 0 %, 0x0000000000000024
2026/09/26 03:47:31.905, 1530 MHz, 18.30 W, 56, 29 %, 0x0000000000000001
2026/09/26 03:47:32.914, 1995 MHz, 45.88 W, 61, 90 %, 0x0000000000000000
2026/09/26 03:47:33.925, 1815 MHz, 50.20 W, 62, 93 %, 0x0000000000000004
2026/09/26 03:47:34.935, 1440 MHz, 45.25 W, 61, 91 %, 0x0000000000000004
2026/09/26 03:47:35.937, 1725 MHz, 49.22 W, 62, 94 %, 0x0000000000000004
2026/09/26 03:47:36.940, 1425 MHz, 40.72 W, 61, 87 %, 0x0000000000000004
2026/09/26 03:47:37.948, 1995 MHz, 31.04 W, 62, 38 %, 0x0000000000000000
2026/09/26 03:47:38.958, 1995 MHz, 21.90 W, 60, 16 %, 0x0000000000000000
2026/09/26 03:47:39.967, 1995 MHz, 18.15 W, 59, 13 %, 0x0000000000000000
2026/09/26 03:47:40.971, 945 MHz, 12.56 W, 58, 27 %, 0x0000000000000001
2026/09/26 03:47:41.980, 765 MHz, 12.52 W, 57, 38 %, 0x0000000000000001
2026/09/26 03:47:42.981, 690 MHz, 12.10 W, 57, 17 %, 0x0000000000000001
2026/09/26 03:47:43.990, 540 MHz, 11.31 W, 57, 42 %, 0x0000000000000001
2026/09/26 03:47:44.990, 540 MHz, 10.70 W, 57, 45 %, 0x0000000000000001
2026/09/26 03:47:46.004, 540 MHz, 10.36 W, 57, 39 %, 0x0000000000000001
2026/09/26 03:47:47.008, 555 MHz, 10.35 W, 56, 26 %, 0x0000000000000001
2026/09/26 03:47:48.020, 540 MHz, 10.34 W, 56, 32 %, 0x0000000000000001
2026/09/26 03:47:49.021, 525 MHz, 10.33 W, 56, 38 %, 0x0000000000000001
2026/09/26 03:47:50.036, 540 MHz, 10.29 W, 56, 33 %, 0x0000000000000001
2026/09/26 03:47:51.049, 555 MHz, 10.31 W, 56, 25 %, 0x0000000000000001
2026/09/26 03:47:52.057, 600 MHz, 10.36 W, 56, 36 %, 0x0000000000000001
2026/09/26 03:47:53.067, 600 MHz, 10.37 W, 56, 37 %, 0x0000000000000001
2026/09/26 03:47:54.074, 630 MHz, 10.43 W, 56, 43 %, 0x0000000000000001
2026/09/26 03:47:55.085, 645 MHz, 10.41 W, 56, 31 %, 0x0000000000000001
2026/09/26 03:47:56.100, 555 MHz, 10.35 W, 56, 28 %, 0x0000000000000001
2026/09/26 03:47:57.113, 660 MHz, 10.40 W, 56, 36 %, 0x0000000000000001
2026/09/26 03:47:58.122, 660 MHz, 10.48 W, 56, 31 %, 0x0000000000000001
2026/09/26 03:47:59.128, 705 MHz, 10.44 W, 56, 25 %, 0x0000000000000001
2026/09/26 03:48:00.129, 705 MHz, 10.46 W, 56, 39 %, 0x0000000000000001
2026/09/26 03:48:01.138, 630 MHz, 10.41 W, 56, 37 %, 0x0000000000000001
2026/09/26 03:48:02.151, 795 MHz, 10.52 W, 56, 37 %, 0x0000000000000001
2026/09/26 03:48:03.166, 810 MHz, 10.55 W, 56, 34 %, 0x0000000000000001
2026/09/26 03:48:04.169, 885 MHz, 10.61 W, 56, 35 %, 0x0000000000000001
2026/09/26 03:48:05.177, 885 MHz, 10.60 W, 56, 40 %, 0x0000000000000001
2026/09/26 03:48:06.184, 840 MHz, 10.68 W, 56, 36 %, 0x0000000000000001
2026/09/26 03:48:07.185, 750 MHz, 10.53 W, 56, 36 %, 0x0000000000000001
2026/09/26 03:48:08.187, 690 MHz, 10.39 W, 56, 33 %, 0x0000000000000001
2026/09/26 03:48:09.202, 615 MHz, 10.40 W, 56, 30 %, 0x0000000000000001
2026/09/26 03:48:10.207, 555 MHz, 10.37 W, 56, 41 %, 0x0000000000000001
2026/09/26 03:48:11.211, 720 MHz, 10.45 W, 56, 40 %, 0x0000000000000001
2026/09/26 03:48:12.214, 765 MHz, 10.50 W, 56, 41 %, 0x0000000000000001
2026/09/26 03:48:13.227, 810 MHz, 10.52 W, 56, 38 %, 0x0000000000000001
2026/09/26 03:48:14.242, 810 MHz, 10.45 W, 56, 31 %, 0x0000000000000001
2026/09/26 03:48:15.243, 705 MHz, 10.37 W, 55, 21 %, 0x0000000000000001
2026/09/26 03:48:16.254, 675 MHz, 10.35 W, 55, 33 %, 0x0000000000000001
2026/09/26 03:48:17.255, 720 MHz, 10.42 W, 55, 43 %, 0x0000000000000001
2026/09/26 03:48:18.269, 780 MHz, 10.41 W, 55, 17 %, 0x0000000000000001
2026/09/26 03:48:19.283, 690 MHz, 10.38 W, 55, 40 %, 0x0000000000000001
2026/09/26 03:48:20.290, 720 MHz, 10.43 W, 55, 28 %, 0x0000000000000001
2026/09/26 03:48:21.298, 720 MHz, 10.50 W, 55, 31 %, 0x0000000000000001
2026/09/26 03:48:22.305, 645 MHz, 10.45 W, 55, 41 %, 0x0000000000000001
2026/09/26 03:48:23.320, 675 MHz, 10.40 W, 55, 32 %, 0x0000000000000001
2026/09/26 03:48:24.324, 630 MHz, 10.39 W, 55, 45 %, 0x0000000000000001
2026/09/26 03:48:25.325, 675 MHz, 10.36 W, 55, 37 %, 0x0000000000000001
2026/09/26 03:48:26.331, 675 MHz, 10.37 W, 55, 40 %, 0x0000000000000001
2026/09/26 03:48:27.338, 705 MHz, 10.42 W, 55, 30 %, 0x0000000000000001
2026/09/26 03:48:28.344, 705 MHz, 10.43 W, 55, 33 %, 0x0000000000000001
2026/09/26 03:48:29.353, 615 MHz, 10.36 W, 55, 22 %, 0x0000000000000001
2026/09/26 03:48:30.367, 555 MHz, 10.34 W, 55, 40 %, 0x0000000000000001
2026/09/26 03:48:31.374, 660 MHz, 10.39 W, 55, 29 %, 0x0000000000000001
2026/09/26 03:48:32.389, 705 MHz, 10.43 W, 55, 30 %, 0x0000000000000001
2026/09/26 03:48:33.391, 705 MHz, 10.47 W, 55, 36 %, 0x0000000000000001
2026/09/26 03:48:34.397, 600 MHz, 10.38 W, 55, 39 %, 0x0000000000000001
2026/09/26 03:48:35.402, 675 MHz, 10.36 W, 55, 42 %, 0x0000000000000001
2026/09/26 03:48:36.411, 675 MHz, 10.35 W, 55, 36 %, 0x0000000000000001
2026/09/26 03:48:37.416, 705 MHz, 10.35 W, 55, 27 %, 0x0000000000000001
2026/09/26 03:48:38.430, 705 MHz, 10.42 W, 55, 38 %, 0x0000000000000001
2026/09/26 03:48:39.436, 705 MHz, 10.36 W, 55, 34 %, 0x0000000000000001
2026/09/26 03:48:40.451, 720 MHz, 10.61 W, 55, 23 %, 0x0000000000000001
2026/09/26 03:48:41.466, 615 MHz, 10.44 W, 55, 38 %, 0x0000000000000001
2026/09/26 03:48:42.480, 570 MHz, 10.28 W, 55, 36 %, 0x0000000000000001
2026/09/26 03:48:43.488, 510 MHz, 10.31 W, 55, 34 %, 0x0000000000000001
2026/09/26 03:48:44.504, 540 MHz, 10.25 W, 55, 37 %, 0x0000000000000001
2026/09/26 03:48:45.513, 540 MHz, 10.26 W, 55, 35 %, 0x0000000000000001
2026/09/26 03:48:46.523, 525 MHz, 10.28 W, 55, 43 %, 0x0000000000000001
2026/09/26 03:48:47.527, 585 MHz, 10.27 W, 55, 34 %, 0x0000000000000001
2026/09/26 03:48:48.541, 585 MHz, 10.28 W, 55, 33 %, 0x0000000000000001
2026/09/26 03:48:49.558, 660 MHz, 10.34 W, 55, 36 %, 0x0000000000000001
2026/09/26 03:48:50.569, 690 MHz, 10.33 W, 55, 34 %, 0x0000000000000001
2026/09/26 03:48:51.573, 690 MHz, 10.39 W, 55, 32 %, 0x0000000000000001
2026/09/26 03:48:52.587, 660 MHz, 10.35 W, 55, 39 %, 0x0000000000000001
2026/09/26 03:48:53.594, 660 MHz, 10.42 W, 55, 21 %, 0x0000000000000001
2026/09/26 03:48:54.603, 600 MHz, 10.30 W, 55, 30 %, 0x0000000000000001
2026/09/26 03:48:55.604, 630 MHz, 10.37 W, 55, 36 %, 0x0000000000000001
2026/09/26 03:48:56.614, 630 MHz, 10.37 W, 55, 31 %, 0x0000000000000001
2026/09/26 03:48:57.629, 585 MHz, 10.29 W, 55, 42 %, 0x0000000000000001
2026/09/26 03:48:58.644, 675 MHz, 10.30 W, 55, 22 %, 0x0000000000000001
2026/09/26 03:48:59.657, 690 MHz, 10.37 W, 55, 34 %, 0x0000000000000001
2026/09/26 03:49:00.663, 690 MHz, 10.39 W, 55, 28 %, 0x0000000000000001
2026/09/26 03:49:01.664, 660 MHz, 10.35 W, 55, 45 %, 0x0000000000000001
2026/09/26 03:49:02.665, 600 MHz, 10.38 W, 55, 36 %, 0x0000000000000001
2026/09/26 03:49:03.677, 735 MHz, 10.34 W, 55, 36 %, 0x0000000000000001
2026/09/26 03:49:04.683, 825 MHz, 10.48 W, 55, 39 %, 0x0000000000000001
2026/09/26 03:49:05.686, 840 MHz, 10.52 W, 55, 28 %, 0x0000000000000001
2026/09/26 03:49:06.693, 750 MHz, 10.43 W, 55, 35 %, 0x0000000000000001
2026/09/26 03:49:07.694, 675 MHz, 10.35 W, 55, 28 %, 0x0000000000000001
2026/09/26 03:49:08.707, 615 MHz, 10.32 W, 55, 30 %, 0x0000000000000001
2026/09/26 03:49:09.709, 585 MHz, 10.31 W, 55, 38 %, 0x0000000000000001
2026/09/26 03:49:10.715, 585 MHz, 10.25 W, 55, 25 %, 0x0000000000000001
2026/09/26 03:49:11.730, 645 MHz, 10.34 W, 55, 38 %, 0x0000000000000001
2026/09/26 03:49:12.733, 645 MHz, 10.30 W, 55, 30 %, 0x0000000000000001
2026/09/26 03:49:13.738, 645 MHz, 10.26 W, 55, 26 %, 0x0000000000000001
2026/09/26 03:49:14.738, 645 MHz, 10.43 W, 55, 31 %, 0x0000000000000001
2026/09/26 03:49:15.754, 600 MHz, 10.29 W, 55, 30 %, 0x0000000000000001
2026/09/26 03:49:16.769, 510 MHz, 10.20 W, 55, 25 %, 0x0000000000000001
2026/09/26 03:49:17.778, 435 MHz, 10.25 W, 55, 34 %, 0x0000000000000001
2026/09/26 03:49:18.778, 600 MHz, 10.31 W, 55, 32 %, 0x0000000000000001
2026/09/26 03:49:19.789, 600 MHz, 10.34 W, 55, 28 %, 0x0000000000000001
2026/09/26 03:49:20.796, 540 MHz, 10.40 W, 55, 42 %, 0x0000000000000001
2026/09/26 03:49:21.799, 555 MHz, 10.35 W, 55, 36 %, 0x0000000000000001
2026/09/26 03:49:22.799, 570 MHz, 10.33 W, 55, 31 %, 0x0000000000000001
2026/09/26 03:49:23.810, 705 MHz, 10.42 W, 55, 34 %, 0x0000000000000001
2026/09/26 03:49:24.811, 705 MHz, 10.44 W, 55, 25 %, 0x0000000000000001
2026/09/26 03:49:25.823, 600 MHz, 10.42 W, 55, 46 %, 0x0000000000000001
2026/09/26 03:49:26.838, 630 MHz, 10.36 W, 55, 30 %, 0x0000000000000001
2026/09/26 03:49:27.847, 570 MHz, 10.49 W, 55, 16 %, 0x0000000000000001
2026/09/26 03:49:28.847, 495 MHz, 10.24 W, 55, 27 %, 0x0000000000000001
2026/09/26 03:49:29.849, 405 MHz, 9.10 W, 55, 36 %, 0x0000000000000001
2026/09/26 03:49:30.854, 390 MHz, 7.88 W, 55, 33 %, 0x0000000000000001
2026/09/26 03:49:31.855, 525 MHz, 10.26 W, 55, 36 %, 0x0000000000000001
2026/09/26 03:49:32.863, 540 MHz, 10.27 W, 56, 31 %, 0x0000000000000001
2026/09/26 03:49:33.866, 540 MHz, 10.30 W, 56, 42 %, 0x0000000000000001
2026/09/26 03:49:34.875, 735 MHz, 10.36 W, 56, 32 %, 0x0000000000000001
2026/09/26 03:49:35.891, 765 MHz, 10.48 W, 56, 31 %, 0x0000000000000001
2026/09/26 03:49:36.901, 765 MHz, 10.36 W, 56, 24 %, 0x0000000000000001
2026/09/26 03:49:37.916, 645 MHz, 10.38 W, 55, 35 %, 0x0000000000000001
2026/09/26 03:49:38.923, 585 MHz, 10.45 W, 55, 35 %, 0x0000000000000001
2026/09/26 03:49:39.932, 660 MHz, 10.41 W, 55, 33 %, 0x0000000000000001
2026/09/26 03:49:40.939, 675 MHz, 10.43 W, 55, 33 %, 0x0000000000000001
2026/09/26 03:49:41.942, 675 MHz, 10.35 W, 55, 26 %, 0x0000000000000001
2026/09/26 03:49:42.950, 585 MHz, 10.30 W, 55, 38 %, 0x0000000000000001
2026/09/26 03:49:43.964, 660 MHz, 10.32 W, 55, 27 %, 0x0000000000000001
2026/09/26 03:49:44.971, 690 MHz, 10.30 W, 55, 24 %, 0x0000000000000001
2026/09/26 03:49:45.973, 690 MHz, 10.50 W, 55, 30 %, 0x0000000000000001
2026/09/26 03:49:46.983, 570 MHz, 10.32 W, 55, 26 %, 0x0000000000000001
2026/09/26 03:49:47.993, 570 MHz, 10.35 W, 55, 30 %, 0x0000000000000001
2026/09/26 03:49:49.007, 570 MHz, 10.23 W, 55, 23 %, 0x0000000000000001
2026/09/26 03:49:50.009, 495 MHz, 10.23 W, 55, 41 %, 0x0000000000000001
2026/09/26 03:49:51.010, 630 MHz, 10.34 W, 55, 35 %, 0x0000000000000001
2026/09/26 03:49:52.022, 690 MHz, 10.36 W, 55, 28 %, 0x0000000000000001
2026/09/26 03:49:53.031, 690 MHz, 10.62 W, 55, 41 %, 0x0000000000000001
2026/09/26 03:49:54.035, 570 MHz, 10.37 W, 55, 40 %, 0x0000000000000001
2026/09/26 03:49:55.035, 750 MHz, 10.42 W, 55, 33 %, 0x0000000000000001
2026/09/26 03:49:56.042, 750 MHz, 10.32 W, 55, 16 %, 0x0000000000000001
2026/09/26 03:49:57.046, 630 MHz, 10.36 W, 55, 34 %, 0x0000000000000001
2026/09/26 03:49:58.061, 585 MHz, 10.46 W, 55, 37 %, 0x0000000000000001
2026/09/26 03:49:59.076, 675 MHz, 10.19 W, 55, 14 %, 0x0000000000000001
2026/09/26 03:50:00.086, 675 MHz, 11.36 W, 55, 29 %, 0x0000000000000001
2026/09/26 03:50:01.089, 660 MHz, 10.34 W, 55, 27 %, 0x0000000000000001
2026/09/26 03:50:02.090, 660 MHz, 10.23 W, 55, 1 %, 0x0000000000000001
2026/09/26 03:50:03.100, 600 MHz, 10.31 W, 55, 36 %, 0x0000000000000001
2026/09/26 03:50:04.101, 600 MHz, 10.35 W, 55, 36 %, 0x0000000000000001
2026/09/26 03:50:05.114, 570 MHz, 10.28 W, 55, 39 %, 0x0000000000000001
2026/09/26 03:50:06.117, 540 MHz, 10.25 W, 55, 33 %, 0x0000000000000001
2026/09/26 03:50:07.121, 570 MHz, 10.27 W, 55, 35 %, 0x0000000000000001
2026/09/26 03:50:08.133, 570 MHz, 10.26 W, 55, 31 %, 0x0000000000000001
2026/09/26 03:50:09.142, 525 MHz, 10.23 W, 55, 26 %, 0x0000000000000001
2026/09/26 03:50:10.146, 555 MHz, 10.26 W, 55, 26 %, 0x0000000000000001
2026/09/26 03:50:11.148, 570 MHz, 10.28 W, 55, 35 %, 0x0000000000000001
2026/09/26 03:50:12.153, 570 MHz, 10.30 W, 55, 27 %, 0x0000000000000001
2026/09/26 03:50:13.169, 450 MHz, 10.22 W, 55, 34 %, 0x0000000000000001
2026/09/26 03:50:14.177, 420 MHz, 10.19 W, 55, 44 %, 0x0000000000000001
2026/09/26 03:50:15.187, 465 MHz, 10.20 W, 55, 43 %, 0x0000000000000001
2026/09/26 03:50:16.190, 540 MHz, 10.23 W, 55, 32 %, 0x0000000000000001
2026/09/26 03:50:17.191, 555 MHz, 10.26 W, 55, 34 %, 0x0000000000000001
2026/09/26 03:50:18.191, 555 MHz, 10.35 W, 55, 21 %, 0x0000000000000001
2026/09/26 03:50:19.199, 480 MHz, 10.19 W, 55, 28 %, 0x0000000000000001
2026/09/26 03:50:20.206, 510 MHz, 10.22 W, 55, 23 %, 0x0000000000000001
2026/09/26 03:50:21.216, 510 MHz, 10.17 W, 55, 34 %, 0x0000000000000001
2026/09/26 03:50:22.220, 585 MHz, 10.23 W, 55, 34 %, 0x0000000000000001
2026/09/26 03:50:23.224, 600 MHz, 10.34 W, 55, 23 %, 0x0000000000000001
2026/09/26 03:50:24.225, 555 MHz, 10.26 W, 55, 25 %, 0x0000000000000001
2026/09/26 03:50:25.230, 495 MHz, 10.12 W, 55, 29 %, 0x0000000000000001
2026/09/26 03:50:26.231, 495 MHz, 10.24 W, 55, 40 %, 0x0000000000000001
2026/09/26 03:50:27.241, 540 MHz, 10.34 W, 55, 47 %, 0x0000000000000001
2026/09/26 03:50:28.248, 540 MHz, 10.33 W, 55, 35 %, 0x0000000000000001
2026/09/26 03:50:29.250, 660 MHz, 10.41 W, 55, 40 %, 0x0000000000000001
2026/09/26 03:50:30.255, 705 MHz, 10.42 W, 55, 37 %, 0x0000000000000001
2026/09/26 03:50:31.256, 705 MHz, 10.39 W, 55, 36 %, 0x0000000000000001
2026/09/26 03:50:32.271, 750 MHz, 10.41 W, 55, 36 %, 0x0000000000000001
2026/09/26 03:50:33.285, 750 MHz, 10.39 W, 55, 33 %, 0x0000000000000001
2026/09/26 03:50:34.290, 630 MHz, 10.35 W, 55, 25 %, 0x0000000000000001
2026/09/26 03:50:35.290, 570 MHz, 10.29 W, 55, 30 %, 0x0000000000000001
2026/09/26 03:50:36.298, 540 MHz, 10.26 W, 55, 34 %, 0x0000000000000001
2026/09/26 03:50:37.306, 555 MHz, 10.25 W, 55, 42 %, 0x0000000000000001
2026/09/26 03:50:38.307, 645 MHz, 10.32 W, 55, 31 %, 0x0000000000000001
2026/09/26 03:50:39.308, 570 MHz, 10.22 W, 55, 21 %, 0x0000000000000001
2026/09/26 03:50:40.318, 585 MHz, 10.24 W, 55, 40 %, 0x0000000000000001
2026/09/26 03:50:41.333, 600 MHz, 10.22 W, 55, 38 %, 0x0000000000000001
2026/09/26 03:50:42.338, 600 MHz, 10.21 W, 55, 28 %, 0x0000000000000001
2026/09/26 03:50:43.350, 630 MHz, 10.35 W, 55, 24 %, 0x0000000000000001
2026/09/26 03:50:44.353, 615 MHz, 10.36 W, 55, 49 %, 0x0000000000000001
2026/09/26 03:50:45.356, 660 MHz, 10.35 W, 55, 23 %, 0x0000000000000001
2026/09/26 03:50:46.362, 660 MHz, 10.35 W, 55, 36 %, 0x0000000000000001
2026/09/26 03:50:47.368, 615 MHz, 10.28 W, 55, 46 %, 0x0000000000000001
2026/09/26 03:50:48.372, 615 MHz, 10.29 W, 55, 32 %, 0x0000000000000001
2026/09/26 03:50:49.379, 555 MHz, 10.30 W, 55, 32 %, 0x0000000000000001
2026/09/26 03:50:50.382, 555 MHz, 10.25 W, 55, 42 %, 0x0000000000000001
2026/09/26 03:50:51.390, 690 MHz, 10.35 W, 55, 29 %, 0x0000000000000001
2026/09/26 03:50:52.399, 690 MHz, 10.38 W, 55, 40 %, 0x0000000000000001
2026/09/26 03:50:53.407, 615 MHz, 10.31 W, 55, 21 %, 0x0000000000000001
2026/09/26 03:50:54.409, 555 MHz, 10.26 W, 55, 35 %, 0x0000000000000001
2026/09/26 03:50:55.420, 630 MHz, 10.15 W, 55, 14 %, 0x0000000000000001
2026/09/26 03:50:56.430, 630 MHz, 10.34 W, 55, 25 %, 0x0000000000000001
2026/09/26 03:50:57.441, 540 MHz, 10.33 W, 55, 33 %, 0x0000000000000001
2026/09/26 03:50:58.452, 540 MHz, 10.21 W, 55, 39 %, 0x0000000000000001
2026/09/26 03:50:59.456, 540 MHz, 10.24 W, 55, 34 %, 0x0000000000000001
2026/09/26 03:51:00.464, 600 MHz, 10.35 W, 55, 38 %, 0x0000000000000001
2026/09/26 03:51:01.469, 600 MHz, 10.22 W, 55, 32 %, 0x0000000000000001
2026/09/26 03:51:02.469, 555 MHz, 10.18 W, 55, 33 %, 0x0000000000000001
2026/09/26 03:51:03.475, 570 MHz, 10.20 W, 55, 41 %, 0x0000000000000001
2026/09/26 03:51:04.488, 570 MHz, 10.24 W, 55, 33 %, 0x0000000000000001
2026/09/26 03:51:05.502, 495 MHz, 10.12 W, 55, 44 %, 0x0000000000000001
2026/09/26 03:51:06.508, 600 MHz, 10.19 W, 55, 14 %, 0x0000000000000001
2026/09/26 03:51:07.513, 600 MHz, 10.30 W, 55, 31 %, 0x0000000000000001
2026/09/26 03:51:08.528, 615 MHz, 10.41 W, 55, 48 %, 0x0000000000000001
2026/09/26 03:51:09.533, 615 MHz, 10.27 W, 55, 26 %, 0x0000000000000001
2026/09/26 03:51:10.543, 540 MHz, 10.25 W, 55, 37 %, 0x0000000000000001
2026/09/26 03:51:11.553, 615 MHz, 10.28 W, 55, 37 %, 0x0000000000000001
2026/09/26 03:51:12.567, 750 MHz, 10.36 W, 55, 34 %, 0x0000000000000001
2026/09/26 03:51:13.573, 750 MHz, 10.30 W, 55, 20 %, 0x0000000000000001
2026/09/26 03:51:14.583, 765 MHz, 10.39 W, 55, 30 %, 0x0000000000000001
2026/09/26 03:51:15.588, 765 MHz, 10.47 W, 55, 27 %, 0x0000000000000001
2026/09/26 03:51:16.602, 615 MHz, 10.29 W, 55, 36 %, 0x0000000000000001
2026/09/26 03:51:17.613, 570 MHz, 10.21 W, 55, 27 %, 0x0000000000000001
2026/09/26 03:51:18.624, 570 MHz, 10.27 W, 55, 21 %, 0x0000000000000001
2026/09/26 03:51:19.639, 615 MHz, 10.26 W, 55, 29 %, 0x0000000000000001
2026/09/26 03:51:20.650, 645 MHz, 10.29 W, 55, 36 %, 0x0000000000000001
2026/09/26 03:51:21.661, 645 MHz, 10.28 W, 55, 27 %, 0x0000000000000001
2026/09/26 03:51:22.665, 525 MHz, 10.17 W, 55, 33 %, 0x0000000000000001
2026/09/26 03:51:23.675, 540 MHz, 10.28 W, 55, 35 %, 0x0000000000000001
2026/09/26 03:51:24.676, 555 MHz, 10.20 W, 55, 44 %, 0x0000000000000001
2026/09/26 03:51:25.680, 555 MHz, 10.23 W, 55, 39 %, 0x0000000000000001
2026/09/26 03:51:26.690, 540 MHz, 10.21 W, 55, 35 %, 0x0000000000000001
2026/09/26 03:51:27.706, 495 MHz, 10.22 W, 55, 40 %, 0x0000000000000001
2026/09/26 03:51:28.720, 540 MHz, 10.22 W, 55, 38 %, 0x0000000000000001
2026/09/26 03:51:29.729, 540 MHz, 10.23 W, 55, 29 %, 0x0000000000000001
2026/09/26 03:51:30.736, 435 MHz, 10.16 W, 55, 38 %, 0x0000000000000001
2026/09/26 03:51:31.751, 540 MHz, 10.28 W, 55, 32 %, 0x0000000000000001
2026/09/26 03:51:32.756, 540 MHz, 10.22 W, 55, 23 %, 0x0000000000000001
2026/09/26 03:51:33.771, 540 MHz, 10.26 W, 55, 36 %, 0x0000000000000001
2026/09/26 03:51:34.776, 630 MHz, 10.24 W, 55, 31 %, 0x0000000000000001
2026/09/26 03:51:35.785, 630 MHz, 10.28 W, 55, 20 %, 0x0000000000000001
2026/09/26 03:51:36.795, 600 MHz, 10.31 W, 55, 33 %, 0x0000000000000001
2026/09/26 03:51:37.798, 555 MHz, 10.24 W, 55, 32 %, 0x0000000000000001
2026/09/26 03:51:38.813, 495 MHz, 10.19 W, 55, 29 %, 0x0000000000000001
2026/09/26 03:51:39.818, 510 MHz, 10.26 W, 55, 44 %, 0x0000000000000001
2026/09/26 03:51:40.829, 600 MHz, 10.33 W, 55, 24 %, 0x0000000000000001
2026/09/26 03:51:41.834, 600 MHz, 10.28 W, 55, 36 %, 0x0000000000000001
2026/09/26 03:51:42.841, 555 MHz, 10.23 W, 55, 37 %, 0x0000000000000001
2026/09/26 03:51:43.848, 690 MHz, 10.44 W, 55, 40 %, 0x0000000000000001
2026/09/26 03:51:44.855, 855 MHz, 10.54 W, 55, 44 %, 0x0000000000000001
2026/09/26 03:51:45.859, 930 MHz, 10.58 W, 55, 37 %, 0x0000000000000001
2026/09/26 03:51:46.865, 930 MHz, 10.68 W, 55, 29 %, 0x0000000000000001
2026/09/26 03:51:47.873, 795 MHz, 10.41 W, 55, 34 %, 0x0000000000000001
2026/09/26 03:51:48.884, 720 MHz, 10.38 W, 55, 38 %, 0x0000000000000001
2026/09/26 03:51:49.895, 765 MHz, 10.44 W, 55, 24 %, 0x0000000000000001
2026/09/26 03:51:50.902, 765 MHz, 10.49 W, 55, 41 %, 0x0000000000000001
2026/09/26 03:51:51.903, 645 MHz, 10.34 W, 55, 23 %, 0x0000000000000001
2026/09/26 03:51:52.911, 570 MHz, 10.29 W, 55, 31 %, 0x0000000000000001
2026/09/26 03:51:53.919, 540 MHz, 10.21 W, 55, 35 %, 0x0000000000000001
2026/09/26 03:51:54.922, 540 MHz, 10.27 W, 55, 32 %, 0x0000000000000001
2026/09/26 03:51:55.926, 555 MHz, 10.23 W, 55, 31 %, 0x0000000000000001
2026/09/26 03:51:56.928, 645 MHz, 10.25 W, 55, 27 %, 0x0000000000000001
2026/09/26 03:51:57.929, 810 MHz, 10.48 W, 55, 39 %, 0x0000000000000001
2026/09/26 03:51:58.931, 825 MHz, 10.54 W, 55, 29 %, 0x0000000000000001
2026/09/26 03:51:59.947, 765 MHz, 10.46 W, 55, 35 %, 0x0000000000000001
2026/09/26 03:52:00.961, 675 MHz, 10.33 W, 55, 25 %, 0x0000000000000001
2026/09/26 03:52:01.967, 675 MHz, 10.36 W, 55, 24 %, 0x0000000000000001
2026/09/26 03:52:02.983, 675 MHz, 10.35 W, 55, 21 %, 0x0000000000000001
2026/09/26 03:52:03.986, 525 MHz, 10.26 W, 55, 23 %, 0x0000000000000001
2026/09/26 03:52:04.988, 540 MHz, 10.21 W, 55, 31 %, 0x0000000000000001
2026/09/26 03:52:06.004, 675 MHz, 10.29 W, 55, 30 %, 0x0000000000000001
2026/09/26 03:52:07.014, 690 MHz, 10.27 W, 55, 26 %, 0x0000000000000001
2026/09/26 03:52:08.019, 690 MHz, 10.34 W, 55, 27 %, 0x0000000000000001
2026/09/26 03:52:09.020, 645 MHz, 10.39 W, 55, 35 %, 0x0000000000000001
2026/09/26 03:52:10.031, 735 MHz, 10.35 W, 55, 31 %, 0x0000000000000001
2026/09/26 03:52:11.036, 705 MHz, 10.45 W, 55, 28 %, 0x0000000000000001
2026/09/26 03:52:12.051, 645 MHz, 10.34 W, 55, 43 %, 0x0000000000000001
2026/09/26 03:52:13.063, 615 MHz, 10.22 W, 55, 26 %, 0x0000000000000001
2026/09/26 03:52:14.067, 555 MHz, 10.23 W, 55, 23 %, 0x0000000000000001
2026/09/26 03:52:15.068, 510 MHz, 10.21 W, 55, 36 %, 0x0000000000000001
2026/09/26 03:52:16.075, 585 MHz, 10.29 W, 55, 46 %, 0x0000000000000001
2026/09/26 03:52:17.081, 675 MHz, 10.36 W, 55, 38 %, 0x0000000000000001
2026/09/26 03:52:18.086, 675 MHz, 10.31 W, 55, 32 %, 0x0000000000000001
2026/09/26 03:52:19.093, 615 MHz, 10.48 W, 55, 27 %, 0x0000000000000001
2026/09/26 03:52:20.093, 585 MHz, 10.35 W, 55, 30 %, 0x0000000000000001
2026/09/26 03:52:21.097, 630 MHz, 10.42 W, 55, 32 %, 0x0000000000000001
2026/09/26 03:52:22.106, 585 MHz, 10.25 W, 55, 25 %, 0x0000000000000001
2026/09/26 03:52:23.112, 555 MHz, 10.20 W, 55, 30 %, 0x0000000000000001
2026/09/26 03:52:24.122, 600 MHz, 10.41 W, 55, 35 %, 0x0000000000000001
2026/09/26 03:52:25.129, 615 MHz, 10.30 W, 55, 26 %, 0x0000000000000001
2026/09/26 03:52:26.138, 615 MHz, 10.29 W, 55, 23 %, 0x0000000000000001
2026/09/26 03:52:27.142, 405 MHz, 7.94 W, 55, 34 %, 0x0000000000000001
2026/09/26 03:52:28.148, 390 MHz, 7.81 W, 55, 34 %, 0x0000000000000001
2026/09/26 03:52:29.157, 420 MHz, 10.19 W, 55, 37 %, 0x0000000000000001
2026/09/26 03:52:30.163, 495 MHz, 10.22 W, 55, 28 %, 0x0000000000000001
2026/09/26 03:52:31.165, 495 MHz, 10.22 W, 55, 34 %, 0x0000000000000001
2026/09/26 03:52:32.170, 480 MHz, 10.14 W, 55, 30 %, 0x0000000000000001
2026/09/26 03:52:33.173, 450 MHz, 10.13 W, 55, 18 %, 0x0000000000000001
2026/09/26 03:52:34.185, 420 MHz, 10.14 W, 55, 29 %, 0x0000000000000001
2026/09/26 03:52:35.194, 420 MHz, 10.12 W, 55, 30 %, 0x0000000000000001
2026/09/26 03:52:36.207, 360 MHz, 7.75 W, 55, 22 %, 0x0000000000000001
2026/09/26 03:52:37.222, 405 MHz, 7.81 W, 55, 47 %, 0x0000000000000001
2026/09/26 03:52:38.231, 465 MHz, 10.20 W, 55, 38 %, 0x0000000000000001
2026/09/26 03:52:39.237, 555 MHz, 10.26 W, 55, 29 %, 0x0000000000000001
2026/09/26 03:52:40.252, 555 MHz, 10.29 W, 55, 30 %, 0x0000000000000001
2026/09/26 03:52:41.263, 450 MHz, 10.23 W, 55, 29 %, 0x0000000000000001
2026/09/26 03:52:42.273, 405 MHz, 7.86 W, 55, 29 %, 0x0000000000000001
2026/09/26 03:52:43.282, 480 MHz, 10.38 W, 56, 50 %, 0x0000000000000001
2026/09/26 03:52:44.285, 540 MHz, 10.23 W, 56, 40 %, 0x0000000000000001
2026/09/26 03:52:45.289, 540 MHz, 10.19 W, 55, 17 %, 0x0000000000000001
2026/09/26 03:52:46.299, 405 MHz, 9.63 W, 56, 40 %, 0x0000000000000001
2026/09/26 03:52:47.301, 420 MHz, 10.11 W, 56, 18 %, 0x0000000000000001
2026/09/26 03:52:48.301, 420 MHz, 10.23 W, 56, 37 %, 0x0000000000000001
2026/09/26 03:52:49.314, 495 MHz, 10.22 W, 56, 28 %, 0x0000000000000001
2026/09/26 03:52:50.328, 495 MHz, 10.30 W, 56, 41 %, 0x0000000000000001
2026/09/26 03:52:51.344, 450 MHz, 10.18 W, 56, 32 %, 0x0000000000000001
2026/09/26 03:52:52.348, 480 MHz, 10.31 W, 56, 36 %, 0x0000000000000001
2026/09/26 03:52:53.362, 540 MHz, 10.29 W, 56, 29 %, 0x0000000000000001
2026/09/26 03:52:54.367, 540 MHz, 10.27 W, 55, 25 %, 0x0000000000000001
2026/09/26 03:52:55.377, 495 MHz, 10.16 W, 55, 35 %, 0x0000000000000001
2026/09/26 03:52:56.382, 510 MHz, 10.10 W, 55, 11 %, 0x0000000000000001
2026/09/26 03:52:57.395, 525 MHz, 10.23 W, 55, 27 %, 0x0000000000000001
2026/09/26 03:52:58.406, 525 MHz, 10.27 W, 55, 23 %, 0x0000000000000001
2026/09/26 03:52:59.420, 420 MHz, 10.21 W, 56, 26 %, 0x0000000000000001
2026/09/26 03:53:00.433, 480 MHz, 10.25 W, 55, 36 %, 0x0000000000000001
2026/09/26 03:53:01.447, 510 MHz, 10.31 W, 56, 41 %, 0x0000000000000001
2026/09/26 03:53:02.463, 600 MHz, 10.36 W, 56, 34 %, 0x0000000000000001
2026/09/26 03:53:03.466, 600 MHz, 10.40 W, 56, 45 %, 0x0000000000000001
2026/09/26 03:53:04.469, 615 MHz, 10.30 W, 56, 30 %, 0x0000000000000001
2026/09/26 03:53:05.476, 675 MHz, 10.60 W, 56, 42 %, 0x0000000000000001
2026/09/26 03:53:06.484, 735 MHz, 10.47 W, 55, 32 %, 0x0000000000000001
2026/09/26 03:53:07.489, 585 MHz, 10.18 W, 55, 14 %, 0x0000000000000001
2026/09/26 03:53:08.494, 495 MHz, 10.25 W, 55, 27 %, 0x0000000000000001
2026/09/26 03:53:09.505, 420 MHz, 10.14 W, 56, 19 %, 0x0000000000000001
2026/09/26 03:53:10.516, 435 MHz, 10.24 W, 56, 32 %, 0x0000000000000001
2026/09/26 03:53:11.526, 345 MHz, 9.54 W, 56, 35 %, 0x0000000000000001
2026/09/26 03:53:12.533, 345 MHz, 7.77 W, 56, 32 %, 0x0000000000000001
2026/09/26 03:53:13.546, 405 MHz, 7.87 W, 56, 34 %, 0x0000000000000001
2026/09/26 03:53:14.556, 450 MHz, 10.34 W, 56, 37 %, 0x0000000000000001
2026/09/26 03:53:15.571, 540 MHz, 10.26 W, 56, 34 %, 0x0000000000000001
2026/09/26 03:53:16.576, 540 MHz, 10.39 W, 56, 41 %, 0x0000000000000001
2026/09/26 03:53:17.591, 525 MHz, 10.27 W, 56, 41 %, 0x0000000000000001
2026/09/26 03:53:18.592, 570 MHz, 10.45 W, 56, 35 %, 0x0000000000000001
2026/09/26 03:53:19.610, 570 MHz, 10.31 W, 56, 31 %, 0x0000000000000001
2026/09/26 03:53:20.616, 480 MHz, 10.27 W, 56, 33 %, 0x0000000000000001
2026/09/26 03:53:21.623, 525 MHz, 10.23 W, 56, 25 %, 0x0000000000000001
2026/09/26 03:53:22.625, 525 MHz, 10.37 W, 56, 45 %, 0x0000000000000001
2026/09/26 03:53:23.629, 570 MHz, 10.26 W, 56, 24 %, 0x0000000000000001
2026/09/26 03:53:24.634, 555 MHz, 10.25 W, 55, 35 %, 0x0000000000000001
2026/09/26 03:53:25.635, 480 MHz, 10.17 W, 55, 34 %, 0x0000000000000001
2026/09/26 03:53:26.645, 465 MHz, 10.18 W, 55, 32 %, 0x0000000000000001
2026/09/26 03:53:27.661, 465 MHz, 10.11 W, 55, 33 %, 0x0000000000000001
2026/09/26 03:53:28.670, 465 MHz, 10.14 W, 55, 32 %, 0x0000000000000001
2026/09/26 03:53:29.686, 405 MHz, 7.87 W, 55, 38 %, 0x0000000000000001
2026/09/26 03:53:30.692, 390 MHz, 7.83 W, 55, 34 %, 0x0000000000000001
2026/09/26 03:53:31.701, 405 MHz, 8.00 W, 55, 39 %, 0x0000000000000001
2026/09/26 03:53:32.711, 375 MHz, 7.90 W, 55, 31 %, 0x0000000000000001
2026/09/26 03:53:33.725, 360 MHz, 7.84 W, 55, 36 %, 0x0000000000000001
2026/09/26 03:53:34.738, 360 MHz, 7.87 W, 55, 32 %, 0x0000000000000001
2026/09/26 03:53:35.749, 435 MHz, 10.15 W, 55, 27 %, 0x0000000000000001
2026/09/26 03:53:36.759, 435 MHz, 10.34 W, 56, 27 %, 0x0000000000000001
2026/09/26 03:53:37.760, 390 MHz, 7.89 W, 55, 23 %, 0x0000000000000001
2026/09/26 03:53:38.767, 615 MHz, 10.36 W, 55, 35 %, 0x0000000000000001
2026/09/26 03:53:39.768, 615 MHz, 10.39 W, 55, 35 %, 0x0000000000000001
2026/09/26 03:53:40.783, 645 MHz, 10.32 W, 55, 15 %, 0x0000000000000001
2026/09/26 03:53:41.793, 705 MHz, 10.53 W, 55, 28 %, 0x0000000000000001
2026/09/26 03:53:42.805, 705 MHz, 10.55 W, 55, 27 %, 0x0000000000000001
2026/09/26 03:53:43.809, 660 MHz, 10.38 W, 55, 43 %, 0x0000000000000001
2026/09/26 03:53:44.815, 705 MHz, 10.31 W, 55, 11 %, 0x0000000000000001
2026/09/26 03:53:45.827, 705 MHz, 10.50 W, 55, 41 %, 0x0000000000000001
2026/09/26 03:53:46.831, 645 MHz, 10.43 W, 55, 38 %, 0x0000000000000001
2026/09/26 03:53:47.850, 690 MHz, 10.55 W, 55, 42 %, 0x0000000000000001
2026/09/26 03:53:48.853, 780 MHz, 10.56 W, 55, 30 %, 0x0000000000000001
2026/09/26 03:53:49.859, 645 MHz, 10.33 W, 55, 35 %, 0x0000000000000001
2026/09/26 03:53:50.875, 660 MHz, 10.34 W, 55, 34 %, 0x0000000000000001
2026/09/26 03:53:51.884, 660 MHz, 10.37 W, 55, 35 %, 0x0000000000000001
2026/09/26 03:53:52.885, 570 MHz, 10.27 W, 55, 37 %, 0x0000000000000001
2026/09/26 03:53:53.888, 660 MHz, 10.37 W, 55, 27 %, 0x0000000000000001
2026/09/26 03:53:54.899, 660 MHz, 10.34 W, 55, 39 %, 0x0000000000000001
2026/09/26 03:53:55.905, 570 MHz, 10.27 W, 55, 30 %, 0x0000000000000001
2026/09/26 03:53:56.913, 585 MHz, 10.24 W, 55, 49 %, 0x0000000000000001
2026/09/26 03:53:57.926, 675 MHz, 10.28 W, 55, 44 %, 0x0000000000000001
2026/09/26 03:53:58.935, 675 MHz, 10.36 W, 55, 37 %, 0x0000000000000001
2026/09/26 03:53:59.940, 615 MHz, 10.32 W, 55, 42 %, 0x0000000000000001
2026/09/26 03:54:00.943, 570 MHz, 10.26 W, 55, 32 %, 0x0000000000000001
2026/09/26 03:54:01.955, 495 MHz, 10.16 W, 55, 24 %, 0x0000000000000001
2026/09/26 03:54:02.970, 450 MHz, 10.13 W, 55, 42 %, 0x0000000000000001
2026/09/26 03:54:03.982, 480 MHz, 10.12 W, 55, 35 %, 0x0000000000000001
2026/09/26 03:54:04.983, 525 MHz, 10.20 W, 55, 19 %, 0x0000000000000001
2026/09/26 03:54:05.989, 525 MHz, 10.23 W, 55, 35 %, 0x0000000000000001
2026/09/26 03:54:06.999, 540 MHz, 10.22 W, 55, 38 %, 0x0000000000000001
2026/09/26 03:54:08.000, 615 MHz, 10.31 W, 55, 35 %, 0x0000000000000001
2026/09/26 03:54:09.003, 645 MHz, 10.29 W, 55, 33 %, 0x0000000000000001
2026/09/26 03:54:10.015, 645 MHz, 10.38 W, 55, 30 %, 0x0000000000000001
2026/09/26 03:54:11.023, 585 MHz, 10.31 W, 55, 40 %, 0x0000000000000001
2026/09/26 03:54:12.037, 570 MHz, 10.22 W, 55, 33 %, 0x0000000000000001
2026/09/26 03:54:13.040, 630 MHz, 10.34 W, 55, 25 %, 0x0000000000000001
2026/09/26 03:54:14.040, 630 MHz, 10.34 W, 55, 36 %, 0x0000000000000001
2026/09/26 03:54:15.047, 570 MHz, 10.28 W, 55, 25 %, 0x0000000000000001
2026/09/26 03:54:16.054, 495 MHz, 10.13 W, 55, 21 %, 0x0000000000000001
2026/09/26 03:54:17.066, 405 MHz, 7.94 W, 55, 26 %, 0x0000000000000001
2026/09/26 03:54:18.076, 555 MHz, 10.25 W, 55, 34 %, 0x0000000000000001
2026/09/26 03:54:19.090, 555 MHz, 10.44 W, 55, 34 %, 0x0000000000000001
2026/09/26 03:54:20.094, 420 MHz, 10.16 W, 55, 31 %, 0x0000000000000001
2026/09/26 03:54:21.101, 435 MHz, 10.18 W, 55, 36 %, 0x0000000000000001
2026/09/26 03:54:22.108, 480 MHz, 10.23 W, 55, 35 %, 0x0000000000000001
2026/09/26 03:54:23.108, 510 MHz, 10.34 W, 55, 40 %, 0x0000000000000001
2026/09/26 03:54:24.120, 510 MHz, 10.26 W, 55, 43 %, 0x0000000000000001
2026/09/26 03:54:25.134, 450 MHz, 10.14 W, 55, 23 %, 0x0000000000000001
2026/09/26 03:54:26.150, 525 MHz, 10.25 W, 55, 42 %, 0x0000000000000001
2026/09/26 03:54:27.158, 525 MHz, 10.20 W, 55, 20 %, 0x0000000000000001
2026/09/26 03:54:28.172, 480 MHz, 9.50 W, 55, 34 %, 0x0000000000000001
2026/09/26 03:54:29.182, 480 MHz, 10.28 W, 55, 37 %, 0x0000000000000001
2026/09/26 03:54:30.192, 540 MHz, 10.45 W, 55, 47 %, 0x0000000000000001
2026/09/26 03:54:31.194, 600 MHz, 10.32 W, 55, 33 %, 0x0000000000000001
2026/09/26 03:54:32.203, 510 MHz, 10.30 W, 55, 45 %, 0x0000000000000001
2026/09/26 03:54:33.216, 525 MHz, 10.19 W, 55, 33 %, 0x0000000000000001
2026/09/26 03:54:34.229, 525 MHz, 10.24 W, 55, 30 %, 0x0000000000000001
2026/09/26 03:54:35.240, 495 MHz, 10.29 W, 55, 40 %, 0x0000000000000001
2026/09/26 03:54:36.254, 420 MHz, 10.15 W, 55, 26 %, 0x0000000000000001
2026/09/26 03:54:37.267, 585 MHz, 10.37 W, 55, 37 %, 0x0000000000000001
2026/09/26 03:54:38.276, 645 MHz, 10.39 W, 55, 34 %, 0x0000000000000001
2026/09/26 03:54:39.288, 645 MHz, 10.33 W, 55, 26 %, 0x0000000000000001
2026/09/26 03:54:40.296, 525 MHz, 10.25 W, 55, 34 %, 0x0000000000000001
2026/09/26 03:54:41.298, 585 MHz, 10.23 W, 55, 23 %, 0x0000000000000001
2026/09/26 03:54:42.312, 600 MHz, 10.28 W, 55, 31 %, 0x0000000000000001
2026/09/26 03:54:43.314, 600 MHz, 10.34 W, 55, 36 %, 0x0000000000000001
2026/09/26 03:54:44.321, 630 MHz, 10.28 W, 55, 29 %, 0x0000000000000001
2026/09/26 03:54:45.325, 630 MHz, 10.31 W, 55, 36 %, 0x0000000000000001
2026/09/26 03:54:46.334, 600 MHz, 10.27 W, 55, 30 %, 0x0000000000000001
2026/09/26 03:54:47.341, 540 MHz, 10.22 W, 55, 22 %, 0x0000000000000001
2026/09/26 03:54:48.356, 660 MHz, 10.45 W, 55, 27 %, 0x0000000000000001
2026/09/26 03:54:49.358, 660 MHz, 10.42 W, 55, 25 %, 0x0000000000000001
2026/09/26 03:54:50.359, 510 MHz, 10.29 W, 55, 32 %, 0x0000000000000001
2026/09/26 03:54:51.361, 510 MHz, 10.21 W, 55, 37 %, 0x0000000000000001
2026/09/26 03:54:52.370, 630 MHz, 10.53 W, 55, 33 %, 0x0000000000000001
2026/09/26 03:54:53.384, 690 MHz, 10.42 W, 55, 31 %, 0x0000000000000001
2026/09/26 03:54:54.388, 720 MHz, 10.56 W, 55, 35 %, 0x0000000000000001
2026/09/26 03:54:55.396, 720 MHz, 10.41 W, 55, 40 %, 0x0000000000000001
2026/09/26 03:54:56.407, 765 MHz, 10.57 W, 55, 47 %, 0x0000000000000001
2026/09/26 03:54:57.427, 825 MHz, 10.50 W, 55, 34 %, 0x0000000000000001
2026/09/26 03:54:58.434, 825 MHz, 10.44 W, 55, 18 %, 0x0000000000000001
2026/09/26 03:54:59.448, 630 MHz, 10.35 W, 55, 23 %, 0x0000000000000001
2026/09/26 03:55:00.459, 645 MHz, 10.46 W, 55, 28 %, 0x0000000000000001
2026/09/26 03:55:01.473, 645 MHz, 10.42 W, 55, 44 %, 0x0000000000000001
2026/09/26 03:55:02.478, 795 MHz, 10.50 W, 55, 23 %, 0x0000000000000001
2026/09/26 03:55:03.489, 660 MHz, 10.39 W, 55, 37 %, 0x0000000000000001
2026/09/26 03:55:04.492, 675 MHz, 10.46 W, 55, 30 %, 0x0000000000000001
2026/09/26 03:55:05.498, 735 MHz, 10.42 W, 55, 37 %, 0x0000000000000001
2026/09/26 03:55:06.504, 735 MHz, 10.41 W, 55, 33 %, 0x0000000000000001
2026/09/26 03:55:07.507, 645 MHz, 10.35 W, 55, 37 %, 0x0000000000000001
2026/09/26 03:55:08.509, 630 MHz, 10.38 W, 55, 21 %, 0x0000000000000001
2026/09/26 03:55:09.523, 750 MHz, 10.61 W, 55, 19 %, 0x0000000000000001
2026/09/26 03:55:10.526, 750 MHz, 10.39 W, 55, 31 %, 0x0000000000000001
2026/09/26 03:55:11.530, 600 MHz, 10.27 W, 55, 28 %, 0x0000000000000001
2026/09/26 03:55:12.537, 540 MHz, 10.35 W, 55, 42 %, 0x0000000000000001
2026/09/26 03:55:13.539, 735 MHz, 10.41 W, 55, 26 %, 0x0000000000000001
2026/09/26 03:55:14.544, 735 MHz, 10.49 W, 55, 40 %, 0x0000000000000001
2026/09/26 03:55:15.552, 765 MHz, 10.50 W, 55, 38 %, 0x0000000000000001
2026/09/26 03:55:16.558, 765 MHz, 10.54 W, 55, 30 %, 0x0000000000000001
2026/09/26 03:55:17.564, 795 MHz, 10.51 W, 55, 29 %, 0x0000000000000001
2026/09/26 03:55:18.569, 705 MHz, 10.46 W, 55, 31 %, 0x0000000000000001
2026/09/26 03:55:19.577, 750 MHz, 10.45 W, 55, 32 %, 0x0000000000000001
2026/09/26 03:55:20.579, 1050 MHz, 10.73 W, 55, 18 %, 0x0000000000000001
2026/09/26 03:55:21.595, 1050 MHz, 10.78 W, 55, 24 %, 0x0000000000000001
2026/09/26 03:55:22.601, 735 MHz, 10.44 W, 55, 23 %, 0x0000000000000001
2026/09/26 03:55:23.604, 660 MHz, 10.40 W, 55, 39 %, 0x0000000000000001
2026/09/26 03:55:24.606, 780 MHz, 10.66 W, 55, 35 %, 0x0000000000000001
2026/09/26 03:55:25.616, 825 MHz, 10.53 W, 55, 27 %, 0x0000000000000001
2026/09/26 03:55:26.624, 735 MHz, 10.48 W, 55, 30 %, 0x0000000000000001
2026/09/26 03:55:27.629, 810 MHz, 10.45 W, 55, 24 %, 0x0000000000000001
2026/09/26 03:55:28.639, 960 MHz, 10.62 W, 55, 29 %, 0x0000000000000001
2026/09/26 03:55:29.649, 960 MHz, 10.66 W, 55, 28 %, 0x0000000000000001
2026/09/26 03:55:30.660, 840 MHz, 10.51 W, 55, 30 %, 0x0000000000000001
2026/09/26 03:55:31.671, 720 MHz, 10.48 W, 55, 28 %, 0x0000000000000001
2026/09/26 03:55:32.675, 915 MHz, 10.58 W, 55, 34 %, 0x0000000000000001
2026/09/26 03:55:33.676, 915 MHz, 10.58 W, 55, 23 %, 0x0000000000000001
2026/09/26 03:55:34.684, 615 MHz, 10.48 W, 55, 31 %, 0x0000000000000001
2026/09/26 03:55:35.686, 570 MHz, 10.26 W, 55, 32 %, 0x0000000000000001
2026/09/26 03:55:36.697, 645 MHz, 10.51 W, 55, 41 %, 0x0000000000000001
2026/09/26 03:55:37.704, 645 MHz, 10.47 W, 55, 35 %, 0x0000000000000001
2026/09/26 03:55:38.710, 750 MHz, 10.41 W, 55, 41 %, 0x0000000000000001
2026/09/26 03:55:39.723, 795 MHz, 10.54 W, 55, 43 %, 0x0000000000000001
2026/09/26 03:55:40.730, 870 MHz, 10.49 W, 55, 32 %, 0x0000000000000001
2026/09/26 03:55:41.735, 870 MHz, 10.56 W, 55, 20 %, 0x0000000000000001
2026/09/26 03:55:42.748, 900 MHz, 10.65 W, 55, 25 %, 0x0000000000000001
2026/09/26 03:55:43.752, 900 MHz, 10.57 W, 55, 42 %, 0x0000000000000001
2026/09/26 03:55:44.757, 840 MHz, 10.52 W, 55, 32 %, 0x0000000000000001
2026/09/26 03:55:45.763, 750 MHz, 10.44 W, 55, 34 %, 0x0000000000000001
2026/09/26 03:55:46.773, 660 MHz, 10.35 W, 55, 26 %, 0x0000000000000001
2026/09/26 03:55:47.775, 900 MHz, 10.76 W, 55, 52 %, 0x0000000000000001
2026/09/26 03:55:48.779, 900 MHz, 10.55 W, 55, 34 %, 0x0000000000000001
2026/09/26 03:55:49.783, 705 MHz, 10.40 W, 55, 31 %, 0x0000000000000001
2026/09/26 03:55:50.790, 660 MHz, 10.34 W, 55, 40 %, 0x0000000000000001
2026/09/26 03:55:51.796, 795 MHz, 10.63 W, 55, 39 %, 0x0000000000000001
2026/09/26 03:55:52.807, 795 MHz, 10.48 W, 55, 30 %, 0x0000000000000001
2026/09/26 03:55:53.821, 630 MHz, 10.28 W, 55, 19 %, 0x0000000000000001
2026/09/26 03:55:54.864, 600 MHz, 10.26 W, 55, 37 %, 0x0000000000000001
2026/09/26 03:55:55.866, 600 MHz, 10.39 W, 55, 27 %, 0x0000000000000001
2026/09/26 03:55:56.868, 585 MHz, 10.27 W, 55, 33 %, 0x0000000000000001
2026/09/26 03:55:57.875, 585 MHz, 10.25 W, 55, 31 %, 0x0000000000000001
2026/09/26 03:55:58.881, 615 MHz, 10.21 W, 55, 19 %, 0x0000000000000001
2026/09/26 03:55:59.883, 615 MHz, 10.39 W, 55, 34 %, 0x0000000000000001
2026/09/26 03:56:00.892, 645 MHz, 10.28 W, 55, 32 %, 0x0000000000000001
2026/09/26 03:56:01.901, 645 MHz, 10.32 W, 55, 36 %, 0x0000000000000001
2026/09/26 03:56:02.906, 570 MHz, 10.46 W, 55, 51 %, 0x0000000000000001
2026/09/26 03:56:03.911, 660 MHz, 10.30 W, 55, 34 %, 0x0000000000000001
2026/09/26 03:56:04.921, 900 MHz, 10.56 W, 55, 24 %, 0x0000000000000001
2026/09/26 03:56:05.925, 900 MHz, 10.57 W, 55, 29 %, 0x0000000000000001
2026/09/26 03:56:06.932, 690 MHz, 10.48 W, 55, 35 %, 0x0000000000000001
2026/09/26 03:56:07.947, 600 MHz, 10.34 W, 55, 29 %, 0x0000000000000001
2026/09/26 03:56:08.953, 720 MHz, 10.30 W, 55, 38 %, 0x0000000000000001
2026/09/26 03:56:09.961, 720 MHz, 10.38 W, 55, 19 %, 0x0000000000000001
2026/09/26 03:56:10.977, 555 MHz, 10.28 W, 55, 33 %, 0x0000000000000001
2026/09/26 03:56:11.991, 645 MHz, 10.33 W, 55, 42 %, 0x0000000000000001
2026/09/26 03:56:12.998, 705 MHz, 10.68 W, 55, 47 %, 0x0000000000000001
2026/09/26 03:56:13.998, 720 MHz, 10.39 W, 55, 34 %, 0x0000000000000001
2026/09/26 03:56:15.004, 600 MHz, 10.35 W, 55, 35 %, 0x0000000000000001
2026/09/26 03:56:16.011, 660 MHz, 10.32 W, 55, 21 %, 0x0000000000000001
2026/09/26 03:56:17.012, 660 MHz, 10.50 W, 55, 48 %, 0x0000000000000001
2026/09/26 03:56:18.014, 825 MHz, 10.45 W, 55, 22 %, 0x0000000000000001
2026/09/26 03:56:19.027, 825 MHz, 10.43 W, 55, 24 %, 0x0000000000000001
2026/09/26 03:56:20.040, 555 MHz, 10.39 W, 55, 46 %, 0x0000000000000001
2026/09/26 03:56:21.051, 615 MHz, 10.45 W, 55, 27 %, 0x0000000000000001
2026/09/26 03:56:22.053, 615 MHz, 10.37 W, 55, 33 %, 0x0000000000000001
2026/09/26 03:56:23.055, 555 MHz, 10.24 W, 55, 35 %, 0x0000000000000001
2026/09/26 03:56:24.063, 525 MHz, 10.26 W, 55, 32 %, 0x0000000000000001
2026/09/26 03:56:25.071, 540 MHz, 10.30 W, 55, 28 %, 0x0000000000000001
2026/09/26 03:56:26.081, 615 MHz, 10.30 W, 55, 24 %, 0x0000000000000001
2026/09/26 03:56:27.081, 615 MHz, 10.36 W, 55, 36 %, 0x0000000000000001
2026/09/26 03:56:28.092, 570 MHz, 10.24 W, 55, 42 %, 0x0000000000000001
2026/09/26 03:56:29.094, 660 MHz, 10.61 W, 55, 39 %, 0x0000000000000001
2026/09/26 03:56:30.096, 630 MHz, 10.33 W, 55, 22 %, 0x0000000000000001
2026/09/26 03:56:31.107, 585 MHz, 10.24 W, 55, 31 %, 0x0000000000000001
2026/09/26 03:56:32.114, 660 MHz, 10.33 W, 55, 42 %, 0x0000000000000001
2026/09/26 03:56:33.123, 660 MHz, 10.42 W, 55, 28 %, 0x0000000000000001
2026/09/26 03:56:34.137, 900 MHz, 10.53 W, 55, 27 %, 0x0000000000000001
2026/09/26 03:56:35.139, 900 MHz, 10.57 W, 55, 37 %, 0x0000000000000001
2026/09/26 03:56:36.151, 900 MHz, 10.61 W, 55, 36 %, 0x0000000000000001
2026/09/26 03:56:37.155, 900 MHz, 10.87 W, 55, 43 %, 0x0000000000000001
2026/09/26 03:56:38.168, 720 MHz, 10.47 W, 55, 29 %, 0x0000000000000001
2026/09/26 03:56:39.176, 630 MHz, 10.35 W, 55, 43 %, 0x0000000000000001
2026/09/26 03:56:40.179, 705 MHz, 10.35 W, 55, 24 %, 0x0000000000000001
2026/09/26 03:56:41.186, 480 MHz, 10.35 W, 55, 44 %, 0x0000000000000001
2026/09/26 03:56:42.188, 450 MHz, 10.20 W, 55, 23 %, 0x0000000000000001
2026/09/26 03:56:43.202, 420 MHz, 10.21 W, 55, 27 %, 0x0000000000000001
2026/09/26 03:56:44.213, 420 MHz, 10.20 W, 55, 39 %, 0x0000000000000001
2026/09/26 03:56:45.216, 525 MHz, 10.29 W, 55, 31 %, 0x0000000000000001
2026/09/26 03:56:46.230, 525 MHz, 10.43 W, 55, 45 %, 0x0000000000000001
2026/09/26 03:56:47.238, 615 MHz, 10.33 W, 55, 40 %, 0x0000000000000001
2026/09/26 03:56:48.246, 555 MHz, 10.31 W, 55, 37 %, 0x0000000000000001
2026/09/26 03:56:49.249, 480 MHz, 10.15 W, 55, 15 %, 0x0000000000000001
2026/09/26 03:56:50.256, 420 MHz, 7.94 W, 55, 37 %, 0x0000000000000001
2026/09/26 03:56:51.269, 525 MHz, 10.39 W, 55, 41 %, 0x0000000000000001
2026/09/26 03:56:52.278, 570 MHz, 10.28 W, 55, 33 %, 0x0000000000000001
2026/09/26 03:56:53.286, 600 MHz, 10.30 W, 55, 27 %, 0x0000000000000001
2026/09/26 03:56:54.295, 675 MHz, 10.43 W, 55, 36 %, 0x0000000000000001
2026/09/26 03:56:55.302, 765 MHz, 10.70 W, 55, 49 %, 0x0000000000000001
2026/09/26 03:56:56.305, 780 MHz, 10.61 W, 55, 41 %, 0x0000000000000001
2026/09/26 03:56:57.308, 690 MHz, 10.47 W, 55, 33 %, 0x0000000000000001
2026/09/26 03:56:58.309, 630 MHz, 10.29 W, 55, 36 %, 0x0000000000000001
2026/09/26 03:56:59.315, 615 MHz, 10.44 W, 55, 48 %, 0x0000000000000001
2026/09/26 03:57:00.319, 690 MHz, 10.34 W, 55, 29 %, 0x0000000000000001
2026/09/26 03:57:01.325, 720 MHz, 10.35 W, 55, 30 %, 0x0000000000000001
2026/09/26 03:57:02.331, 750 MHz, 10.37 W, 55, 32 %, 0x0000000000000001
2026/09/26 03:57:03.337, 1020 MHz, 10.85 W, 55, 41 %, 0x0000000000000001
2026/09/26 03:57:04.342, 1020 MHz, 10.76 W, 55, 30 %, 0x0000000000000001
2026/09/26 03:57:05.346, 855 MHz, 10.42 W, 55, 36 %, 0x0000000000000001
2026/09/26 03:57:06.352, 885 MHz, 10.65 W, 55, 46 %, 0x0000000000000001
2026/09/26 03:57:07.358, 975 MHz, 10.63 W, 55, 19 %, 0x0000000000000001
2026/09/26 03:57:08.360, 975 MHz, 10.52 W, 55, 20 %, 0x0000000000000001
2026/09/26 03:57:09.371, 765 MHz, 10.32 W, 55, 17 %, 0x0000000000000001
2026/09/26 03:57:10.376, 765 MHz, 10.53 W, 54, 41 %, 0x0000000000000001
2026/09/26 03:57:11.382, 900 MHz, 10.50 W, 54, 35 %, 0x0000000000000001
2026/09/26 03:57:12.392, 945 MHz, 10.55 W, 54, 37 %, 0x0000000000000001
2026/09/26 03:57:13.401, 1020 MHz, 10.67 W, 54, 27 %, 0x0000000000000001
2026/09/26 03:57:14.410, 1095 MHz, 12.34 W, 55, 26 %, 0x0000000000000001
2026/09/26 03:57:15.419, 1095 MHz, 13.66 W, 55, 30 %, 0x0000000000000001
2026/09/26 03:57:16.422, 870 MHz, 10.76 W, 54, 36 %, 0x0000000000000001
2026/09/26 03:57:17.432, 930 MHz, 10.68 W, 54, 52 %, 0x0000000000000001
2026/09/26 03:57:18.440, 930 MHz, 10.50 W, 54, 37 %, 0x0000000000000001
2026/09/26 03:57:19.449, 945 MHz, 10.54 W, 54, 36 %, 0x0000000000000001
2026/09/26 03:57:20.452, 1050 MHz, 10.90 W, 54, 37 %, 0x0000000000000001
2026/09/26 03:57:21.453, 1050 MHz, 10.69 W, 54, 28 %, 0x0000000000000001
2026/09/26 03:57:22.458, 930 MHz, 10.63 W, 54, 38 %, 0x0000000000000001
2026/09/26 03:57:23.466, 900 MHz, 10.53 W, 54, 34 %, 0x0000000000000001
2026/09/26 03:57:24.476, 840 MHz, 10.47 W, 54, 37 %, 0x0000000000000001
2026/09/26 03:57:25.482, 855 MHz, 10.48 W, 54, 38 %, 0x0000000000000001
2026/09/26 03:57:26.482, 855 MHz, 10.43 W, 54, 28 %, 0x0000000000000001
2026/09/26 03:57:27.490, 750 MHz, 10.35 W, 54, 38 %, 0x0000000000000001
2026/09/26 03:57:28.493, 720 MHz, 10.34 W, 54, 33 %, 0x0000000000000001
2026/09/26 03:57:29.502, 720 MHz, 10.26 W, 54, 38 %, 0x0000000000000001
2026/09/26 03:57:30.504, 750 MHz, 10.36 W, 54, 34 %, 0x0000000000000001
2026/09/26 03:57:31.512, 750 MHz, 10.36 W, 54, 37 %, 0x0000000000000001
2026/09/26 03:57:32.522, 720 MHz, 10.31 W, 54, 34 %, 0x0000000000000001
2026/09/26 03:57:33.531, 675 MHz, 10.30 W, 54, 41 %, 0x0000000000000001
2026/09/26 03:57:34.541, 690 MHz, 10.21 W, 54, 35 %, 0x0000000000000001
2026/09/26 03:57:35.547, 690 MHz, 10.18 W, 54, 26 %, 0x0000000000000001
2026/09/26 03:57:36.550, 660 MHz, 10.28 W, 53, 43 %, 0x0000000000000001
2026/09/26 03:57:37.559, 630 MHz, 10.20 W, 53, 30 %, 0x0000000000000001
2026/09/26 03:57:38.570, 645 MHz, 10.19 W, 53, 43 %, 0x0000000000000001
2026/09/26 03:57:39.578, 690 MHz, 10.14 W, 53, 0 %, 0x0000000000000001
2026/09/26 03:57:40.581, 1530 MHz, 365.89 W, 55, 0 %, 0x0000000000000024
2026/09/26 03:57:42.086, 1530 MHz, 365.89 W, 55, 0 %, 0x0000000000000024
2026/09/26 03:57:43.575, 1530 MHz, 365.89 W, 55, 0 %, 0x0000000000000024
2026/09/26 03:57:45.062, 1530 MHz, 365.89 W, 55, 0 %, 0x0000000000000024
2026/09/26 03:57:46.552, 1530 MHz, 365.89 W, 55, 0 %, 0x0000000000000024
2026/09/26 03:57:48.051, 1530 MHz, 17.66 W, 55, 0 %, 0x0000000000000024
2026/09/26 03:57:49.158, 1530 MHz, 17.82 W, 55, 0 %, 0x0000000000000024
2026/09/26 03:57:50.660, 1530 MHz, 17.88 W, 55, 0 %, 0x0000000000000024
2026/09/26 03:57:52.167, 1530 MHz, 17.81 W, 55, 0 %, 0x0000000000000024
2026/09/26 03:57:53.671, 1530 MHz, 17.77 W, 55, 0 %, 0x0000000000000024
2026/09/26 03:57:55.178, 1530 MHz, 365.89 W, 55, 0 %, 0x0000000000000024
2026/09/26 03:57:56.674, 1530 MHz, 15.52 W, 55, 0 %, 0x0000000000000024
2026/09/26 03:57:58.179, 1530 MHz, 13.96 W, 54, 0 %, 0x0000000000000024
2026/09/26 03:57:59.189, 1530 MHz, 13.99 W, 54, 0 %, 0x0000000000000024
2026/09/26 03:58:00.199, 1530 MHz, 14.11 W, 55, 0 %, 0x0000000000000024
2026/09/26 03:58:01.200, 1530 MHz, 14.11 W, 55, 0 %, 0x0000000000000024
2026/09/26 03:58:02.209, 1530 MHz, 14.02 W, 55, 0 %, 0x0000000000000024
2026/09/26 03:58:03.224, 1530 MHz, 14.22 W, 55, 0 %, 0x0000000000000024
2026/09/26 03:58:04.232, 1530 MHz, 12.81 W, 55, 0 %, 0x0000000000000001
2026/09/26 03:58:05.243, 1530 MHz, 13.57 W, 55, 0 %, 0x0000000000000024
2026/09/26 03:58:06.247, 1530 MHz, 13.69 W, 55, 0 %, 0x0000000000000024
2026/09/26 03:58:07.251, 1530 MHz, 14.06 W, 55, 0 %, 0x0000000000000024
2026/09/26 03:58:08.263, 450 MHz, 9.84 W, 54, 0 %, 0x0000000000000001
2026/09/26 03:58:09.277, 315 MHz, 9.84 W, 54, 0 %, 0x0000000000000001
2026/09/26 03:58:10.290, 1305 MHz, 11.89 W, 55, 0 %, 0x0000000000000001
2026/09/26 03:58:11.302, 1530 MHz, 17.99 W, 55, 0 %, 0x0000000000000024
2026/09/26 03:58:12.906, 1530 MHz, 17.99 W, 55, 0 %, 0x0000000000000024
2026/09/26 03:58:14.422, 1530 MHz, 14.41 W, 56, 0 %, 0x0000000000000024
2026/09/26 03:58:15.427, 1530 MHz, 14.23 W, 56, 0 %, 0x0000000000000024
2026/09/26 03:58:16.434, 1530 MHz, 14.14 W, 56, 0 %, 0x0000000000000024
2026/09/26 03:58:17.443, 1530 MHz, 14.09 W, 56, 0 %, 0x0000000000000024
2026/09/26 03:58:18.447, 1530 MHz, 14.23 W, 56, 0 %, 0x0000000000000024
2026/09/26 03:58:19.452, 1530 MHz, 14.31 W, 56, 0 %, 0x0000000000000024
2026/09/26 03:58:20.466, 1530 MHz, 13.71 W, 56, 0 %, 0x0000000000000024
2026/09/26 03:58:21.479, 1530 MHz, 16.39 W, 56, 1 %, 0x0000000000000024
2026/09/26 03:58:22.481, 1530 MHz, 14.25 W, 56, 0 %, 0x0000000000000024
2026/09/26 03:58:23.493, 1530 MHz, 16.05 W, 56, 0 %, 0x0000000000000024
2026/09/26 03:58:24.506, 1530 MHz, 14.26 W, 56, 0 %, 0x0000000000000024
2026/09/26 03:58:25.516, 495 MHz, 7.81 W, 55, 0 %, 0x0000000000000001
2026/09/26 03:58:26.526, 750 MHz, 15.01 W, 56, 100 %, 0x0000000000000001
2026/09/26 03:58:27.540, 1935 MHz, 14.46 W, 56, 0 %, 0x0000000000000024
2026/09/26 03:58:28.548, 1530 MHz, 365.89 W, 55, 0 %, 0x0000000000000024
2026/09/26 03:58:30.054, 1530 MHz, 18.06 W, 55, 0 %, 0x0000000000000024
2026/09/26 03:58:31.556, 1530 MHz, 15.83 W, 55, 0 %, 0x0000000000000024
2026/09/26 03:58:33.060, 1530 MHz, 18.09 W, 55, 0 %, 0x0000000000000024
2026/09/26 03:58:34.556, 1530 MHz, 15.82 W, 55, 0 %, 0x0000000000000024
2026/09/26 03:58:35.807, 1530 MHz, 18.09 W, 55, 0 %, 0x0000000000000024
2026/09/26 03:58:37.329, 1530 MHz, 15.80 W, 55, 0 %, 0x0000000000000024
2026/09/26 03:58:38.838, 1530 MHz, 15.77 W, 55, 0 %, 0x0000000000000024
2026/09/26 03:58:40.339, 1530 MHz, 18.12 W, 55, 0 %, 0x0000000000000024
2026/09/26 03:58:41.836, 1530 MHz, 15.15 W, 55, 0 %, 0x0000000000000024
2026/09/26 03:58:43.351, 1530 MHz, 15.85 W, 55, 0 %, 0x0000000000000024
2026/09/26 03:58:44.892, 1530 MHz, 18.02 W, 55, 0 %, 0x0000000000000024
2026/09/26 03:58:46.395, 1530 MHz, 18.05 W, 55, 0 %, 0x0000000000000024
2026/09/26 03:58:47.888, 1530 MHz, 365.89 W, 55, 0 %, 0x0000000000000024
2026/09/26 03:58:49.383, 1530 MHz, 365.89 W, 55, 0 %, 0x0000000000000024
2026/09/26 03:58:50.877, 1530 MHz, 365.89 W, 55, 0 %, 0x0000000000000024
2026/09/26 03:58:52.202, 1530 MHz, 18.06 W, 55, 0 %, 0x0000000000000024
2026/09/26 03:58:53.707, 1530 MHz, 18.01 W, 55, 0 %, 0x0000000000000024
2026/09/26 03:58:54.844, 1530 MHz, 18.03 W, 55, 0 %, 0x0000000000000024
2026/09/26 03:58:56.357, 1530 MHz, 17.94 W, 55, 0 %, 0x0000000000000024
2026/09/26 03:58:57.878, 1530 MHz, 365.89 W, 55, 0 %, 0x0000000000000024
2026/09/26 03:58:59.372, 1530 MHz, 365.89 W, 55, 0 %, 0x0000000000000024
2026/09/26 03:59:00.875, 1530 MHz, 365.89 W, 55, 0 %, 0x0000000000000024
2026/09/26 03:59:02.363, 1530 MHz, 16.98 W, 55, 0 %, 0x0000000000000024
2026/09/26 03:59:03.886, 1530 MHz, 15.64 W, 55, 0 %, 0x0000000000000024
2026/09/26 03:59:05.399, 1530 MHz, 18.05 W, 55, 0 %, 0x0000000000000024
2026/09/26 03:59:07.038, 1530 MHz, 17.94 W, 55, 0 %, 0x0000000000000024
2026/09/26 03:59:08.538, 1530 MHz, 365.89 W, 55, 0 %, 0x0000000000000024
2026/09/26 03:59:10.019, 1530 MHz, 365.89 W, 55, 0 %, 0x0000000000000024
2026/09/26 03:59:11.517, 1530 MHz, 365.89 W, 55, 0 %, 0x0000000000000024
2026/09/26 03:59:13.014, 1530 MHz, 17.85 W, 55, 0 %, 0x0000000000000024
2026/09/26 03:59:14.473, 1530 MHz, 17.83 W, 55, 0 %, 0x0000000000000024
2026/09/26 03:59:15.983, 1530 MHz, 17.77 W, 55, 0 %, 0x0000000000000024
2026/09/26 03:59:17.227, 1530 MHz, 15.85 W, 55, 0 %, 0x0000000000000024
2026/09/26 03:59:18.775, 1530 MHz, 18.04 W, 55, 0 %, 0x0000000000000024
2026/09/26 03:59:20.268, 1530 MHz, 365.89 W, 55, 0 %, 0x0000000000000024
2026/09/26 03:59:21.763, 1530 MHz, 15.69 W, 55, 0 %, 0x0000000000000024
2026/09/26 03:59:23.275, 1530 MHz, 17.99 W, 55, 0 %, 0x0000000000000024
2026/09/26 03:59:24.770, 1530 MHz, 17.87 W, 55, 0 %, 0x0000000000000024
2026/09/26 03:59:26.280, 1530 MHz, 17.84 W, 55, 0 %, 0x0000000000000024
2026/09/26 03:59:27.794, 1530 MHz, 15.92 W, 55, 0 %, 0x0000000000000024
2026/09/26 03:59:29.087, 1530 MHz, 14.15 W, 56, 0 %, 0x0000000000000024
2026/09/26 03:59:30.102, 1530 MHz, 14.09 W, 56, 0 %, 0x0000000000000024
2026/09/26 03:59:31.110, 1545 MHz, 13.08 W, 56, 0 %, 0x0000000000000001
2026/09/26 03:59:32.122, 1530 MHz, 365.89 W, 55, 0 %, 0x0000000000000024
2026/09/26 03:59:33.619, 1530 MHz, 365.89 W, 55, 0 %, 0x0000000000000024
2026/09/26 03:59:34.670, 1530 MHz, 14.40 W, 56, 0 %, 0x0000000000000024
2026/09/26 03:59:35.677, 1530 MHz, 14.06 W, 56, 0 %, 0x0000000000000024
2026/09/26 03:59:36.687, 1530 MHz, 13.04 W, 56, 0 %, 0x0000000000000001
2026/09/26 03:59:37.690, 1530 MHz, 16.65 W, 55, 0 %, 0x0000000000000024
2026/09/26 03:59:39.057, 1530 MHz, 15.82 W, 55, 0 %, 0x0000000000000024
2026/09/26 03:59:40.450, 1530 MHz, 15.92 W, 55, 0 %, 0x0000000000000024
2026/09/26 03:59:41.962, 1530 MHz, 15.82 W, 55, 0 %, 0x0000000000000024
2026/09/26 03:59:43.485, 1530 MHz, 365.89 W, 55, 0 %, 0x0000000000000024
2026/09/26 03:59:44.972, 1530 MHz, 365.89 W, 55, 0 %, 0x0000000000000024
2026/09/26 03:59:46.458, 1530 MHz, 15.69 W, 55, 0 %, 0x0000000000000024
2026/09/26 03:59:47.781, 1530 MHz, 15.86 W, 55, 0 %, 0x0000000000000024
2026/09/26 03:59:49.290, 1530 MHz, 17.86 W, 55, 0 %, 0x0000000000000024
2026/09/26 03:59:50.812, 1530 MHz, 17.97 W, 55, 0 %, 0x0000000000000024
2026/09/26 03:59:52.329, 1530 MHz, 15.69 W, 55, 0 %, 0x0000000000000024
2026/09/26 03:59:53.917, 1530 MHz, 18.12 W, 55, 0 %, 0x0000000000000024
2026/09/26 03:59:55.413, 1530 MHz, 18.09 W, 55, 0 %, 0x0000000000000024
2026/09/26 03:59:56.906, 1530 MHz, 365.89 W, 55, 0 %, 0x0000000000000024
2026/09/26 03:59:58.401, 1530 MHz, 18.03 W, 55, 0 %, 0x0000000000000024
2026/09/26 03:59:59.908, 1530 MHz, 17.92 W, 55, 0 %, 0x0000000000000024
2026/09/26 04:00:01.201, 1530 MHz, 15.83 W, 55, 0 %, 0x0000000000000024
2026/09/26 04:00:02.713, 1530 MHz, 15.70 W, 55, 0 %, 0x0000000000000024
2026/09/26 04:00:04.218, 1530 MHz, 365.89 W, 55, 0 %, 0x0000000000000024
2026/09/26 04:00:05.707, 1530 MHz, 15.75 W, 55, 0 %, 0x0000000000000024
2026/09/26 04:00:07.205, 1530 MHz, 18.07 W, 55, 0 %, 0x0000000000000024
2026/09/26 04:00:08.725, 1530 MHz, 17.97 W, 55, 0 %, 0x0000000000000024
2026/09/26 04:00:10.237, 1530 MHz, 15.74 W, 55, 0 %, 0x0000000000000024
2026/09/26 04:00:11.747, 1530 MHz, 14.13 W, 56, 0 %, 0x0000000000000024
2026/09/26 04:00:12.760, 1530 MHz, 18.05 W, 55, 0 %, 0x0000000000000024
2026/09/26 04:00:14.268, 1530 MHz, 18.06 W, 55, 0 %, 0x0000000000000024
2026/09/26 04:00:15.770, 1530 MHz, 17.00 W, 55, 0 %, 0x0000000000000024
2026/09/26 04:00:17.271, 1530 MHz, 15.86 W, 55, 0 %, 0x0000000000000024
2026/09/26 04:00:18.771, 1530 MHz, 18.00 W, 55, 0 %, 0x0000000000000024
2026/09/26 04:00:20.274, 1530 MHz, 17.94 W, 55, 0 %, 0x0000000000000024
2026/09/26 04:00:21.496, 1530 MHz, 16.96 W, 55, 0 %, 0x0000000000000024
2026/09/26 04:00:23.004, 1530 MHz, 18.00 W, 55, 0 %, 0x0000000000000024
2026/09/26 04:00:24.513, 1530 MHz, 18.04 W, 55, 0 %, 0x0000000000000024
2026/09/26 04:00:26.014, 1530 MHz, 15.93 W, 55, 0 %, 0x0000000000000024
2026/09/26 04:00:27.526, 1530 MHz, 365.89 W, 55, 0 %, 0x0000000000000024
2026/09/26 04:00:29.037, 1530 MHz, 18.01 W, 55, 0 %, 0x0000000000000024
2026/09/26 04:00:30.550, 1530 MHz, 18.08 W, 55, 0 %, 0x0000000000000024
2026/09/26 04:00:32.071, 1530 MHz, 16.82 W, 55, 0 %, 0x0000000000000024
2026/09/26 04:00:33.579, 1530 MHz, 18.10 W, 55, 0 %, 0x0000000000000024
2026/09/26 04:00:35.026, 1530 MHz, 18.13 W, 55, 0 %, 0x0000000000000024
2026/09/26 04:00:36.524, 1530 MHz, 365.89 W, 55, 0 %, 0x0000000000000024
2026/09/26 04:00:38.017, 1530 MHz, 15.27 W, 55, 0 %, 0x0000000000000024
2026/09/26 04:00:39.526, 1530 MHz, 18.12 W, 55, 0 %, 0x0000000000000024
2026/09/26 04:00:41.027, 1530 MHz, 15.85 W, 55, 0 %, 0x0000000000000024
2026/09/26 04:00:42.526, 1530 MHz, 365.89 W, 55, 0 %, 0x0000000000000024
2026/09/26 04:00:43.870, 1530 MHz, 15.78 W, 55, 0 %, 0x0000000000000024
2026/09/26 04:00:45.381, 1530 MHz, 14.51 W, 56, 0 %, 0x0000000000000024
2026/09/26 04:00:46.394, 1530 MHz, 15.48 W, 56, 0 %, 0x0000000000000024
2026/09/26 04:00:47.396, 1530 MHz, 15.87 W, 55, 0 %, 0x0000000000000024
2026/09/26 04:00:48.901, 1530 MHz, 15.86 W, 55, 0 %, 0x0000000000000024
2026/09/26 04:00:50.409, 1530 MHz, 16.91 W, 55, 0 %, 0x0000000000000024
2026/09/26 04:00:51.900, 1530 MHz, 365.89 W, 55, 0 %, 0x0000000000000024
2026/09/26 04:00:53.394, 1530 MHz, 365.89 W, 55, 0 %, 0x0000000000000024
2026/09/26 04:00:54.472, 1530 MHz, 15.77 W, 55, 0 %, 0x0000000000000024
2026/09/26 04:00:55.977, 1530 MHz, 18.01 W, 55, 0 %, 0x0000000000000024
2026/09/26 04:00:57.382, 1530 MHz, 17.95 W, 55, 0 %, 0x0000000000000024
2026/09/26 04:00:58.879, 1530 MHz, 16.89 W, 55, 0 %, 0x0000000000000024
2026/09/26 04:01:00.379, 1530 MHz, 365.89 W, 55, 0 %, 0x0000000000000024
2026/09/26 04:01:01.875, 1530 MHz, 365.89 W, 55, 0 %, 0x0000000000000024
2026/09/26 04:01:03.376, 1530 MHz, 365.89 W, 55, 0 %, 0x0000000000000024
2026/09/26 04:01:04.871, 1530 MHz, 17.94 W, 55, 0 %, 0x0000000000000024
2026/09/26 04:01:06.154, 1530 MHz, 15.94 W, 55, 0 %, 0x0000000000000024
2026/09/26 04:01:07.653, 1530 MHz, 15.90 W, 55, 0 %, 0x0000000000000024
2026/09/26 04:01:09.293, 1530 MHz, 17.88 W, 55, 0 %, 0x0000000000000024
2026/09/26 04:01:10.788, 1530 MHz, 18.07 W, 55, 0 %, 0x0000000000000024
2026/09/26 04:01:12.303, 1530 MHz, 365.89 W, 55, 0 %, 0x0000000000000024
2026/09/26 04:01:13.798, 1530 MHz, 365.89 W, 55, 0 %, 0x0000000000000024
2026/09/26 04:01:15.295, 1530 MHz, 365.89 W, 55, 0 %, 0x0000000000000024
2026/09/26 04:01:16.791, 1530 MHz, 15.65 W, 55, 0 %, 0x0000000000000024
2026/09/26 04:01:18.299, 1530 MHz, 17.87 W, 55, 0 %, 0x0000000000000024
2026/09/26 04:01:19.424, 1530 MHz, 16.89 W, 55, 0 %, 0x0000000000000024
2026/09/26 04:01:20.924, 1530 MHz, 18.03 W, 55, 0 %, 0x0000000000000024
2026/09/26 04:01:22.430, 1530 MHz, 18.00 W, 55, 0 %, 0x0000000000000024
2026/09/26 04:01:23.918, 1530 MHz, 365.89 W, 55, 0 %, 0x0000000000000024
2026/09/26 04:01:25.407, 1530 MHz, 365.89 W, 55, 0 %, 0x0000000000000024
2026/09/26 04:01:26.896, 1530 MHz, 16.56 W, 55, 0 %, 0x0000000000000024
2026/09/26 04:01:28.094, 1530 MHz, 15.74 W, 55, 0 %, 0x0000000000000024
2026/09/26 04:01:29.589, 1530 MHz, 18.00 W, 55, 0 %, 0x0000000000000024
2026/09/26 04:01:31.087, 1530 MHz, 17.97 W, 55, 0 %, 0x0000000000000024
2026/09/26 04:01:32.599, 1530 MHz, 17.97 W, 55, 0 %, 0x0000000000000024
2026/09/26 04:01:34.102, 1530 MHz, 365.89 W, 55, 0 %, 0x0000000000000024
2026/09/26 04:01:35.587, 1530 MHz, 365.89 W, 55, 0 %, 0x0000000000000024
2026/09/26 04:01:37.082, 1530 MHz, 365.89 W, 55, 0 %, 0x0000000000000024
2026/09/26 04:01:38.576, 1530 MHz, 15.74 W, 55, 0 %, 0x0000000000000024
2026/09/26 04:01:40.080, 1530 MHz, 17.96 W, 55, 0 %, 0x0000000000000024
2026/09/26 04:01:41.305, 1530 MHz, 18.06 W, 55, 0 %, 0x0000000000000024
2026/09/26 04:01:42.809, 1530 MHz, 18.04 W, 55, 0 %, 0x0000000000000024
2026/09/26 04:01:44.320, 1530 MHz, 18.05 W, 55, 0 %, 0x0000000000000024
2026/09/26 04:01:45.818, 1530 MHz, 17.94 W, 55, 0 %, 0x0000000000000024
2026/09/26 04:01:47.319, 1530 MHz, 14.42 W, 56, 0 %, 0x0000000000000024
2026/09/26 04:01:48.330, 1530 MHz, 15.80 W, 56, 8 %, 0x0000000000000024
2026/09/26 04:01:49.338, 1530 MHz, 18.11 W, 55, 0 %, 0x0000000000000024
2026/09/26 04:01:50.679, 1530 MHz, 17.86 W, 55, 0 %, 0x0000000000000024
2026/09/26 04:01:52.198, 1530 MHz, 14.72 W, 56, 0 %, 0x0000000000000024
2026/09/26 04:01:53.208, 1530 MHz, 14.13 W, 56, 0 %, 0x0000000000000024
2026/09/26 04:01:54.211, 1530 MHz, 14.16 W, 56, 0 %, 0x0000000000000024
2026/09/26 04:01:55.215, 1665 MHz, 13.63 W, 56, 0 %, 0x0000000000000001
2026/09/26 04:01:56.218, 1530 MHz, 18.13 W, 55, 0 %, 0x0000000000000024
2026/09/26 04:01:57.737, 1530 MHz, 18.15 W, 55, 0 %, 0x0000000000000024
2026/09/26 04:01:59.233, 1530 MHz, 17.90 W, 55, 0 %, 0x0000000000000024
2026/09/26 04:02:00.725, 1530 MHz, 17.96 W, 55, 0 %, 0x0000000000000024
2026/09/26 04:02:02.219, 1530 MHz, 17.99 W, 55, 0 %, 0x0000000000000024
2026/09/26 04:02:03.581, 1530 MHz, 18.03 W, 55, 0 %, 0x0000000000000024
2026/09/26 04:02:04.996, 1530 MHz, 365.89 W, 55, 0 %, 0x0000000000000024
2026/09/26 04:02:06.148, 1530 MHz, 14.81 W, 57, 0 %, 0x0000000000000024
2026/09/26 04:02:07.161, 1530 MHz, 14.21 W, 56, 0 %, 0x0000000000000024
2026/09/26 04:02:08.171, 1530 MHz, 13.11 W, 57, 1 %, 0x0000000000000001
2026/09/26 04:02:09.174, 1530 MHz, 365.89 W, 55, 0 %, 0x0000000000000024
2026/09/26 04:02:10.670, 1530 MHz, 15.87 W, 55, 0 %, 0x0000000000000024
2026/09/26 04:02:11.842, 1530 MHz, 14.55 W, 56, 0 %, 0x0000000000000024
2026/09/26 04:02:12.846, 1530 MHz, 14.26 W, 56, 0 %, 0x0000000000000024
2026/09/26 04:02:13.857, 1590 MHz, 20.84 W, 58, 64 %, 0x0000000000000001
2026/09/26 04:02:14.866, 1530 MHz, 15.64 W, 55, 0 %, 0x0000000000000024
2026/09/26 04:02:16.370, 1530 MHz, 16.23 W, 55, 0 %, 0x0000000000000024
2026/09/26 04:02:17.879, 1530 MHz, 18.06 W, 55, 0 %, 0x0000000000000024
2026/09/26 04:02:19.389, 1530 MHz, 365.89 W, 55, 0 %, 0x0000000000000024
2026/09/26 04:02:20.880, 1530 MHz, 365.89 W, 55, 0 %, 0x0000000000000024
2026/09/26 04:02:22.369, 1530 MHz, 18.03 W, 55, 0 %, 0x0000000000000024
2026/09/26 04:02:23.488, 1530 MHz, 17.99 W, 55, 0 %, 0x0000000000000024
2026/09/26 04:02:24.992, 1530 MHz, 15.74 W, 55, 0 %, 0x0000000000000024
2026/09/26 04:02:26.669, 1530 MHz, 17.72 W, 55, 0 %, 0x0000000000000024
2026/09/26 04:02:28.187, 1530 MHz, 365.89 W, 55, 0 %, 0x0000000000000024
2026/09/26 04:02:29.677, 1530 MHz, 365.89 W, 55, 0 %, 0x0000000000000024
2026/09/26 04:02:31.160, 1530 MHz, 18.06 W, 55, 0 %, 0x0000000000000024
2026/09/26 04:02:32.669, 1530 MHz, 15.83 W, 55, 0 %, 0x0000000000000024
2026/09/26 04:02:34.168, 1530 MHz, 15.70 W, 55, 0 %, 0x0000000000000024
2026/09/26 04:02:35.668, 1530 MHz, 16.69 W, 55, 0 %, 0x0000000000000024
2026/09/26 04:02:36.924, 1530 MHz, 15.85 W, 55, 0 %, 0x0000000000000024
2026/09/26 04:02:38.544, 1530 MHz, 15.90 W, 55, 0 %, 0x0000000000000024
2026/09/26 04:02:40.050, 1530 MHz, 18.00 W, 55, 0 %, 0x0000000000000024
2026/09/26 04:02:41.564, 1530 MHz, 15.76 W, 55, 0 %, 0x0000000000000024
2026/09/26 04:02:43.067, 1530 MHz, 15.77 W, 55, 0 %, 0x0000000000000024
2026/09/26 04:02:44.573, 1530 MHz, 18.08 W, 55, 0 %, 0x0000000000000024
2026/09/26 04:02:45.790, 1530 MHz, 15.81 W, 55, 0 %, 0x0000000000000024
2026/09/26 04:02:46.889, 1530 MHz, 15.95 W, 55, 0 %, 0x0000000000000024
2026/09/26 04:02:48.407, 1530 MHz, 15.87 W, 55, 0 %, 0x0000000000000024
2026/09/26 04:02:49.913, 1530 MHz, 18.13 W, 55, 0 %, 0x0000000000000024
2026/09/26 04:02:51.101, 1530 MHz, 18.02 W, 55, 0 %, 0x0000000000000024
2026/09/26 04:02:52.212, 1530 MHz, 365.89 W, 55, 0 %, 0x0000000000000024
2026/09/26 04:02:53.712, 1530 MHz, 17.84 W, 55, 0 %, 0x0000000000000024
2026/09/26 04:02:55.212, 1530 MHz, 15.86 W, 55, 0 %, 0x0000000000000024
2026/09/26 04:02:56.727, 1530 MHz, 16.34 W, 55, 0 %, 0x0000000000000024
2026/09/26 04:02:58.241, 1530 MHz, 18.06 W, 55, 0 %, 0x0000000000000024
2026/09/26 04:02:59.497, 1530 MHz, 15.82 W, 55, 0 %, 0x0000000000000024
2026/09/26 04:03:01.007, 1530 MHz, 17.95 W, 55, 0 %, 0x0000000000000024
2026/09/26 04:03:02.505, 1530 MHz, 365.89 W, 55, 0 %, 0x0000000000000024
2026/09/26 04:03:03.993, 1530 MHz, 365.89 W, 55, 0 %, 0x0000000000000024
2026/09/26 04:03:05.476, 1530 MHz, 365.89 W, 55, 0 %, 0x0000000000000024
2026/09/26 04:03:06.963, 1530 MHz, 18.10 W, 55, 0 %, 0x0000000000000024
2026/09/26 04:03:08.351, 1530 MHz, 14.43 W, 56, 0 %, 0x0000000000000024
2026/09/26 04:03:09.361, 1530 MHz, 14.34 W, 56, 0 %, 0x0000000000000024
2026/09/26 04:03:10.367, 1530 MHz, 13.26 W, 56, 0 %, 0x0000000000000001
2026/09/26 04:03:11.376, 1995 MHz, 15.71 W, 57, 0 %, 0x0000000000000000
2026/09/26 04:03:12.390, 1530 MHz, 365.89 W, 55, 0 %, 0x0000000000000024
2026/09/26 04:03:13.874, 1530 MHz, 14.29 W, 56, 0 %, 0x0000000000000024
2026/09/26 04:03:14.879, 1530 MHz, 14.22 W, 56, 0 %, 0x0000000000000024
2026/09/26 04:03:15.894, 1995 MHz, 30.17 W, 58, 65 %, 0x0000000000000000
2026/09/26 04:03:16.909, 1530 MHz, 365.89 W, 55, 0 %, 0x0000000000000024
2026/09/26 04:03:18.406, 1530 MHz, 18.05 W, 55, 0 %, 0x0000000000000024
2026/09/26 04:03:19.658, 1530 MHz, 18.20 W, 55, 0 %, 0x0000000000000024
2026/09/26 04:03:21.163, 1530 MHz, 15.87 W, 55, 0 %, 0x0000000000000024
2026/09/26 04:03:22.477, 1530 MHz, 365.89 W, 55, 0 %, 0x0000000000000024
2026/09/26 04:03:23.962, 1530 MHz, 16.00 W, 55, 0 %, 0x0000000000000024
2026/09/26 04:03:25.465, 1530 MHz, 365.89 W, 55, 0 %, 0x0000000000000024
2026/09/26 04:03:26.949, 1530 MHz, 365.89 W, 55, 0 %, 0x0000000000000024
2026/09/26 04:03:28.439, 1530 MHz, 17.94 W, 55, 0 %, 0x0000000000000024
2026/09/26 04:03:29.950, 1530 MHz, 18.10 W, 55, 0 %, 0x0000000000000024
2026/09/26 04:03:31.451, 1530 MHz, 18.08 W, 55, 0 %, 0x0000000000000024
2026/09/26 04:03:32.713, 1530 MHz, 15.60 W, 55, 0 %, 0x0000000000000024
