{
 "mmd_floor": -0.0007078647613525391,
 "test_to_train": 69.10781860351562,
 "real_std": 0.9750666618347168,
 "cfg": {
  "C": 96,
  "N": 1500,
  "M": 192,
  "steps": 150
 },
 "rows": {
  "torch.AdamW (fused)": {
   "mmd": 0.4446094334125519,
   "fd": 287.8819300737922,
   "mem": 50.60253143310547,
   "std_ratio": 0.639556537528431,
   "sec": 25.048160552978516
  },
  "Adakaon-nomom": {
   "mmd": 0.3829306662082672,
   "fd": 16260.679546348194,
   "mem": 96.10232543945312,
   "std_ratio": 0.9410267338203098,
   "sec": 23.858386039733887
  },
  "Adakaon-bf16": {
   "mmd": 0.4138268232345581,
   "fd": 141.11452201872845,
   "mem": 46.70563888549805,
   "std_ratio": 0.5613624237907381,
   "sec": 25.27695941925049
  },
  "Lion": {
   "mmd": 0.37730690836906433,
   "fd": 545.3098818433333,
   "mem": 57.99895477294922,
   "std_ratio": 0.7602912762370878,
   "sec": 23.732285261154175
  },
  "AdaPNM": {
   "mmd": 0.3858545124530792,
   "fd": 17804.18533030551,
   "mem": 118.8636703491211,
   "std_ratio": 1.3814934056706978,
   "sec": 25.63313341140747
  },
  "AdaMuon": {
   "mmd": 0.37287601828575134,
   "fd": 6821.594450861579,
   "mem": 82.2840576171875,
   "std_ratio": 0.946753034310856,
   "sec": 31.27445363998413
  },
  "AdaBelief": {
   "mmd": 0.3973598778247833,
   "fd": 184.70094189502768,
   "mem": 47.739097595214844,
   "std_ratio": 0.5776478668742111,
   "sec": 24.92807650566101
  },
  "ADOPT": {
   "mmd": 0.4375573396682739,
   "fd": 226.35215021632422,
   "mem": 48.45804977416992,
   "std_ratio": 0.5964070086846894,
   "sec": 24.83253765106201
  },
  "Grams": {
   "mmd": 0.4257281422615051,
   "fd": 296.6949175941776,
   "mem": 53.671119689941406,
   "std_ratio": 0.6966722220510616,
   "sec": 25.095956325531006
  },
  "AdamP": {
   "mmd": 0.3848107159137726,
   "fd": 154.5203943901222,
   "mem": 45.597679138183594,
   "std_ratio": 0.5347288546958892,
   "sec": 32.115074634552
  },
  "Adai": {
   "mmd": 0.8091006875038147,
   "fd": 538.0675354394397,
   "mem": 66.73223876953125,
   "std_ratio": 0.953582587195328,
   "sec": 29.05822992324829
  },
  "Lookahead": {
   "mmd": 0.3643912672996521,
   "fd": 167.68495136841227,
   "mem": 46.344215393066406,
   "std_ratio": 0.5448951836871223,
   "sec": 25.708887815475464
  },
  "SAM": {
   "mmd": 0.3840236961841583,
   "fd": 12391.870352838134,
   "mem": 98.40017700195312,
   "std_ratio": 1.0754390391923567,
   "sec": 36.75494694709778
  },
  "MARS": {
   "mmd": 0.37870433926582336,
   "fd": 223.14210055690882,
   "mem": 45.103355407714844,
   "std_ratio": 0.520400877711612,
   "sec": 26.50517225265503
  },
  "AdEMAMix": {
   "mmd": 0.4472193717956543,
   "fd": 174.31086037496365,
   "mem": 45.600791931152344,
   "std_ratio": 0.5389861081158004,
   "sec": 26.409215450286865
  },
  "Adan": {
   "mmd": 0.4256664514541626,
   "fd": 185.16231985933234,
   "mem": 46.346763610839844,
   "std_ratio": 0.5547781807387585,
   "sec": 34.49759078025818
  },
  "ScheduleFree": {
   "mmd": 0.3835563361644745,
   "fd": 6960.3282628774095,
   "mem": 73.93663024902344,
   "std_ratio": 0.7881028582354906,
   "sec": 25.36253809928894
  }
 }
}