{
 "Adakaon-nomom": {
  "te": 0.07963859336450696,
  "gap": 0.01703064516186714,
  "tr": 0.06260794820263982,
  "ms": 13.354811012744904,
  "bpp": 0.03209485183837559,
  "cgap": 0.007484614383429289,
  "cte": 0.08327446691691875,
  "lms": 2.9594898223876953,
  "traj": [
   [
    125,
    0.15260593593120575
   ],
   [
    250,
    0.11673967447131872
   ],
   [
    375,
    0.11312722647562623
   ],
   [
    500,
    0.11179037299007177
   ],
   [
    625,
    0.10031080711632967
   ],
   [
    750,
    0.09582822257652879
   ],
   [
    875,
    0.1176720135845244
   ],
   [
    1000,
    0.09577156789600849
   ],
   [
    1125,
    0.09527868777513504
   ],
   [
    1250,
    0.09036806551739573
   ],
   [
    1375,
    0.09153918316587806
   ],
   [
    1500,
    0.08965151244774461
   ],
   [
    1625,
    0.08354915399104357
   ],
   [
    1750,
    0.08226005779579282
   ],
   [
    1875,
    0.0799504891037941
   ],
   [
    2000,
    0.07963859336450696
   ]
  ],
  "family": "in-house",
  "blurb": "factored Adam, no momentum (minimum VRAM, regularizing)",
  "sig": "C128_N2000_s2_f1775030"
 },
 "Adakaon-bf16": {
  "te": 0.074070795904845,
  "gap": 0.021267718635499477,
  "tr": 0.05280307726934552,
  "ms": 14.466739416122437,
  "bpp": 2.0320948518383757,
  "cgap": 0.015854163793846965,
  "cte": 0.07317598722875118,
  "lms": 3.655672073364258,
  "traj": [
   [
    125,
    0.12280670087784529
   ],
   [
    250,
    0.10333389369770885
   ],
   [
    375,
    0.09703902760520577
   ],
   [
    500,
    0.09491116600111127
   ],
   [
    625,
    0.08858705451712012
   ],
   [
    750,
    0.0885302652604878
   ],
   [
    875,
    0.0926438421010971
   ],
   [
    1000,
    0.08564325328916311
   ],
   [
    1125,
    0.0868340115994215
   ],
   [
    1250,
    0.08445383375510573
   ],
   [
    1375,
    0.0837386935018003
   ],
   [
    1500,
    0.08205613074824214
   ],
   [
    1625,
    0.07591311540454626
   ],
   [
    1750,
    0.07533852383494377
   ],
   [
    1875,
    0.0743798497132957
   ],
   [
    2000,
    0.074070795904845
   ]
  ],
  "family": "in-house",
  "blurb": "factored Adam, bf16 momentum (AdamW-quality, low memory)",
  "sig": "C128_N2000_s2_f1775030"
 },
 "Lion": {
  "te": 0.07655530609190464,
  "gap": 0.014202508376911283,
  "tr": 0.06235279771499336,
  "ms": 13.384270548820496,
  "bpp": 2.0,
  "cgap": 0.008979847887530923,
  "cte": 0.08124570595100522,
  "lms": 3.3228397369384766,
  "traj": [
   [
    125,
    0.14667907543480396
   ],
   [
    250,
    0.11494483333081007
   ],
   [
    375,
    0.10587641410529613
   ],
   [
    500,
    0.10239952569827437
   ],
   [
    625,
    0.09806142281740904
   ],
   [
    750,
    0.09565785015001893
   ],
   [
    875,
    0.0964775187894702
   ],
   [
    1000,
    0.09220435796305537
   ],
   [
    1125,
    0.0926037379540503
   ],
   [
    1250,
    0.09053619997575879
   ],
   [
    1375,
    0.08861206006258726
   ],
   [
    1500,
    0.09046176029369235
   ],
   [
    1625,
    0.08429611660540104
   ],
   [
    1750,
    0.0791009902022779
   ],
   [
    1875,
    0.07781598344445229
   ],
   [
    2000,
    0.07655530609190464
   ]
  ],
  "family": "published",
  "blurb": "sign-momentum, no 2nd moment (lightest state)",
  "sig": "C128_N2000_s2_f1775030"
 },
 "AdaPNM": {
  "te": 0.08169960370287299,
  "gap": 0.008533271728083491,
  "tr": 0.0731663319747895,
  "ms": 15.01191121339798,
  "bpp": 4.032094851838376,
  "cgap": 0.006843485403805971,
  "cte": 0.09767259424552321,
  "lms": 5.73277473449707,
  "traj": [
   [
    125,
    0.20572629570960999
   ],
   [
    250,
    0.14943466521799564
   ],
   [
    375,
    0.16336228512227535
   ],
   [
    500,
    0.13948033563792706
   ],
   [
    625,
    0.1283107935450971
   ],
   [
    750,
    0.11737752193585038
   ],
   [
    875,
    0.12633077939972281
   ],
   [
    1000,
    0.11145403701812029
   ],
   [
    1125,
    0.10838988795876503
   ],
   [
    1250,
    0.10890097543597221
   ],
   [
    1375,
    0.10202899063006043
   ],
   [
    1500,
    0.1060431175865233
   ],
   [
    1625,
    0.0927702421322465
   ],
   [
    1750,
    0.08902345271781087
   ],
   [
    1875,
    0.08399055758491158
   ],
   [
    2000,
    0.08169960370287299
   ]
  ],
  "family": "published",
  "blurb": "positive-negative momentum (best generalization / constant-LR)",
  "sig": "C128_N2000_s2_f1775030"
 },
 "AdaMuon": {
  "te": 0.07586088357493281,
  "gap": 0.01859899703413248,
  "tr": 0.05726188654080033,
  "ms": 16.934856593608856,
  "bpp": 1.0355921583940504,
  "cgap": 0.017479917965829372,
  "cte": 0.07897433079779148,
  "lms": 6.554365158081055,
  "traj": [
   [
    125,
    0.1414296729490161
   ],
   [
    250,
    0.11179902218282223
   ],
   [
    375,
    0.10826667584478855
   ],
   [
    500,
    0.10340118873864412
   ],
   [
    625,
    0.09663125313818455
   ],
   [
    750,
    0.09396057529374957
   ],
   [
    875,
    0.09570963820442557
   ],
   [
    1000,
    0.09286313224583864
   ],
   [
    1125,
    0.09162324294447899
   ],
   [
    1250,
    0.0913562779314816
   ],
   [
    1375,
    0.08777121407911181
   ],
   [
    1500,
    0.08909014519304037
   ],
   [
    1625,
    0.08092165412381291
   ],
   [
    1750,
    0.07802654849365354
   ],
   [
    1875,
    0.07777368882670999
   ],
   [
    2000,
    0.07586088357493281
   ]
  ],
  "family": "published",
  "blurb": "orthogonalized momentum + factored 2nd moment (convergence)",
  "sig": "C128_N2000_s2_f1775030"
 },
 "torch.AdamW (fused)": {
  "te": 0.07987800380215049,
  "gap": 0.010306463344022632,
  "tr": 0.06957154045812786,
  "ms": 12.739154517650604,
  "bpp": 8.000065317134212,
  "cgap": 0.010807456448674202,
  "cte": 0.08143350668251514,
  "lms": 0.8831024169921875,
  "traj": [
   [
    125,
    0.1932399794459343
   ],
   [
    250,
    0.1544142048805952
   ],
   [
    375,
    0.127020503859967
   ],
   [
    500,
    0.12101906118914485
   ],
   [
    625,
    0.11227800138294697
   ],
   [
    750,
    0.10552911693230271
   ],
   [
    875,
    0.11427493020892143
   ],
   [
    1000,
    0.10489514144137502
   ],
   [
    1125,
    0.10748368967324495
   ],
   [
    1250,
    0.10037632239982486
   ],
   [
    1375,
    0.09837092831730843
   ],
   [
    1500,
    0.09755714144557714
   ],
   [
    1625,
    0.09002082655206323
   ],
   [
    1750,
    0.08490168023854494
   ],
   [
    1875,
    0.08330440754070878
   ],
   [
    2000,
    0.07987800380215049
   ]
  ],
  "family": "reference",
  "blurb": "torch.optim.AdamW, fused kernel \u2014 the EXTERNAL reference (not a kaon optimizer)",
  "sig": "C128_N2000_s2_f1775030"
 },
 "Adakaon-bf16-fused": {
  "te": 0.07213223399594426,
  "gap": 0.017254694364964962,
  "tr": 0.0548775396309793,
  "ms": 16.353210866451263,
  "bpp": 2.0320948518383757,
  "cgap": 0.01476003765128553,
  "cte": 0.07485714135691524,
  "lms": 0.2741813659667969,
  "traj": [
   [
    125,
    0.12139760749414563
   ],
   [
    250,
    0.10628956835716963
   ],
   [
    375,
    0.09658726677298546
   ],
   [
    500,
    0.09571006149053574
   ],
   [
    625,
    0.08860328840091825
   ],
   [
    750,
    0.08799980906769633
   ],
   [
    875,
    0.09149472462013364
   ],
   [
    1000,
    0.08640499599277973
   ],
   [
    1125,
    0.08990824175998569
   ],
   [
    1250,
    0.08533779438585043
   ],
   [
    1375,
    0.08430833835154772
   ],
   [
    1500,
    0.08299963641911745
   ],
   [
    1625,
    0.07603482250124216
   ],
   [
    1750,
    0.07367737777531147
   ],
   [
    1875,
    0.07321737008169293
   ],
   [
    2000,
    0.07213223399594426
   ]
  ],
  "family": "in-house",
  "blurb": "Adakaon-bf16, Triton-fused step (same math; speed twin of Adakaon-bf16)",
  "sig": "C128_N2000_s2_f1775030"
 },
 "AdaPNM-fused": {
  "te": 0.08218313427641988,
  "gap": 0.007783342152833939,
  "tr": 0.07439979212358594,
  "ms": 16.479078233242035,
  "bpp": 4.032094851838376,