{
 "Adan": {
  "te": 0.07829089649021626,
  "gap": 0.013293120078742504,
  "tr": 0.06499777641147375,
  "ms": 17.538169503211975,
  "bpp": 3.0425867715054,
  "cgap": 0.014598601264879107,
  "cte": 0.07870426075533032,
  "lms": 12.494087219238281,
  "traj": [
   [
    125,
    0.17863918375223875
   ],
   [
    250,
    0.13483917247503996
   ],
   [
    375,
    0.12046958273276687
   ],
   [
    500,
    0.11300926888361573
   ],
   [
    625,
    0.10791293997317553
   ],
   [
    750,
    0.10201930580660701
   ],
   [
    875,
    0.11029050033539534
   ],
   [
    1000,
    0.09908252116292715
   ],
   [
    1125,
    0.09766742354258895
   ],
   [
    1250,
    0.09342340985313058
   ],
   [
    1375,
    0.09368879813700914
   ],
   [
    1500,
    0.0921594868414104
   ],
   [
    1625,
    0.08487195800989866
   ],
   [
    1750,
    0.081722148694098
   ],
   [
    1875,
    0.07924382435157895
   ],
   [
    2000,
    0.07829089649021626
   ]
  ],
  "family": "published",
  "blurb": "adaptive Nesterov momentum (grad + grad-difference EMAs); int8 (3 buffers)",
  "sig": "C128_N2000_s2_f1775030"
 },
 "MARS": {
  "te": 0.07519937120378017,
  "gap": 0.015624799067154527,
  "tr": 0.05957457213662565,
  "ms": 14.728786170482635,
  "bpp": 4.032094851838376,
  "cgap": 0.01405481668189168,
  "cte": 0.07527621928602457,
  "lms": 6.726980209350586,
  "traj": [
   [
    125,
    0.1553992684930563
   ],
   [
    250,
    0.11447474174201488
   ],
   [
    375,
    0.10441255057230592
   ],
   [
    500,
    0.10540863545611501
   ],
   [
    625,
    0.09618690237402916
   ],
   [
    750,
    0.09369983244687319
   ],
   [
    875,
    0.09607452107593417
   ],
   [
    1000,
    0.09090468473732471
   ],
   [
    1125,
    0.09024125756695867
   ],
   [
    1250,
    0.08880450623109937
   ],
   [
    1375,
    0.08788103703409433
   ],
   [
    1500,
    0.08605379611253738
   ],
   [
    1625,
    0.07865357492119074
   ],
   [
    1750,
    0.07719381945207715
   ],
   [
    1875,
    0.075513054151088
   ],
   [
    2000,
    0.07519937120378017
   ]
  ],
  "family": "published",
  "blurb": "variance-reduction corrected gradient feeding AdamW (convergence)",
  "sig": "C128_N2000_s2_f1775030"
 },
 "Grams": {
  "te": 0.08064386527985334,
  "gap": 0.02098442567512393,
  "tr": 0.059659439604729414,
  "ms": 14.21955806016922,
  "bpp": 2.0320948518383757,
  "cgap": 0.018189553171396255,
  "cte": 0.0804219045676291,
  "lms": 4.878044128417969,
  "traj": [
   [
    125,
    0.15065309964120388
   ],
   [
    250,
    0.11930689355358481
   ],
   [
    375,
    0.11320444522425532
   ],
   [
    500,
    0.10616144118830562
   ],
   [
    625,
    0.09735847916454077
   ],
   [
    750,
    0.09415970835834742
   ],
   [
    875,
    0.09954750584438443
   ],
   [
    1000,
    0.09323312947526574
   ],
   [
    1125,
    0.0939267766661942
   ],
   [
    1250,
    0.09061204083263874
   ],
   [
    1375,
    0.08885384444147348
   ],
   [
    1500,
    0.08923457469791174
   ],
   [
    1625,
    0.08165276562795043
   ],
   [
    1750,
    0.08111440436914563
   ],
   [
    1875,
    0.08119833981618285
   ],
   [
    2000,
    0.08064386527985334
   ]
  ],
  "family": "published",
  "blurb": "Adam magnitude, direction = sign(current grad) (light, regularizing)",
  "sig": "C128_N2000_s2_f1775030"
 },
 "Adai": {
  "te": 0.11700803739950061,
  "gap": 0.007273996714502573,
  "tr": 0.10973404068499804,
  "ms": 15.646620750427246,
  "bpp": 6.032094851838376,
  "cgap": 0.007120783906430006,
  "cte": 0.1159160602837801,
  "lms": 47.97840118408203,
  "traj": [
   [
    125,
    0.21134984865784645
   ],
   [
    250,
    0.19051644206047058
   ],
   [
    375,
    0.1736428365111351
   ],
   [
    500,
    0.1648889146745205
   ],
   [
    625,
    0.15331126376986504
   ],
   [
    750,
    0.14834236167371273
   ],
   [
    875,
    0.13822652213275433
   ],
   [
    1000,
    0.13761507626622915
   ],
   [
    1125,
    0.13601482333615422
   ],
   [
    1250,
    0.13083325466141105
   ],
   [
    1375,
    0.13003047509118915
   ],
   [
    1500,
    0.1288127931766212
   ],
   [
    1625,
    0.1251404178328812
   ],
   [
    1750,
    0.1196495178155601
   ],
   [
    1875,
    0.11780823208391666
   ],
   [
    2000,
    0.11700803739950061
   ]
  ],
  "family": "published",
  "blurb": "adaptive per-coord inertia (flat-minima); heavy (fp32 beta1_prod), SGD-scale LR",
  "sig": "C128_N2000_s2_f1775030"
 },
 "AdEMAMix": {
  "te": 0.07917655166238546,
  "gap": 0.016172345029190183,
  "tr": 0.06300420663319528,
  "ms": 14.609909474849701,
  "bpp": 4.032094851838376,
  "cgap": 0.016658782260492444,
  "cte": 0.0799097428098321,
  "lms": 6.699323654174805,
  "traj": [
   [
    125,
    0.14041804382577538
   ],
   [
    250,
    0.11714719980955124
   ],
   [
    375,
    0.10807328252121806
   ],
   [
    500,
    0.10463636368513107
   ],
   [
    625,
    0.09702816372737288
   ],
   [
    750,
    0.09525941219180822
   ],
   [
    875,
    0.09735607774928212
   ],
   [
    1000,
    0.09145114757120609
   ],
   [
    1125,
    0.09421777632087469
   ],
   [
    1250,
    0.08847205247730017
   ],
   [
    1375,
    0.08923488389700651
   ],
   [
    1500,
    0.08769241906702518
   ],
   [
    1625,
    0.08285875944420695
   ],
   [
    1750,
    0.08077953290194273
   ],
   [
    1875,
    0.08056474570184946
   ],
   [
    2000,
    0.07917655166238546
   ]
  ],
  "family": "published",
  "blurb": "two-EMA momentum (fast + slow long-horizon) \u2014 generalization on long runs",
  "sig": "C128_N2000_s2_f1775030"
 }
}