{
 "AdamW": {
  "te": 0.08079171366989613,
  "gap": 0.011466709664091468,
  "tr": 0.06932500400580466,
  "ms": 12.760843694210052,
  "bpp": 8.000065317134212,
  "cgap": 0.010610694531351328,
  "cte": 0.08120693825185299,
  "lms": 2.8505325317382812,
  "traj": [
   [
    125,
    0.192951955832541
   ],
   [
    250,
    0.14915331825613976
   ],
   [
    375,
    0.1293166298419237
   ],
   [
    500,
    0.12247738894075155
   ],
   [
    625,
    0.11195326317101717
   ],
   [
    750,
    0.1059065805748105
   ],
   [
    875,
    0.11420242069289088
   ],
   [
    1000,
    0.10427116462960839
   ],
   [
    1125,
    0.10199167160317302
   ],
   [
    1250,
    0.10440708510577679
   ],
   [
    1375,
    0.09562844503670931
   ],
   [
    1500,
    0.09895117348060012
   ],
   [
    1625,
    0.09002343425527215
   ],
   [
    1750,
    0.08598713064566255
   ],
   [
    1875,
    0.08408158412203193
   ],
   [
    2000,
    0.08079171366989613
   ]
  ],
  "family": "reference",
  "blurb": "torch AdamW (full fp32 moments, 8 B/param)",
  "sig": "C128_N2000_s2_f1775030"
 },
 "Adakaon-nomom": {
  "te": 0.07930574752390385,
  "gap": 0.014752330491319299,
  "tr": 0.06455341703258455,
  "ms": 13.44022810459137,
  "bpp": 0.03209485183837559,
  "cgap": 0.007964754709973931,
  "cte": 0.08918232144787908,
  "lms": 2.444028854370117,
  "traj": [
   [
    125,
    0.15698718093335629
   ],
   [
    250,
    0.1225486402399838
   ],
   [
    375,
    0.1175125022418797
   ],
   [
    500,
    0.1178871113806963
   ],
   [
    625,
    0.10570901772007346
   ],
   [
    750,
    0.10368151124566793
   ],
   [
    875,
    0.12384995305910707
   ],
   [
    1000,
    0.0991802983917296
   ],
   [
    1125,
    0.10481016617268324
   ],
   [
    1250,
    0.09819452185183764
   ],
   [
    1375,
    0.09429265838116407
   ],
   [
    1500,
    0.09627696638926864
   ],
   [
    1625,
    0.08470212481915951
   ],
   [
    1750,
    0.08298732759431005
   ],
   [
    1875,
    0.08178099477663636
   ],
   [
    2000,
    0.07930574752390385
   ]
  ],
  "family": "in-house",
  "blurb": "factored Adam, no momentum (minimum VRAM, regularizing)",
  "sig": "C128_N2000_s2_f1775030"
 },
 "Adakaon-bf16": {
  "te": 0.08031645650044084,
  "gap": 0.02165916352532804,
  "tr": 0.058657292975112796,
  "ms": 14.145446836948395,
  "bpp": 2.0320948518383757,
  "cgap": 0.017333170399069786,
  "cte": 0.07993586547672749,
  "lms": 2.98309326171875,
  "traj": [
   [
    125,
    0.13614767789840698
   ],
   [
    250,
    0.10720014153048396
   ],
   [
    375,
    0.10136173525825143
   ],
   [
    500,
    0.09818916022777557
   ],
   [
    625,
    0.09405530989170074
   ],
   [
    750,
    0.09374643070623279
   ],
   [
    875,
    0.10048989998176694
   ],
   [
    1000,
    0.09131867019459605
   ],
   [
    1125,
    0.0940018454566598
   ],
   [
    1250,
    0.09412003867328167
   ],
   [
    1375,
    0.08887642435729504
   ],
   [
    1500,
    0.08885508915409446
   ],
   [
    1625,
    0.08054102212190628
   ],
   [
    1750,
    0.08033588388934731
   ],
   [
    1875,
    0.0811282442882657
   ],
   [
    2000,
    0.08031645650044084
   ]
  ],
  "family": "in-house",
  "blurb": "factored Adam, bf16 momentum (AdamW-quality, low memory)",
  "sig": "C128_N2000_s2_f1775030"
 },
 "Lion": {
  "te": 0.07914138212800026,
  "gap": 0.013041562866419554,
  "tr": 0.0660998192615807,
  "ms": 13.691722691059113,
  "bpp": 2.0,
  "cgap": 0.006993734510615468,
  "cte": 0.08459317730739713,
  "lms": 2.8007030487060547,
  "traj": [
   [
    125,
    0.18722795601934195
   ],
   [
    250,
    0.1218003542162478
   ],
   [
    375,
    0.11827692110091448
   ],
   [
    500,
    0.10804960923269391
   ],
   [
    625,
    0.10338686034083366
   ],
   [
    750,
    0.09834495233371854
   ],
   [
    875,
    0.1006162385456264
   ],
   [
    1000,
    0.09290289413183928
   ],
   [
    1125,
    0.09379751328378916
   ],
   [
    1250,
    0.0949383550323546
   ],
   [
    1375,
    0.0922958948649466
   ],
   [
    1500,
    0.09444655803963542
   ],
   [
    1625,
    0.08611047687008977
   ],
   [
    1750,
    0.08274802658706903
   ],
   [
    1875,
    0.07963308552280068
   ],
   [
    2000,
    0.07914138212800026
   ]
  ],
  "family": "published",
  "blurb": "sign-momentum, no 2nd moment (lightest state)",
  "sig": "C128_N2000_s2_f1775030"
 },
 "AdaPNM": {
  "te": 0.08484062785282731,
  "gap": 0.006458296440541744,
  "tr": 0.07838233141228557,
  "ms": 14.613650858402252,
  "bpp": 4.032094851838376,
  "cgap": 0.00421839440241456,
  "cte": 0.09768953453749418,
  "lms": 4.906415939331055,
  "traj": [
   [
    125,
    0.1896679112687707
   ],
   [
    250,
    0.16041101422160864
   ],
   [
    375,
    0.15081101842224598
   ],
   [
    500,
    0.14251788752153516
   ],
   [
    625,
    0.14141250029206276
   ],
   [
    750,
    0.12281164480373263
   ],
   [
    875,
    0.11636001477017999
   ],
   [
    1000,
    0.11357799638062716
   ],
   [
    1125,
    0.11635704711079597
   ],
   [
    1250,
    0.11202015867456794
   ],
   [
    1375,
    0.10699057951569557
   ],
   [
    1500,
    0.11014638561755419
   ],
   [
    1625,
    0.09936039987951517
   ],
   [
    1750,
    0.091587052680552
   ],
   [
    1875,
    0.08764086244627833
   ],
   [
    2000,
    0.08484062785282731
   ]
  ],
  "family": "published",
  "blurb": "positive-negative momentum (best generalization / constant-LR)",
  "sig": "C128_N2000_s2_f1775030"
 },
 "AdaMuon": {
  "te": 0.07693164004012942,
  "gap": 0.019559557549655437,
  "tr": 0.057372082490473986,
  "ms": 17.043559312820435,
  "bpp": 1.0355921583940504,
  "cgap": 0.0183816640637815,
  "cte": 0.08035740535706282,
  "lms": 6.579160690307617,
  "traj": [
   [
    125,
    0.14266951475292444
   ],
   [
    250,
    0.11325579695403576
   ],
   [
    375,
    0.10531131783500314
   ],
   [
    500,
    0.10439467197284102
   ],
   [
    625,
    0.09708349639549851
   ],
   [
    750,
    0.09455756936222315
   ],
   [
    875,
    0.09574747271835804
   ],
   [
    1000,
    0.09392270026728511
   ],
   [
    1125,
    0.09083342459052801
   ],
   [
    1250,
    0.09173908131197095
   ],
   [
    1375,
    0.08858898235484958
   ],
   [
    1500,
    0.0899500953964889
   ],
   [
    1625,
    0.08128004427999258
   ],
   [
    1750,
    0.07860666839405894
   ],
   [
    1875,
    0.07918257778510451
   ],
   [
    2000,
    0.07693164004012942
   ]
  ],
  "family": "published",
  "blurb": "orthogonalized momentum + factored 2nd moment (convergence)",
  "sig": "C128_N2000_s2_f1775030"
 },
 "Muon": {
  "te": 0.07861506333574653,
  "gap": 0.020591018488630652,
  "tr": 0.058024044847115874,
  "ms": 17.10331964492798,
  "bpp": 2.0103619953674534,
  "cgap": 0.018026473466306925,
  "cte": 0.08250283915549517,
  "lms": 222.20873832702637,
  "traj": [
   [
    125,
    0.23672282695770264
   ],
   [
    250,
    0.13209111196920276
   ],
   [
    375,
    0.11359971016645432
   ],
   [
    500,
    0.10881156753748655
   ],
   [
    625,
    0.10428520338609815
   ],
   [
    750,
    0.10107232956215739
   ],
   [
    875,
    0.1000549653545022
   ],
   [
    1000,
    0.09883881453424692
   ],
   [
    1125,
    0.09801917895674706
   ],
   [
    1250,
    0.0972750848159194
   ],
   [
    1375,
    0.09092094749212265
   ],
   [
    1500,
    0.09313277201727033
   ],
   [
    1625,
    0.08430661680176854
   ],
   [
    1750,
    0.08144978014752269
   ],
   [
    1875,
    0.08017807872965932
   ],
   [
    2000,
    0.07861506333574653
   ]
  ],
  "family": "published",
  "blurb": "orthogonalized momentum + AdamW fallback (convergence ceiling)",
  "sig": "C128_N2000_s2_f1775030"
 }
}