{
 "Adakaon-nomom": {
  "te": 0.07949796691536903,
  "gap": 0.01693050330504775,
  "tr": 0.06256746361032128,
  "ms": 13.682126639476373,
  "bpp": 0.03209485183837559,
  "cgap": 0.0074051376432180405,
  "cte": 0.08963238727301359,
  "lms": 2.973318099975586,
  "traj": [
   [
    125,
    0.14673474337905645
   ],
   [
    250,
    0.11711308220401406
   ],
   [
    375,
    0.11265515396371484
   ],
   [
    500,
    0.11097822850570083
   ],
   [
    625,
    0.10128021379932761
   ],
   [
    750,
    0.09645773516967893
   ],
   [
    875,
    0.12144633196294308
   ],
   [
    1000,
    0.0946161593310535
   ],
   [
    1125,
    0.09525841567665339
   ],
   [
    1250,
    0.09170994209125638
   ],
   [
    1375,
    0.09137879498302937
   ],
   [
    1500,
    0.0894529982469976
   ],
   [
    1625,
    0.0834743301384151
   ],
   [
    1750,
    0.08224544860422611
   ],
   [
    1875,
    0.08012338681146502
   ],
   [
    2000,
    0.07949796691536903
   ]
  ],
  "family": "in-house",
  "blurb": "factored Adam, no momentum (minimum VRAM, regularizing)",
  "sig": "C128_N2000_s2_w10_f1775030"
 },
 "Adakaon-bf16": {
  "te": 0.074070795904845,
  "gap": 0.021267718635499477,
  "tr": 0.05280307726934552,
  "ms": 14.312972555208447,
  "bpp": 2.0320948518383757,
  "cgap": 0.015854163793846965,
  "cte": 0.07317598722875118,
  "lms": 3.5974979400634766,
  "traj": [
   [
    125,
    0.12280670087784529
   ],
   [
    250,
    0.10333389369770885
   ],
   [
    375,
    0.09703902760520577
   ],
   [
    500,
    0.09491116600111127
   ],
   [
    625,
    0.08858705451712012
   ],
   [
    750,
    0.0885302652604878
   ],
   [
    875,
    0.0926438421010971
   ],
   [
    1000,
    0.08564325328916311
   ],
   [
    1125,
    0.0868340115994215
   ],
   [
    1250,
    0.08445383375510573
   ],
   [
    1375,
    0.0837386935018003
   ],
   [
    1500,
    0.08205613074824214
   ],
   [
    1625,
    0.07591311540454626
   ],
   [
    1750,
    0.07533852383494377
   ],
   [
    1875,
    0.0743798497132957
   ],
   [
    2000,
    0.074070795904845
   ]
  ],
  "family": "in-house",
  "blurb": "factored Adam, bf16 momentum (AdamW-quality, low memory)",
  "sig": "C128_N2000_s2_w10_f1775030"
 },
 "Lion": {
  "te": 0.07678210409358144,
  "gap": 0.01435755891725421,
  "tr": 0.06242454517632723,
  "ms": 13.35335544605351,
  "bpp": 2.0,
  "cgap": 0.00842575216665864,
  "cte": 0.08060213970020413,
  "lms": 3.428220748901367,
  "traj": [
   [
    125,
    0.14613548293709755
   ],
   [
    250,
    0.11331105371937156
   ],
   [
    375,
    0.10652588168159127
   ],
   [
    500,
    0.10203831549733877
   ],
   [
    625,
    0.09723377786576748
   ],
   [
    750,
    0.09575051302090287
   ],
   [
    875,
    0.09676595032215118
   ],
   [
    1000,
    0.09214583272114396
   ],
   [
    1125,
    0.09194310195744038
   ],
   [
    1250,
    0.09093100903555751
   ],
   [
    1375,
    0.08896791096776724
   ],
   [
    1500,
    0.09136918652802706
   ],
   [
    1625,
    0.08659227890893817
   ],
   [
    1750,
    0.07987577700987458
   ],
   [
    1875,
    0.07826513145118952
   ],
   [
    2000,
    0.07678210409358144
   ]
  ],
  "family": "published",
  "blurb": "sign-momentum, no 2nd moment (lightest state)",
  "sig": "C128_N2000_s2_w10_f1775030"
 },
 "AdaPNM": {
  "te": 0.08169960370287299,
  "gap": 0.008533271728083491,
  "tr": 0.0731663319747895,
  "ms": 14.725201393491659,
  "bpp": 4.032094851838376,
  "cgap": 0.006843485403805971,
  "cte": 0.09767259424552321,
  "lms": 5.668163299560547,
  "traj": [
   [
    125,
    0.20572629570960999
   ],
   [
    250,
    0.14943466521799564
   ],
   [
    375,
    0.16336228512227535
   ],
   [
    500,
    0.13948033563792706
   ],
   [
    625,
    0.1283107935450971
   ],
   [
    750,
    0.11737752193585038
   ],
   [
    875,
    0.12633077939972281
   ],
   [
    1000,
    0.11145403701812029
   ],
   [
    1125,
    0.10838988795876503
   ],
   [
    1250,
    0.10890097543597221
   ],
   [
    1375,
    0.10202899063006043
   ],
   [
    1500,
    0.1060431175865233
   ],
   [
    1625,
    0.0927702421322465
   ],
   [
    1750,
    0.08902345271781087
   ],
   [
    1875,
    0.08399055758491158
   ],
   [
    2000,
    0.08169960370287299
   ]
  ],
  "family": "published",
  "blurb": "positive-negative momentum (best generalization / constant-LR)",
  "sig": "C128_N2000_s2_w10_f1775030"
 },
 "AdaMuon": {
  "te": 0.07796445209532976,
  "gap": 0.020316234789788723,
  "tr": 0.05764821730554104,
  "ms": 16.213851897560772,
  "bpp": 1.0355921583940504,
  "cgap": 0.018134857527911663,
  "cte": 0.08092513354495168,
  "lms": 6.612539291381836,
  "traj": [
   [
    125,
    0.1433437978848815
   ],
   [
    250,
    0.11192797450348735
   ],
   [
    375,
    0.1058767382055521
   ],
   [
    500,
    0.1025785282254219
   ],
   [
    625,
    0.096346540376544
   ],
   [
    750,
    0.09328747820109129
   ],
   [
    875,
    0.0955086681060493
   ],
   [
    1000,
    0.09354315511882305
   ],
   [
    1125,
    0.09199804533272982
   ],
   [
    1250,
    0.08979944372549653
   ],
   [
    1375,
    0.08843917958438396
   ],
   [
    1500,
    0.08989189798012376
   ],
   [
    1625,
    0.08171870512887836
   ],
   [
    1750,
    0.0796895856037736
   ],
   [
    1875,
    0.07884648581966758
   ],
   [
    2000,
    0.07796445209532976
   ]
  ],
  "family": "published",
  "blurb": "orthogonalized momentum + factored 2nd moment (convergence)",
  "sig": "C128_N2000_s2_w10_f1775030"
 },
 "torch.AdamW (fused)": {
  "te": 0.08047880232334137,
  "gap": 0.011409861501306295,
  "tr": 0.06906894082203507,
  "ms": 13.089928195704168,
  "bpp": 8.000065317134212,
  "cgap": 0.012399996165186167,
  "cte": 0.08389595756307244,
  "lms": 1.1453628540039062,
  "traj": [
   [
    125,
    0.19636850338429213
   ],
   [
    250,
    0.1519715702161193
   ],
   [
    375,
    0.12392049981281161
   ],
   [
    500,
    0.12252402259036899
   ],
   [
    625,
    0.11265922989696264
   ],
   [
    750,
    0.10444308072328568
   ],
   [
    875,
    0.11935466341674328
   ],
   [
    1000,
    0.10662320163100958
   ],
   [
    1125,
    0.10570021020248532
   ],
   [
    1250,
    0.10202137939631939
   ],
   [
    1375,
    0.09837880404666066
   ],
   [
    1500,
    0.09800564916804433
   ],
   [
    1625,
    0.09154699230566621
   ],
   [
    1750,
    0.0851213694550097
   ],
   [
    1875,
    0.08398989727720618
   ],
   [
    2000,
    0.08047880232334137
   ]
  ],
  "family": "reference",
  "blurb": "torch.optim.AdamW, fused kernel \u2014 the EXTERNAL reference (not a kaon optimizer)",
  "sig": "C128_N2000_s2_w10_f1775030"
 },
 "Adakaon-bf16-fused": {
  "te": 0.07323664054274559,
  "gap": 0.019414765294641256,
  "tr": 0.053821875248104334,
  "ms": 13.615356677740664,
  "bpp": 2.0320948518383757,
  "cgap": 0.015217395266517997,
  "cte": 0.07431875029578805,
  "lms": 0.2384185791015625,
  "traj": [
   [
    125,
    0.125020245090127
   ],
   [
    250,
    0.10260296380147338
   ],
   [
    375,
    0.09696409478783607
   ],
   [
    500,
    0.09542319597676396
   ],
   [
    625,
    0.08797628758475184
   ],
   [
    750,
    0.08650169521570206
   ],
   [
    875,
    0.0918212914839387
   ],
   [
    1000,
    0.0873419214040041
   ],
   [
    1125,
    0.08760809665545821
   ],
   [
    1250,
    0.08496974129229784
   ],
   [
    1375,
    0.08236591750755906
   ],
   [
    1500,
    0.08149862568825483
   ],
   [
    1625,
    0.07523485366255045
   ],
   [
    1750,
    0.0740922805853188
   ],
   [
    1875,
    0.07386563904583454
   ],
   [
    2000,
    0.07323664054274559
   ]
  ],
  "family": "in-house",
  "blurb": "Adakaon-bf16, Triton-fused step (same math; speed twin of Adakaon-bf16)",
  "sig": "C128_N2000_s2_w10_f1775030"
 },
 "AdaPNM-fused": {
  "te": 0.08204022841528058,
  "gap": 0.007739929249510169,
  "tr": 0.07430029916577041,
  "ms": 13.624948652545411,