{
 "Adakaon-nomom": {
  "te": 0.07949796691536903,
  "gap": 0.01693050330504775,
  "tr": 0.06256746361032128,
  "ms": 13.639732778072357,
  "bpp": 0.03209485183837559,
  "cgap": 0.0074051376432180405,
  "cte": 0.08963238727301359,
  "lms": 3.065824508666992,
  "traj": [
   [
    125,
    0.14673474337905645
   ],
   [
    250,
    0.11711308220401406
   ],
   [
    375,
    0.11265515396371484
   ],
   [
    500,
    0.11097822850570083
   ],
   [
    625,
    0.10128021379932761
   ],
   [
    750,
    0.09645773516967893
   ],
   [
    875,
    0.12144633196294308
   ],
   [
    1000,
    0.0946161593310535
   ],
   [
    1125,
    0.09525841567665339
   ],
   [
    1250,
    0.09170994209125638
   ],
   [
    1375,
    0.09137879498302937
   ],
   [
    1500,
    0.0894529982469976
   ],
   [
    1625,
    0.0834743301384151
   ],
   [
    1750,
    0.08224544860422611
   ],
   [
    1875,
    0.08012338681146502
   ],
   [
    2000,
    0.07949796691536903
   ]
  ],
  "family": "in-house",
  "blurb": "factored Adam, no momentum (minimum VRAM, regularizing)",
  "sig": "C128_N2000_s2_f1775030"
 },
 "Adakaon-bf16": {
  "te": 0.074070795904845,
  "gap": 0.021267718635499477,
  "tr": 0.05280307726934552,
  "ms": 14.359510838985443,
  "bpp": 2.0320948518383757,
  "cgap": 0.015854163793846965,
  "cte": 0.07317598722875118,
  "lms": 3.683328628540039,
  "traj": [
   [
    125,
    0.12280670087784529
   ],
   [
    250,
    0.10333389369770885
   ],
   [
    375,
    0.09703902760520577
   ],
   [
    500,
    0.09491116600111127
   ],
   [
    625,
    0.08858705451712012
   ],
   [
    750,
    0.0885302652604878
   ],
   [
    875,
    0.0926438421010971
   ],
   [
    1000,
    0.08564325328916311
   ],
   [
    1125,
    0.0868340115994215
   ],
   [
    1250,
    0.08445383375510573
   ],
   [
    1375,
    0.0837386935018003
   ],
   [
    1500,
    0.08205613074824214
   ],
   [
    1625,
    0.07591311540454626
   ],
   [
    1750,
    0.07533852383494377
   ],
   [
    1875,
    0.0743798497132957
   ],
   [
    2000,
    0.074070795904845
   ]
  ],
  "family": "in-house",
  "blurb": "factored Adam, bf16 momentum (AdamW-quality, low memory)",
  "sig": "C128_N2000_s2_f1775030"
 },
 "Lion": {
  "te": 0.07678210409358144,
  "gap": 0.01435755891725421,
  "tr": 0.06242454517632723,
  "ms": 13.343606233596802,
  "bpp": 2.0,
  "cgap": 0.00842575216665864,
  "cte": 0.08060213970020413,
  "lms": 3.4809112548828125,
  "traj": [
   [
    125,
    0.14613548293709755
   ],
   [
    250,
    0.11331105371937156
   ],
   [
    375,
    0.10652588168159127
   ],
   [
    500,
    0.10203831549733877
   ],
   [
    625,
    0.09723377786576748
   ],
   [
    750,
    0.09575051302090287
   ],
   [
    875,
    0.09676595032215118
   ],
   [
    1000,
    0.09214583272114396
   ],
   [
    1125,
    0.09194310195744038
   ],
   [
    1250,
    0.09093100903555751
   ],
   [
    1375,
    0.08896791096776724
   ],
   [
    1500,
    0.09136918652802706
   ],
   [
    1625,
    0.08659227890893817
   ],
   [
    1750,
    0.07987577700987458
   ],
   [
    1875,
    0.07826513145118952
   ],
   [
    2000,
    0.07678210409358144
   ]
  ],
  "family": "published",
  "blurb": "sign-momentum, no 2nd moment (lightest state)",
  "sig": "C128_N2000_s2_f1775030"
 },
 "AdaPNM": {
  "te": 0.08190588653087616,
  "gap": 0.008495441637933254,
  "tr": 0.0734104448929429,
  "ms": 14.511216878890991,
  "bpp": 4.032094851838376,
  "cgap": 0.00685319397598505,
  "cte": 0.09154315246269107,
  "lms": 5.568504333496094,
  "traj": [
   [
    125,
    0.20468779653310776
   ],
   [
    250,
    0.14868772216141224
   ],
   [
    375,
    0.15538836363703012
   ],
   [
    500,
    0.14532642904669046
   ],
   [
    625,
    0.12527912389487028
   ],
   [
    750,
    0.1178480084054172
   ],
   [
    875,
    0.12656117230653763
   ],
   [
    1000,
    0.11347622936591506
   ],
   [
    1125,
    0.10937937954440713
   ],
   [
    1250,
    0.10772726545110345
   ],
   [
    1375,
    0.10765416733920574
   ],
   [
    1500,
    0.10225901193916798
   ],
   [
    1625,
    0.09884624229744077
   ],
   [
    1750,
    0.08842720137909055
   ],
   [
    1875,
    0.08407685719430447
   ],
   [
    2000,
    0.08190588653087616
   ]
  ],
  "family": "published",
  "blurb": "positive-negative momentum (best generalization / constant-LR)",
  "sig": "C128_N2000_s2_f1775030"
 },
 "AdaMuon": {
  "te": 0.07796445209532976,
  "gap": 0.020316234789788723,
  "tr": 0.05764821730554104,
  "ms": 16.276827454566956,
  "bpp": 1.0355921583940504,
  "cgap": 0.018134857527911663,
  "cte": 0.08092513354495168,
  "lms": 6.632089614868164,
  "traj": [
   [
    125,
    0.1433437978848815
   ],
   [
    250,
    0.11192797450348735
   ],
   [
    375,
    0.1058767382055521
   ],
   [
    500,
    0.1025785282254219
   ],
   [
    625,
    0.096346540376544
   ],
   [
    750,
    0.09328747820109129
   ],
   [
    875,
    0.0955086681060493
   ],
   [
    1000,
    0.09354315511882305
   ],
   [
    1125,
    0.09199804533272982
   ],
   [
    1250,
    0.08979944372549653
   ],
   [
    1375,
    0.08843917958438396
   ],
   [
    1500,
    0.08989189798012376
   ],
   [
    1625,
    0.08171870512887836
   ],
   [
    1750,
    0.0796895856037736
   ],
   [
    1875,
    0.07884648581966758
   ],
   [
    2000,
    0.07796445209532976
   ]
  ],
  "family": "published",
  "blurb": "orthogonalized momentum + factored 2nd moment (convergence)",
  "sig": "C128_N2000_s2_f1775030"
 },
 "torch.AdamW (fused)": {
  "te": 0.07987800380215049,
  "gap": 0.010306463344022632,
  "tr": 0.06957154045812786,
  "ms": 12.739154517650604,
  "bpp": 8.000065317134212,
  "cgap": 0.010807456448674202,
  "cte": 0.08143350668251514,
  "lms": 0.8831024169921875,
  "traj": [
   [
    125,
    0.1932399794459343
   ],
   [
    250,
    0.1544142048805952
   ],
   [
    375,
    0.127020503859967
   ],
   [
    500,
    0.12101906118914485
   ],
   [
    625,
    0.11227800138294697
   ],
   [
    750,
    0.10552911693230271
   ],
   [
    875,
    0.11427493020892143
   ],
   [
    1000,
    0.10489514144137502
   ],
   [
    1125,
    0.10748368967324495
   ],
   [
    1250,
    0.10037632239982486
   ],
   [
    1375,
    0.09837092831730843
   ],
   [
    1500,
    0.09755714144557714
   ],
   [
    1625,
    0.09002082655206323
   ],
   [
    1750,
    0.08490168023854494
   ],
   [
    1875,
    0.08330440754070878
   ],
   [
    2000,
    0.07987800380215049
   ]
  ],
  "family": "reference",
  "blurb": "torch.optim.AdamW, fused kernel \u2014 the EXTERNAL reference (not a kaon optimizer)",
  "sig": "C128_N2000_s2_f1775030"
 },
 "AdaBelief": {
  "te": 0.0780025445856154,
  "gap": 0.015519486973062158,
  "tr": 0.06248305761255324,
  "ms": 14.031514585018158,
  "bpp": 2.0320948518383757,
  "cgap": 0.014293335378170013,
  "cte": 0.07869078731164336,
  "lms": 4.807949066162109,
  "traj": [
   [
    125,
    0.16781646013259888
   ],
   [
    250,
    0.13020385848358274
   ],
   [
    375,
    0.1130213993601501
   ],
   [
    500,
    0.10972921969369054
   ],
   [
    625,
    0.10191989177837968
   ],
   [
    750,
    0.09854356339201331
   ],
   [
    875,
    0.10816239984706044
   ],
   [
    1000,
    0.09572333702817559
   ],
   [
    1125,
    0.09632981708273292
   ],
   [
    1250,
    0.0921665458008647
   ],
   [
    1375,
    0.09173612343147397
   ],
   [
    1500,
    0.09060184098780155
   ],
   [
    1625,
    0.08344939723610878
   ],
   [
    1750,
    0.07983664283528924
   ],
   [
    1875,
    0.07924435706809163
   ],
   [
    2000,
    0.0780025445856154
   ]
  ],
  "family": "published",
  "blurb": "Adam on the variance of (g-m) \u2014 belief in the gradient (light, generalizing)",
  "sig": "C128_N2000_s2_f1775030"
 },
 "ScheduleFree": {
  "te": 0.07629803661257029,
  "gap": 0.0185301979072392,
  "tr": 0.05776783870533109,
  "ms": 14.228582322597504,
  "bpp": 2.0320948518383757,