{
 "Adakaon-nomom": {
  "te": 0.07963859336450696,
  "gap": 0.01703064516186714,
  "tr": 0.06260794820263982,
  "ms": 13.354811012744904,
  "bpp": 0.03209485183837559,
  "cgap": 0.007484614383429289,
  "cte": 0.08327446691691875,
  "lms": 2.9594898223876953,
  "traj": [
   [
    125,
    0.15260593593120575
   ],
   [
    250,
    0.11673967447131872
   ],
   [
    375,
    0.11312722647562623
   ],
   [
    500,
    0.11179037299007177
   ],
   [
    625,
    0.10031080711632967
   ],
   [
    750,
    0.09582822257652879
   ],
   [
    875,
    0.1176720135845244
   ],
   [
    1000,
    0.09577156789600849
   ],
   [
    1125,
    0.09527868777513504
   ],
   [
    1250,
    0.09036806551739573
   ],
   [
    1375,
    0.09153918316587806
   ],
   [
    1500,
    0.08965151244774461
   ],
   [
    1625,
    0.08354915399104357
   ],
   [
    1750,
    0.08226005779579282
   ],
   [
    1875,
    0.0799504891037941
   ],
   [
    2000,
    0.07963859336450696
   ]
  ],
  "family": "in-house",
  "blurb": "factored Adam, no momentum (minimum VRAM, regularizing)",
  "sig": "C128_N2000_s2_f1775030"
 },
 "Adakaon-bf16": {
  "te": 0.07330574560910463,
  "gap": 0.02035541762597859,
  "tr": 0.052950327983126044,
  "ms": 14.757021009922028,
  "bpp": 2.0320948518383757,
  "cgap": 0.016778830671682954,
  "cte": 0.07430671714246273,
  "lms": 3.5355091094970703,
  "traj": [
   [
    125,
    0.122582349460572
   ],
   [
    250,
    0.10332813858985901
   ],
   [
    375,
    0.09729203628376126
   ],
   [
    500,
    0.09495373908430338
   ],
   [
    625,
    0.08859459683299065
   ],
   [
    750,
    0.08854043995961547
   ],
   [
    875,
    0.09078946337103844
   ],
   [
    1000,
    0.08456052234396338
   ],
   [
    1125,
    0.08682610793039203
   ],
   [
    1250,
    0.08408454293385148
   ],
   [
    1375,
    0.08340975549072027
   ],
   [
    1500,
    0.08120673429220915
   ],
   [
    1625,
    0.07586265774443746
   ],
   [
    1750,
    0.074037064332515
   ],
   [
    1875,
    0.07424797909334302
   ],
   [
    2000,
    0.07330574560910463
   ]
  ],
  "family": "in-house",
  "blurb": "factored Adam, bf16 momentum (AdamW-quality, low memory)",
  "sig": "C128_N2000_s2_f1775030"
 },
 "Lion": {
  "te": 0.07655530609190464,
  "gap": 0.014202508376911283,
  "tr": 0.06235279771499336,
  "ms": 13.384270548820496,
  "bpp": 2.0,
  "cgap": 0.008979847887530923,
  "cte": 0.08124570595100522,
  "lms": 3.3228397369384766,
  "traj": [
   [
    125,
    0.14667907543480396
   ],
   [
    250,
    0.11494483333081007
   ],
   [
    375,
    0.10587641410529613
   ],
   [
    500,
    0.10239952569827437
   ],
   [
    625,
    0.09806142281740904
   ],
   [
    750,
    0.09565785015001893
   ],
   [
    875,
    0.0964775187894702
   ],
   [
    1000,
    0.09220435796305537
   ],
   [
    1125,
    0.0926037379540503
   ],
   [
    1250,
    0.09053619997575879
   ],
   [
    1375,
    0.08861206006258726
   ],
   [
    1500,
    0.09046176029369235
   ],
   [
    1625,
    0.08429611660540104
   ],
   [
    1750,
    0.0791009902022779
   ],
   [
    1875,
    0.07781598344445229
   ],
   [
    2000,
    0.07655530609190464
   ]
  ],
  "family": "published",
  "blurb": "sign-momentum, no 2nd moment (lightest state)",
  "sig": "C128_N2000_s2_f1775030"
 },
 "AdaPNM": {
  "te": 0.08133149472996593,
  "gap": 0.007862419821321964,
  "tr": 0.07346907490864396,
  "ms": 14.513942658901215,
  "bpp": 4.032094851838376,
  "cgap": 0.006336945807561278,
  "cte": 0.08874004799872637,
  "lms": 5.382299423217773,
  "traj": [
   [
    125,
    0.18075187504291534
   ],
   [
    250,
    0.16203220281749964
   ],
   [
    375,
    0.1527509717270732
   ],
   [
    500,
    0.1417453014291823
   ],
   [
    625,
    0.13486379897221923
   ],
   [
    750,
    0.11741292709484696
   ],
   [
    875,
    0.12747235922142863
   ],
   [
    1000,
    0.1126766218803823
   ],
   [
    1125,
    0.10943003604188561
   ],
   [
    1250,
    0.10554549330845475
   ],
   [
    1375,
    0.1041960590519011
   ],
   [
    1500,
    0.10226527042686939
   ],
   [
    1625,
    0.09383201180025935
   ],
   [
    1750,
    0.08832755917683244
   ],
   [
    1875,
    0.0837094602175057
   ],
   [
    2000,
    0.08133149472996593
   ]
  ],
  "family": "published",
  "blurb": "positive-negative momentum (best generalization / constant-LR)",
  "sig": "C128_N2000_s2_f1775030"
 },
 "AdaMuon": {
  "te": 0.07586088357493281,
  "gap": 0.01859899703413248,
  "tr": 0.05726188654080033,
  "ms": 16.934856593608856,
  "bpp": 1.0355921583940504,
  "cgap": 0.017479917965829372,
  "cte": 0.07897433079779148,
  "lms": 6.554365158081055,
  "traj": [
   [
    125,
    0.1414296729490161
   ],
   [
    250,
    0.11179902218282223
   ],
   [
    375,
    0.10826667584478855
   ],
   [
    500,
    0.10340118873864412
   ],
   [
    625,
    0.09663125313818455
   ],
   [
    750,
    0.09396057529374957
   ],
   [
    875,
    0.09570963820442557
   ],
   [
    1000,
    0.09286313224583864
   ],
   [
    1125,
    0.09162324294447899
   ],
   [
    1250,
    0.0913562779314816
   ],
   [
    1375,
    0.08777121407911181
   ],
   [
    1500,
    0.08909014519304037
   ],
   [
    1625,
    0.08092165412381291
   ],
   [
    1750,
    0.07802654849365354
   ],
   [
    1875,
    0.07777368882670999
   ],
   [
    2000,
    0.07586088357493281
   ]
  ],
  "family": "published",
  "blurb": "orthogonalized momentum + factored 2nd moment (convergence)",
  "sig": "C128_N2000_s2_f1775030"
 },
 "torch.AdamW (fused)": {
  "te": 0.07987800380215049,
  "gap": 0.010306463344022632,
  "tr": 0.06957154045812786,
  "ms": 12.739154517650604,
  "bpp": 8.000065317134212,
  "cgap": 0.010807456448674202,
  "cte": 0.08143350668251514,
  "lms": 0.8831024169921875,
  "traj": [
   [
    125,
    0.1932399794459343
   ],
   [
    250,
    0.1544142048805952
   ],
   [
    375,
    0.127020503859967
   ],
   [
    500,
    0.12101906118914485
   ],
   [
    625,
    0.11227800138294697
   ],
   [
    750,
    0.10552911693230271
   ],
   [
    875,
    0.11427493020892143
   ],
   [
    1000,
    0.10489514144137502
   ],
   [
    1125,
    0.10748368967324495
   ],
   [
    1250,
    0.10037632239982486
   ],
   [
    1375,
    0.09837092831730843
   ],
   [
    1500,
    0.09755714144557714
   ],
   [
    1625,
    0.09002082655206323
   ],
   [
    1750,
    0.08490168023854494
   ],
   [
    1875,
    0.08330440754070878
   ],
   [
    2000,
    0.07987800380215049
   ]
  ],
  "family": "reference",
  "blurb": "torch.optim.AdamW, fused kernel \u2014 the EXTERNAL reference (not a kaon optimizer)",
  "sig": "C128_N2000_s2_f1775030"
 },
 "AdaBelief": {
  "te": 0.07423530286177993,
  "gap": 0.024018008494749665,
  "tr": 0.05021729436703026,
  "ms": 14.692613959312439,
  "bpp": 2.0320948518383757,
  "cgap": 0.01785536715760827,
  "cte": 0.07236948702484369,
  "lms": 4.837512969970703,
  "traj": [
   [
    125,
    0.13564967457205057
   ],
   [
    250,
    0.11212386004626751
   ],
   [
    375,
    0.10289043001830578
   ],
   [
    500,
    0.09932410856708884
   ],
   [
    625,
    0.09115447709336877
   ],
   [
    750,
    0.09164395974949002
   ],
   [
    875,
    0.09087885031476617
   ],
   [
    1000,
    0.08726263185963035
   ],
   [
    1125,
    0.08655047602951527
   ],
   [
    1250,
    0.08366276882588863
   ],
   [
    1375,
    0.08213865896686912
   ],
   [
    1500,
    0.08101855730637908
   ],
   [
    1625,
    0.07669125124812126
   ],
   [
    1750,
    0.0753531870432198
   ],
   [
    1875,
    0.07521517341956496
   ],
   [
    2000,
    0.07423530286177993
   ]
  ],
  "family": "published",
  "blurb": "Adam on the variance of (g-m) \u2014 belief in the gradient (light, generalizing)",
  "sig": "C128_N2000_s2_f1775030"
 },
 "MARS": {
  "te": 0.07519937120378017,
  "gap": 0.015624799067154527,
  "tr": 0.05957457213662565,
  "ms": 14.780423760414124,
  "bpp": 4.032094851838376,